headword,CEFR,CEFR_numeric,word_length,syllable_count,POS,frequency,POS_adjective,POS_adverb,POS_noun,POS_unknown,POS_verb
a,A1,1,1,1,noun,7.36,0,0,1,0,0
a.m./A.M./am/AM,A1,1,15,4,unknown,4.03,0,0,0,1,0
abandon,B1,3,7,3,noun,4.02,0,0,1,0,0
abandoned,B2,4,9,4,verb,4.4,0,0,0,0,1
ability,A2,2,7,4,noun,4.96,0,0,1,0,0
able,B1,3,4,2,adjective,5.43,1,0,0,0,0
abnormal,B1,3,8,3,adjective,3.71,1,0,0,0,0
abnormally,B2,4,10,4,adverb,3.07,0,1,0,0,0
aboard,B1,3,6,2,adverb,4.14,0,1,0,0,0
abolish,B2,4,7,3,verb,3.48,0,0,0,0,1
aboriginal,B2,4,10,5,noun,3.78,0,0,1,0,0
aborigine,B1,3,9,5,noun,2.11,0,0,1,0,0
about,A1,1,5,2,adjective,6.4,1,0,0,0,0
above,B1,3,5,3,noun,5.2,0,0,1,0,0
above,A1,1,5,3,noun,5.2,0,0,1,0,0
abroad,A2,2,6,2,adjective,4.39,1,0,0,0,0
abruptly,B2,4,8,3,adverb,3.56,0,1,0,0,0
absence,B1,3,7,3,noun,4.34,0,0,1,0,0
absent,B1,3,6,2,verb,3.98,0,0,0,0,1
absentee,B2,4,8,3,noun,3.17,0,0,1,0,0
absolute,B1,3,8,4,noun,4.54,0,0,1,0,0
absolutely,B1,3,10,5,adverb,4.98,0,1,0,0,0
absorb,B1,3,6,2,verb,3.81,0,0,0,0,1
abstract,B1,3,8,2,noun,4.14,0,0,1,0,0
absurd,B2,4,6,2,noun,3.95,0,0,1,0,0
abundance,B1,3,9,4,noun,3.86,0,0,1,0,0
abundant,B1,3,8,3,adjective,3.77,1,0,0,0,0
abuse,B2,4,5,3,noun,4.66,0,0,1,0,0
academic,B1,3,8,4,noun,4.57,0,0,1,0,0
academy,B1,3,7,4,noun,4.57,0,0,1,0,0
accent,B1,3,6,2,noun,4.14,0,0,1,0,0
accept,A2,2,6,2,verb,4.85,0,0,0,0,1
acceptable,A2,2,10,4,adjective,4.27,1,0,0,0,0
acceptance,B1,3,10,4,noun,4.16,0,0,1,0,0
access,B1,3,6,2,noun,5.05,0,0,1,0,0
access,B2,4,6,2,noun,5.05,0,0,1,0,0
accessibility,B2,4,13,6,noun,3.51,0,0,1,0,0
accessible,B1,3,10,4,adjective,4.18,1,0,0,0,0
accessory,B1,3,9,4,noun,3.63,0,0,1,0,0
accident,A2,2,8,3,noun,4.71,0,0,1,0,0
accidental,B1,3,10,4,noun,3.82,0,0,1,0,0
accidentally,B1,3,12,5,adverb,4.22,0,1,0,0,0
accommodation,B2,4,13,5,noun,4.06,0,0,1,0,0
accompany,B1,3,9,4,verb,3.81,0,0,0,0,1
accomplish,B1,3,10,3,verb,4.05,0,0,0,0,1
according to,B1,3,12,4,unknown,5.28,0,0,0,1,0
accordingly,B2,4,11,4,adverb,4.02,0,1,0,0,0
account,A2,2,7,2,noun,5.21,0,0,1,0,0
account,B1,3,7,2,noun,5.21,0,0,1,0,0
accountant,B1,3,10,3,noun,3.76,0,0,1,0,0
accumulate,B2,4,10,5,verb,3.48,0,0,0,0,1
accuracy,B1,3,8,4,noun,4.24,0,0,1,0,0
accurate,B1,3,8,4,adjective,4.57,1,0,0,0,0
accurately,B1,3,10,5,adverb,3.99,0,1,0,0,0
accusation,B2,4,10,4,noun,3.6,0,0,1,0,0
accuse,B1,3,6,3,verb,3.71,0,0,0,0,1
accustom,B1,3,8,3,verb,2.06,0,0,0,0,1
ache,B1,3,4,1,noun,3.43,0,0,1,0,0
ache,B2,4,4,1,noun,3.43,0,0,1,0,0
achievable,B2,4,10,4,adjective,3.21,1,0,0,0,0
achieve,A2,2,7,3,verb,4.57,0,0,0,0,1
achievement,B1,3,11,4,noun,4.36,0,0,1,0,0
acid,B2,4,4,2,noun,4.45,0,0,1,0,0
acknowledge,B1,3,11,4,verb,4.18,0,0,0,0,1
acknowledgment/acknowledgement,B1,3,30,9,unknown,2.9,0,0,0,1,0
acquaintance,B1,3,12,4,noun,3.55,0,0,1,0,0
acquire,B1,3,7,3,verb,4.13,0,0,0,0,1
acquisition,B2,4,11,4,noun,4.26,0,0,1,0,0
across,A2,2,6,2,adverb,5.25,0,1,0,0,0
act,A2,2,3,1,noun,5.3,0,0,1,0,0
act,B1,3,3,1,noun,5.3,0,0,1,0,0
action,A1,1,6,2,noun,5.25,0,0,1,0,0
active,B1,3,6,3,noun,4.93,0,0,1,0,0
actively,B2,4,8,4,adverb,4.23,0,1,0,0,0
activity,A1,1,8,4,noun,4.86,0,0,1,0,0
actor,A1,1,5,2,noun,4.65,0,0,1,0,0
actress,B1,3,7,2,noun,4.45,0,0,1,0,0
actual,B2,4,6,2,adjective,4.85,1,0,0,0,0
actually,A2,2,8,3,adverb,5.49,0,1,0,0,0
acute,B2,4,5,3,noun,4.0,0,0,1,0,0
ad,B1,3,2,1,noun,4.76,0,0,1,0,0
adapt,B1,3,5,2,verb,3.98,0,0,0,0,1
adaptable,B2,4,9,4,adjective,3.12,1,0,0,0,0
add,A1,1,3,1,noun,5.09,0,0,1,0,0
addict,B2,4,6,2,noun,3.68,0,0,1,0,0
addicted,B2,4,8,3,verb,3.82,0,0,0,0,1
addiction,B2,4,9,3,noun,4.14,0,0,1,0,0
addition,A2,2,8,3,noun,5.01,0,0,1,0,0
additional,A2,2,10,4,adjective,4.98,1,0,0,0,0
additionally,B2,4,12,5,adverb,4.2,0,1,0,0,0
address,A1,1,7,2,noun,4.91,0,0,1,0,0
address,B1,3,7,2,noun,4.91,0,0,1,0,0
addressee,B1,3,9,3,noun,2.34,0,0,1,0,0
adequate,B2,4,8,4,adjective,4.05,1,0,0,0,0
adequately,B2,4,10,5,adverb,3.64,0,1,0,0,0
adjective,A2,2,9,4,noun,3.34,0,0,1,0,0
adjust,A2,2,6,2,verb,4.07,0,0,0,0,1
adjustment,B2,4,10,3,noun,3.88,0,0,1,0,0
administration,B1,3,14,5,noun,4.93,0,0,1,0,0
administrative,B2,4,14,6,adjective,4.45,1,0,0,0,0
admirable,B2,4,9,4,adjective,3.48,1,0,0,0,0
admiration,B1,3,10,4,noun,3.59,0,0,1,0,0
admire,A2,2,6,3,verb,3.97,0,0,0,0,1
admiringly,B2,4,10,4,adverb,2.05,0,1,0,0,0
admission,B1,3,9,3,noun,4.15,0,0,1,0,0
admit,A2,2,5,2,verb,4.58,0,0,0,0,1
admittedly,B2,4,10,4,adverb,3.54,0,1,0,0,0
adopt,B1,3,5,2,verb,4.19,0,0,0,0,1
adopted,B2,4,7,3,verb,4.51,0,0,0,0,1
adoption,B2,4,8,3,noun,4.17,0,0,1,0,0
adorable,B1,3,8,4,adjective,4.06,1,0,0,0,0
adore,B2,4,5,3,verb,3.7,0,0,0,0,1
adorn,B2,4,5,2,verb,3.01,0,0,0,0,1
adult,A2,2,5,2,noun,4.8,0,0,1,0,0
advance,B2,4,7,3,noun,4.65,0,0,1,0,0
advance,B1,3,7,3,noun,4.65,0,0,1,0,0
advanced,A2,2,8,3,verb,4.71,0,0,0,0,1
advancement,B2,4,11,4,noun,3.81,0,0,1,0,0
advantage,A2,2,9,4,noun,4.78,0,0,1,0,0
advent,B2,4,6,2,noun,3.67,0,0,1,0,0
adventure,A2,2,9,4,noun,4.46,0,0,1,0,0
adventurous,B2,4,11,4,adjective,3.48,1,0,0,0,0
adverb,B1,3,6,2,noun,2.55,0,0,1,0,0
adverbial,B1,3,9,3,noun,2.13,0,0,1,0,0
adverse,B2,4,7,3,adjective,3.89,1,0,0,0,0
adversely,B2,4,9,4,adverb,3.27,0,1,0,0,0
adversity,B2,4,9,4,noun,3.38,0,0,1,0,0
advert,B1,3,6,2,noun,3.46,0,0,1,0,0
advertise,B1,3,9,4,verb,3.66,0,0,0,0,1
advertisement,A2,2,13,5,noun,3.84,0,0,1,0,0
advertising,A2,2,11,4,noun,4.54,0,0,1,0,0
advice,A2,2,6,3,noun,4.88,0,0,1,0,0
advise,A2,2,6,3,verb,4.09,0,0,0,0,1
adviser/advisor,B1,3,15,6,unknown,3.67,0,0,0,1,0
aerobics,B1,3,8,3,noun,2.75,0,0,1,0,0
affair,A2,2,6,2,noun,4.3,0,0,1,0,0
affect,B1,3,6,2,noun,4.59,0,0,1,0,0
affection,B1,3,9,3,noun,3.92,0,0,1,0,0
affectionate,B2,4,12,5,adjective,3.35,1,0,0,0,0
affectionately,B2,4,14,6,adverb,3.11,0,1,0,0,0
afford,B1,3,6,2,verb,4.57,0,0,0,0,1
affordable,B2,4,10,4,adjective,4.22,1,0,0,0,0
afraid,A1,1,6,2,adjective,4.7,1,0,0,0,0
after,A2,2,5,2,adjective,6.11,1,0,0,0,0
after,B1,3,5,2,adjective,6.11,1,0,0,0,0
after,A1,1,5,2,adjective,6.11,1,0,0,0,0
afternoon,A1,1,9,3,noun,4.72,0,0,1,0,0
afterward,B1,3,9,3,adverb,3.83,0,1,0,0,0
afterwards,B1,3,10,3,adverb,4.42,0,1,0,0,0
again,A1,1,5,2,adverb,5.7,0,1,0,0,0
against,A2,2,7,2,unknown,5.68,0,0,0,1,0
age,A1,1,3,2,noun,5.32,0,0,1,0,0
aged,A2,2,4,2,noun,4.5,0,0,1,0,0
ageless,B2,4,7,3,adjective,2.69,1,0,0,0,0
agency,A2,2,6,3,noun,4.87,0,0,1,0,0
agenda,B1,3,6,3,noun,4.3,0,0,1,0,0
agent,A2,2,5,2,noun,4.81,0,0,1,0,0
aggressive,B1,3,10,4,adjective,4.32,1,0,0,0,0
aggressively,B2,4,12,5,adverb,3.63,0,1,0,0,0
ago,A1,1,3,2,adjective,5.42,1,0,0,0,0
agonize/agonise,B2,4,15,8,unknown,1.35,0,0,0,1,0
agony,B2,4,5,3,noun,3.6,0,0,1,0,0
agree,A1,1,5,2,verb,4.97,0,0,0,0,1
agreement,B1,3,9,3,noun,4.88,0,0,1,0,0
agricultural,B1,3,12,5,adjective,4.34,1,0,0,0,0
agriculture,B1,3,11,5,noun,4.37,0,0,1,0,0
ahead,A2,2,5,2,adjective,5.01,1,0,0,0,0
aid,B1,3,3,1,noun,4.75,0,0,1,0,0
aim,B1,3,3,1,noun,4.51,0,0,1,0,0
aim,B2,4,3,1,noun,4.51,0,0,1,0,0
air,A2,2,3,1,noun,5.37,0,0,1,0,0
air conditioning,B1,3,16,5,unknown,3.88,0,0,0,1,0
air force,B1,3,9,3,unknown,4.99,0,0,0,1,0
aircraft,B2,4,8,2,noun,4.64,0,0,1,0,0
aircrew,B2,4,7,2,noun,2.5,0,0,1,0,0
airline,B1,3,7,3,noun,4.04,0,0,1,0,0
airplane/aeroplane,A1,1,18,7,unknown,3.11,0,0,0,1,0
airport,A1,1,7,2,noun,4.84,0,0,1,0,0
aisle,A2,2,5,2,noun,3.72,0,0,1,0,0
alarm,A2,2,5,2,noun,4.28,0,0,1,0,0
alarm,B1,3,5,2,noun,4.28,0,0,1,0,0
alarm clock,A2,2,11,3,unknown,4.05,0,0,0,1,0
album,A1,1,5,2,noun,5.02,0,0,1,0,0
alcohol,B1,3,7,3,noun,4.61,0,0,1,0,0
alcoholic,B1,3,9,4,noun,3.91,0,0,1,0,0
alcoholic,B2,4,9,4,noun,3.91,0,0,1,0,0
alcoholism,B2,4,10,4,noun,3.45,0,0,1,0,0
alert,B2,4,5,2,noun,4.33,0,0,1,0,0
alike,B1,3,5,3,adjective,4.13,1,0,0,0,0
alive,A2,2,5,3,adjective,4.76,1,0,0,0,0
all,A2,2,3,1,adjective,6.52,1,0,0,0,0
all,A1,1,3,1,adjective,6.52,1,0,0,0,0
all right,A1,1,9,2,unknown,5.85,0,0,0,1,0
allegation,B2,4,10,4,noun,3.5,0,0,1,0,0
allergic,B1,3,8,3,adjective,3.78,1,0,0,0,0
alliance,B2,4,8,3,noun,4.4,0,0,1,0,0
allow,A2,2,5,2,verb,5.01,0,0,0,0,1
allowance,B1,3,9,4,noun,3.85,0,0,1,0,0
ally,B2,4,4,2,noun,4.1,0,0,1,0,0
almost,A1,1,6,2,adverb,5.39,0,1,0,0,0
alone,A2,2,5,3,adjective,5.16,1,0,0,0,0
alone,A1,1,5,3,adjective,5.16,1,0,0,0,0
along,A1,1,5,2,adverb,5.38,0,1,0,0,0
along,A2,2,5,2,adverb,5.38,0,1,0,0,0
alongside,B2,4,9,4,adverb,4.45,0,1,0,0,0
aloud,B1,3,5,2,adverb,3.51,0,1,0,0,0
alphabet,B1,3,8,3,noun,3.7,0,0,1,0,0
alphabetical,B2,4,12,5,adjective,3.22,1,0,0,0,0
already,A1,1,7,3,adverb,5.55,0,1,0,0,0
alright,A2,2,7,2,adjective,4.42,1,0,0,0,0
also,A1,1,4,2,adverb,6.19,0,1,0,0,0
altar,B2,4,5,2,noun,3.8,0,0,1,0,0
alter,B2,4,5,2,verb,4.05,0,0,0,0,1
alternate,B2,4,9,4,noun,4.11,0,0,1,0,0
alternative,B1,3,11,5,noun,4.71,0,0,1,0,0
alternatively,B2,4,13,6,adverb,3.81,0,1,0,0,0
although,A2,2,8,2,unknown,5.3,0,0,0,1,0
altitude,B2,4,8,4,noun,3.92,0,0,1,0,0
altogether,B1,3,10,4,noun,4.07,0,0,1,0,0
aluminum/aluminium,B2,4,18,8,unknown,3.55,0,0,0,1,0
always,A1,1,6,2,adverb,5.76,0,1,0,0,0
am,A1,1,2,1,noun,5.78,0,0,1,0,0
amaze,B2,4,5,3,verb,3.19,0,0,0,0,1
amazed,B1,3,6,3,verb,3.91,0,0,0,0,1
amazement,B2,4,9,4,noun,3.0,0,0,1,0,0
amazing,B1,3,7,3,verb,5.1,0,0,0,0,1
amazingly,B2,4,9,4,adverb,3.64,0,1,0,0,0
ambassador,B2,4,10,4,noun,4.35,0,0,1,0,0
ambiguity,B2,4,9,4,noun,3.37,0,0,1,0,0
ambiguous,B2,4,9,3,adjective,3.57,1,0,0,0,0
ambition,A2,2,8,3,noun,3.91,0,0,1,0,0
ambitious,B1,3,9,3,adjective,3.95,1,0,0,0,0
ambulance,B1,3,9,4,noun,4.06,0,0,1,0,0
ammonia,B2,4,7,3,noun,3.36,0,0,1,0,0
among,A2,2,5,2,unknown,5.31,0,0,0,1,0
amongst,B2,4,7,2,unknown,4.31,0,0,0,1,0
amount,B1,3,6,2,noun,5.13,0,0,1,0,0
ample,B2,4,5,2,adjective,3.71,1,0,0,0,0
amplifier,B2,4,9,3,noun,3.45,0,0,1,0,0
amplify,B2,4,7,3,verb,3.16,0,0,0,0,1
amuse,B2,4,5,3,verb,3.12,0,0,0,0,1
amused,A2,2,6,3,verb,3.53,0,0,0,0,1
amusement,A2,2,9,4,noun,3.74,0,0,1,0,0
amusing,B1,3,7,3,verb,3.76,0,0,0,0,1
an,A1,1,2,1,noun,6.53,0,0,1,0,0
analogy,B2,4,7,4,noun,3.71,0,0,1,0,0
analysis,B1,3,8,4,noun,4.91,0,0,1,0,0
analyst,B2,4,7,3,noun,4.03,0,0,1,0,0
analyze/analyse,B1,3,15,8,unknown,3.32,0,0,0,1,0
ancestor,A2,2,8,3,noun,3.49,0,0,1,0,0
anchor,B2,4,6,2,noun,4.02,0,0,1,0,0
anchorage,B2,4,9,4,noun,3.42,0,0,1,0,0
anchorman,B2,4,9,3,noun,2.63,0,0,1,0,0
anchorperson,B2,4,12,4,noun,0.0,0,0,1,0,0
ancient,A2,2,7,2,noun,4.68,0,0,1,0,0
and,A1,1,3,1,unknown,7.41,0,0,0,1,0
angel,A2,2,5,2,noun,4.45,0,0,1,0,0
anger,B1,3,5,2,noun,4.42,0,0,1,0,0
angle,B1,3,5,2,noun,4.38,0,0,1,0,0
angrily,A2,2,7,3,adverb,3.34,0,1,0,0,0
angry,A1,1,5,2,adjective,4.66,1,0,0,0,0
anguish,B2,4,7,2,noun,3.37,0,0,1,0,0
animal,A1,1,6,3,noun,4.81,0,0,1,0,0
animate,B2,4,7,4,verb,3.14,0,0,0,0,1
animated,B1,3,8,4,verb,4.07,0,0,0,0,1
animation,B1,3,9,4,noun,4.18,0,0,1,0,0
ankle,A2,2,5,2,noun,3.97,0,0,1,0,0
anniversary,A2,2,11,5,noun,4.53,0,0,1,0,0
announce,B1,3,8,3,verb,4.26,0,0,0,0,1
announcement,B1,3,12,4,noun,4.31,0,0,1,0,0
annoy,A2,2,5,2,verb,3.46,0,0,0,0,1
annoyance,B1,3,9,3,noun,3.33,0,0,1,0,0
annoyed,B1,3,7,2,verb,3.95,0,0,0,0,1
annoying,A2,2,8,2,noun,4.4,0,0,1,0,0
annual,B1,3,6,2,noun,4.94,0,0,1,0,0
annually,B1,3,8,3,adverb,4.16,0,1,0,0,0
anonymous,B2,4,9,4,adjective,4.17,1,0,0,0,0
another,A1,1,7,3,adjective,5.74,1,0,0,0,0
another,A2,2,7,3,adjective,5.74,1,0,0,0,0
answer,A1,1,6,2,noun,5.17,0,0,1,0,0
ant,B1,3,3,1,noun,3.86,0,0,1,0,0
anti,B1,3,4,2,noun,5.01,0,0,1,0,0
antiaircraft,B2,4,12,3,noun,2.49,0,0,1,0,0
antibacterial,B2,4,13,5,noun,2.89,0,0,1,0,0
anticancer,B2,4,10,4,adjective,2.44,1,0,0,0,0
anticipate,B2,4,10,5,verb,3.73,0,0,0,0,1
anticipation,B2,4,12,5,noun,3.74,0,0,1,0,0
antipollution,B2,4,13,5,adjective,0.0,1,0,0,0,0
antique,B2,4,7,3,noun,3.86,0,0,1,0,0
antique,B1,3,7,3,noun,3.86,0,0,1,0,0
antistatic,B2,4,10,4,unknown,1.73,0,0,0,1,0
antivirus,B2,4,9,4,unknown,2.9,0,0,0,1,0
antonym,B1,3,7,3,noun,1.95,0,0,1,0,0
anxiety,B1,3,7,3,noun,4.45,0,0,1,0,0
anxious,A2,2,7,2,adjective,4.09,1,0,0,0,0
anxiously,B1,3,9,3,adverb,3.09,0,1,0,0,0
any,A1,1,3,2,adjective,6.07,1,0,0,0,0
anybody,A1,1,7,4,unknown,4.56,0,0,0,1,0
anyhow,B1,3,6,3,adverb,3.48,0,1,0,0,0
anymore,A2,2,7,4,adverb,4.94,0,1,0,0,0
anyone,A1,1,6,3,unknown,5.38,0,0,0,1,0
anything,A1,1,8,3,unknown,5.55,0,0,0,1,0
anyway,A2,2,6,3,adverb,4.91,0,1,0,0,0
anywhere,A2,2,8,4,adverb,4.71,0,1,0,0,0
apart,A2,2,5,2,adjective,4.78,1,0,0,0,0
apartment,A2,2,9,3,noun,4.65,0,0,1,0,0
ape,B1,3,3,2,noun,3.48,0,0,1,0,0
apologize/apologise,A2,2,19,10,unknown,3.54,0,0,0,1,0
apology,B1,3,7,4,noun,4.05,0,0,1,0,0
apostrophe,B2,4,10,4,noun,2.76,0,0,1,0,0
apparent,B1,3,8,3,adjective,4.32,1,0,0,0,0
apparently,A2,2,10,4,adverb,4.8,0,1,0,0,0
appeal,B1,3,6,2,noun,4.67,0,0,1,0,0
appeal,B2,4,6,2,noun,4.67,0,0,1,0,0
appear,A2,2,6,2,verb,4.85,0,0,0,0,1
appearance,A2,2,10,4,noun,4.69,0,0,1,0,0
appetite,B1,3,8,4,noun,3.87,0,0,1,0,0
applaud,B1,3,7,2,verb,3.46,0,0,0,0,1
applause,B1,3,8,3,noun,3.83,0,0,1,0,0
apple,A1,1,5,2,noun,4.76,0,0,1,0,0
applicant,B2,4,9,3,noun,3.64,0,0,1,0,0
application,B1,3,11,4,noun,4.86,0,0,1,0,0
apply,A2,2,5,2,verb,4.81,0,0,0,0,1
appoint,B1,3,7,2,verb,3.7,0,0,0,0,1
appointment,A2,2,11,3,noun,4.49,0,0,1,0,0
appreciate,A2,2,10,4,verb,4.74,0,0,0,0,1
appreciation,B1,3,12,4,noun,4.12,0,0,1,0,0
appreciative,B2,4,12,5,adjective,3.24,1,0,0,0,0
approach,B1,3,8,2,noun,4.93,0,0,1,0,0
approach,B2,4,8,2,noun,4.93,0,0,1,0,0
appropriate,A2,2,11,4,verb,4.67,0,0,0,0,1
appropriately,B2,4,13,5,adverb,3.74,0,1,0,0,0
approval,B1,3,8,3,noun,4.5,0,0,1,0,0
approve,B1,3,7,3,verb,4.08,0,0,0,0,1
approximate,B2,4,11,5,verb,3.64,0,0,0,0,1
approximately,B1,3,13,6,adverb,4.64,0,1,0,0,0
April,A1,1,5,2,noun,5.19,0,0,1,0,0
apron,A1,1,5,2,noun,3.36,0,0,1,0,0
arch,B2,4,4,1,noun,4.02,0,0,1,0,0
archaeologist/archeologist,B2,4,26,8,unknown,2.34,0,0,0,1,0
architect,B1,3,9,3,noun,4.08,0,0,1,0,0
architecture,A2,2,12,5,noun,4.42,0,0,1,0,0
arctic,B2,4,6,2,noun,4.03,0,0,1,0,0
are,A1,1,3,2,noun,6.74,0,0,1,0,0
area,A2,2,4,2,noun,5.46,0,0,1,0,0
arena,B2,4,5,3,noun,4.33,0,0,1,0,0
argue,A2,2,5,2,verb,4.46,0,0,0,0,1
argument,A2,2,8,3,noun,4.64,0,0,1,0,0
arise,B1,3,5,3,verb,3.93,0,0,0,0,1
aristocracy,B2,4,11,5,noun,3.21,0,0,1,0,0
arithmetic,B1,3,10,4,noun,3.4,0,0,1,0,0
arm,A1,1,3,1,noun,4.73,0,0,1,0,0
arm,B1,3,3,1,noun,4.73,0,0,1,0,0
armchair,A2,2,8,2,noun,3.21,0,0,1,0,0
armed,A2,2,5,2,verb,4.59,0,0,0,0,1
armful,B2,4,6,2,noun,1.98,0,0,1,0,0
army,B1,3,4,2,noun,5.06,0,0,1,0,0
around,A2,2,6,2,adverb,5.77,0,1,0,0,0
around,A1,1,6,2,adverb,5.77,0,1,0,0,0
arouse,B2,4,6,3,verb,2.9,0,0,0,0,1
arrange,B1,3,7,3,verb,4.0,0,0,0,0,1
arrangement,B1,3,11,4,noun,4.25,0,0,1,0,0
arrest,B1,3,6,2,noun,4.55,0,0,1,0,0
arrival,B1,3,7,3,noun,4.44,0,0,1,0,0
arrive,A1,1,6,3,verb,4.38,0,0,0,0,1
arrogant,B2,4,8,3,adjective,3.74,1,0,0,0,0
arrow,B1,3,5,2,noun,4.13,0,0,1,0,0
art,A1,1,3,1,noun,5.29,0,0,1,0,0
artery,B2,4,6,3,noun,3.65,0,0,1,0,0
article,A1,1,7,3,noun,5.09,0,0,1,0,0
articulate,B2,4,10,5,verb,3.54,0,0,0,0,1
artificial,A2,2,10,4,adjective,4.24,1,0,0,0,0
artificially,B2,4,12,5,adverb,3.44,0,1,0,0,0
artist,B1,3,6,2,noun,4.8,0,0,1,0,0
artistic,B1,3,8,3,adjective,4.17,1,0,0,0,0
artistry,B2,4,8,3,noun,3.12,0,0,1,0,0
as,A2,2,2,1,noun,6.77,0,0,1,0,0
as,A1,1,2,1,noun,6.77,0,0,1,0,0
ash,B2,4,3,1,noun,4.16,0,0,1,0,0
ashamed,B1,3,7,3,adjective,4.06,1,0,0,0,0
aside,B1,3,5,3,noun,4.59,0,0,1,0,0
ask,A1,1,3,1,verb,5.34,0,0,0,0,1
asleep,A2,2,6,2,adjective,4.36,1,0,0,0,0
aspect,B1,3,6,2,noun,4.41,0,0,1,0,0
aspiration,B2,4,10,4,noun,3.3,0,0,1,0,0
aspire,B2,4,6,3,verb,3.47,0,0,0,0,1
aspirin,B1,3,7,3,noun,3.34,0,0,1,0,0
assault,B2,4,7,2,noun,4.44,0,0,1,0,0
assemble,B2,4,8,3,verb,3.64,0,0,0,0,1
assembly,B2,4,8,3,noun,4.61,0,0,1,0,0
assert,B2,4,6,2,verb,3.62,0,0,0,0,1
assess,B2,4,6,2,verb,4.07,0,0,0,0,1
assessment,B2,4,10,3,noun,4.46,0,0,1,0,0
assign,B1,3,6,2,verb,3.66,0,0,0,0,1
assignment,B1,3,10,3,noun,4.18,0,0,1,0,0
assist,B1,3,6,2,noun,4.42,0,0,1,0,0
assistance,B1,3,10,4,noun,4.59,0,0,1,0,0
assistant,A2,2,9,3,noun,4.72,0,0,1,0,0
assistant,B1,3,9,3,noun,4.72,0,0,1,0,0
associate,B1,3,9,4,noun,4.39,0,0,1,0,0
association,A2,2,11,4,noun,5.01,0,0,1,0,0
assume,B1,3,6,3,verb,4.57,0,0,0,0,1
assumption,B2,4,10,3,noun,4.07,0,0,1,0,0
assurance,B2,4,9,4,noun,3.81,0,0,1,0,0
assure,B2,4,6,3,verb,4.06,0,0,0,0,1
astonish,B2,4,8,3,verb,2.47,0,0,0,0,1
astonished,B2,4,10,4,verb,3.27,0,0,0,0,1
astonishing,B2,4,11,4,verb,3.67,0,0,0,0,1
astonishment,B2,4,12,4,noun,2.86,0,0,1,0,0
astronaut,A2,2,9,3,noun,3.6,0,0,1,0,0
astronomer,B1,3,10,4,noun,3.16,0,0,1,0,0
astronomy,B2,4,9,4,noun,3.63,0,0,1,0,0
at,A1,1,2,1,noun,6.7,0,0,1,0,0
athlete,A2,2,7,3,noun,4.11,0,0,1,0,0
athletic,B1,3,8,3,adjective,4.12,1,0,0,0,0
athletics,B2,4,9,3,noun,3.82,0,0,1,0,0
Atlantic,B1,3,8,3,noun,4.39,0,0,1,0,0
atmosphere,B1,3,10,4,noun,4.46,0,0,1,0,0
atom,A2,2,4,2,noun,3.72,0,0,1,0,0
atomic,B1,3,6,3,adjective,3.98,1,0,0,0,0
attach,B1,3,6,2,verb,3.75,0,0,0,0,1
attached,B2,4,8,3,verb,4.52,0,0,0,0,1
attachment,B1,3,10,3,noun,3.88,0,0,1,0,0
attack,A2,2,6,2,noun,5.09,0,0,1,0,0
attain,B1,3,6,2,verb,3.6,0,0,0,0,1
attainable,B2,4,10,4,adjective,3.1,1,0,0,0,0
attainment,B2,4,10,3,noun,3.15,0,0,1,0,0
attempt,A2,2,7,2,noun,4.85,0,0,1,0,0
attempt,B1,3,7,2,noun,4.85,0,0,1,0,0
attend,B1,3,6,2,verb,4.55,0,0,0,0,1
attendance,B2,4,10,4,noun,4.17,0,0,1,0,0
attention,A2,2,9,3,noun,5.11,0,0,1,0,0
attentive,B2,4,9,4,adjective,3.3,1,0,0,0,0
attentively,B2,4,11,5,adverb,2.51,0,1,0,0,0
attitude,A2,2,8,4,noun,4.58,0,0,1,0,0
attract,B1,3,7,2,verb,4.2,0,0,0,0,1
attraction,B1,3,10,3,noun,4.11,0,0,1,0,0
attractive,A2,2,10,4,adjective,4.53,1,0,0,0,0
attractiveness,B2,4,14,5,noun,3.25,0,0,1,0,0
attribute,B2,4,9,4,noun,3.77,0,0,1,0,0
atypical,B2,4,8,4,adjective,3.12,1,0,0,0,0
aubergine,B2,4,9,4,noun,2.41,0,0,1,0,0
audience,A2,2,8,3,noun,4.73,0,0,1,0,0
audio,A2,2,5,2,noun,4.47,0,0,1,0,0
audit,B2,4,5,2,noun,4.04,0,0,1,0,0
audition,B2,4,8,3,noun,3.77,0,0,1,0,0
August,A1,1,6,2,noun,5.1,0,0,1,0,0
aunt,A1,1,4,1,noun,4.16,0,0,1,0,0
author,A2,2,6,2,noun,4.95,0,0,1,0,0
authoritative,B2,4,13,6,adjective,3.4,1,0,0,0,0
authority,B1,3,9,4,noun,4.81,0,0,1,0,0
authorize/authorise,B2,4,19,8,unknown,2.69,0,0,0,1,0
automatic,A2,2,9,4,noun,4.36,0,0,1,0,0
automatically,A2,2,13,6,adverb,4.52,0,1,0,0,0
autumn,A1,1,6,2,noun,4.26,0,0,1,0,0
auxiliary,B1,3,9,4,noun,3.74,0,0,1,0,0
availability,B2,4,12,6,noun,4.13,0,0,1,0,0
available,B1,3,9,4,adjective,5.28,1,0,0,0,0
avenue,B1,3,6,3,noun,4.43,0,0,1,0,0
average,A2,2,7,4,noun,5.16,0,0,1,0,0
avoid,A2,2,5,2,verb,4.87,0,0,0,0,1
await,B2,4,5,2,verb,3.63,0,0,0,0,1
awake,A1,1,5,3,verb,4.14,0,0,0,0,1
award,A2,2,5,2,noun,4.88,0,0,1,0,0
award,B1,3,5,2,noun,4.88,0,0,1,0,0
aware,B1,3,5,3,adjective,4.78,1,0,0,0,0
awareness,B1,3,9,4,noun,4.44,0,0,1,0,0
away,A1,1,4,2,adjective,5.62,1,0,0,0,0
awe,B2,4,3,1,noun,3.8,0,0,1,0,0
awesome,B1,3,7,4,adjective,4.92,1,0,0,0,0
awful,A2,2,5,2,adjective,4.46,1,0,0,0,0
awkward,B1,3,7,2,adjective,4.29,1,0,0,0,0
ax/axe,B2,4,6,3,unknown,3.21,0,0,0,1,0
axis,B2,4,4,2,noun,4.02,0,0,1,0,0
baby,A1,1,4,2,noun,5.26,0,0,1,0,0
babysit,B1,3,7,3,unknown,3.03,0,0,0,1,0
babysitter,B1,3,10,4,noun,3.21,0,0,1,0,0
back,A2,2,4,1,noun,6.04,0,0,1,0,0
back,A1,1,4,1,noun,6.04,0,0,1,0,0
back,B1,3,4,1,noun,6.04,0,0,1,0,0
backache,B1,3,8,3,noun,2.22,0,0,1,0,0
background,A2,2,10,2,noun,4.77,0,0,1,0,0
backpack,B1,3,8,2,noun,3.78,0,0,1,0,0
backpacker,B1,3,10,3,noun,2.64,0,0,1,0,0
backpacking,B1,3,11,3,noun,3.0,0,0,1,0,0
backup,B2,4,6,2,noun,4.21,0,0,1,0,0
backward/backwards,B2,4,18,4,unknown,3.54,0,0,0,1,0
backyard,B2,4,8,2,noun,3.87,0,0,1,0,0
bacon,B1,3,5,2,noun,4.15,0,0,1,0,0
bad,A1,1,3,1,noun,5.53,0,0,1,0,0
badge,B2,4,5,2,noun,4.02,0,0,1,0,0
badly,A2,2,5,2,adverb,4.44,0,1,0,0,0
badminton,A2,2,9,3,noun,3.28,0,0,1,0,0
bad-tempered,B2,4,12,4,adjective,3.53,1,0,0,0,0
bag,A1,1,3,1,noun,4.79,0,0,1,0,0
baggage,B1,3,7,3,noun,3.74,0,0,1,0,0
bake,A2,2,4,1,verb,3.91,0,0,0,0,1
baker,B1,3,5,2,noun,4.23,0,0,1,0,0
bakery,B1,3,6,3,noun,3.67,0,0,1,0,0
balance,B1,3,7,3,noun,4.76,0,0,1,0,0
balance,B2,4,7,3,noun,4.76,0,0,1,0,0
balanced,B2,4,8,3,verb,4.18,0,0,0,0,1
balcony,A2,2,7,3,noun,3.78,0,0,1,0,0
bald,B1,3,4,1,verb,3.83,0,0,0,0,1
balky,B2,4,5,2,adjective,1.57,1,0,0,0,0
ball,A1,1,4,1,noun,5.04,0,0,1,0,0
ballad,B2,4,6,2,noun,3.42,0,0,1,0,0
ballet,B2,4,6,2,noun,3.95,0,0,1,0,0
balloon,A2,2,7,2,noun,3.9,0,0,1,0,0
ballot,B2,4,6,2,noun,4.06,0,0,1,0,0
ban,B2,4,3,1,noun,4.55,0,0,1,0,0
banana,A1,1,6,3,noun,4.0,0,0,1,0,0
band,A1,1,4,1,noun,4.92,0,0,1,0,0
bandage,B1,3,7,3,noun,3.24,0,0,1,0,0
bang,B1,3,4,1,noun,4.32,0,0,1,0,0
bank,A1,1,4,1,noun,5.16,0,0,1,0,0
bank,A2,2,4,1,noun,5.16,0,0,1,0,0
bank account,B1,3,12,3,unknown,4.88,0,0,0,1,0
banker,B2,4,6,2,noun,3.78,0,0,1,0,0
banking,A2,2,7,2,noun,4.35,0,0,1,0,0
bankrupt,B2,4,8,2,noun,3.73,0,0,1,0,0
bankruptcy,B2,4,10,3,noun,4.11,0,0,1,0,0
bar,A1,1,3,1,noun,4.94,0,0,1,0,0
bar,B1,3,3,1,noun,4.94,0,0,1,0,0
barbecue,A2,2,8,3,noun,3.62,0,0,1,0,0
barbecue,B1,3,8,3,noun,3.62,0,0,1,0,0
barber,A2,2,6,2,noun,3.81,0,0,1,0,0
barbershop,B2,4,10,3,noun,2.99,0,0,1,0,0
bare,B1,3,4,1,verb,4.18,0,0,0,0,1
bare,B2,4,4,1,verb,4.18,0,0,0,0,1
barely,B1,3,6,3,adverb,4.49,0,1,0,0,0
bargain,A2,2,7,2,noun,3.95,0,0,1,0,0
bargain,B2,4,7,2,noun,3.95,0,0,1,0,0
bark,B1,3,4,1,noun,3.85,0,0,1,0,0
bark,B2,4,4,1,noun,3.85,0,0,1,0,0
barley,B2,4,6,2,noun,3.49,0,0,1,0,0
barman,B1,3,6,2,noun,2.77,0,0,1,0,0
barn,B2,4,4,1,noun,3.99,0,0,1,0,0
barometer,B2,4,9,4,noun,3.18,0,0,1,0,0
barrel,B1,3,6,2,noun,4.17,0,0,1,0,0
barren,B2,4,6,2,noun,3.4,0,0,1,0,0
barrier,B2,4,7,2,noun,4.15,0,0,1,0,0
bartender,B2,4,9,3,noun,3.5,0,0,1,0,0
base,A2,2,4,1,noun,5.05,0,0,1,0,0
base,B1,3,4,1,noun,5.05,0,0,1,0,0
baseball,A1,1,8,3,noun,4.54,0,0,1,0,0
basement,B1,3,8,3,noun,4.18,0,0,1,0,0
basic,A2,2,5,2,noun,4.89,0,0,1,0,0
basically,A2,2,9,4,adverb,4.63,0,1,0,0,0
basin,B1,3,5,2,noun,4.08,0,0,1,0,0
basis,B1,3,5,2,noun,4.81,0,0,1,0,0
basket,A2,2,6,2,noun,4.07,0,0,1,0,0
basketball,A1,1,10,3,noun,4.56,0,0,1,0,0
bat,A1,1,3,1,noun,4.3,0,0,1,0,0
bat,B1,3,3,1,noun,4.3,0,0,1,0,0
batch,A2,2,5,1,noun,3.91,0,0,1,0,0
bath,A1,1,4,1,noun,4.44,0,0,1,0,0
bathe,B1,3,5,1,noun,3.22,0,0,1,0,0
bathhouse,B2,4,9,3,noun,2.66,0,0,1,0,0
bathroom,A1,1,8,2,noun,4.54,0,0,1,0,0
battery,A2,2,7,3,noun,4.52,0,0,1,0,0
battle,B1,3,6,2,noun,4.94,0,0,1,0,0
battlefield,B2,4,11,3,noun,3.93,0,0,1,0,0
bay,A2,2,3,1,noun,4.73,0,0,1,0,0
be,A1,1,2,1,noun,6.79,0,0,1,0,0
beach,A1,1,5,1,noun,4.92,0,0,1,0,0
beagle,B2,4,6,2,noun,3.06,0,0,1,0,0
beak,B2,4,4,1,noun,3.3,0,0,1,0,0
beam,B2,4,4,1,noun,4.14,0,0,1,0,0
bean,A1,1,4,1,noun,3.98,0,0,1,0,0
bear,A1,1,4,1,noun,4.71,0,0,1,0,0
bear,A2,2,4,1,noun,4.71,0,0,1,0,0
beard,B1,3,5,1,noun,4.07,0,0,1,0,0
bearing,B2,4,7,2,noun,4.22,0,0,1,0,0
beast,B1,3,5,1,noun,4.29,0,0,1,0,0
beat,B2,4,4,1,noun,5.01,0,0,1,0,0
beat,B1,3,4,1,noun,5.01,0,0,1,0,0
beautiful,A1,1,9,3,adjective,5.22,1,0,0,0,0
beautifully,B1,3,11,4,adverb,3.92,0,1,0,0,0
beautify,B2,4,8,3,verb,2.51,0,0,0,0,1
beauty,A2,2,6,2,noun,4.75,0,0,1,0,0
beaver,B1,3,6,2,noun,3.61,0,0,1,0,0
because,A1,1,7,3,unknown,6.03,0,0,0,1,0
because of,B1,3,10,4,unknown,6.01,0,0,0,1,0
become,A1,1,6,3,verb,5.4,0,0,0,0,1
bed,A1,1,3,1,noun,5.07,0,0,1,0,0
bedroom,A1,1,7,2,noun,4.46,0,0,1,0,0
bedside,B1,3,7,3,noun,3.35,0,0,1,0,0
bee,A1,1,3,1,noun,4.09,0,0,1,0,0
beef,A1,1,4,1,noun,4.29,0,0,1,0,0
been,A2,2,4,1,verb,6.27,0,0,0,0,1
beer,A2,2,4,1,noun,4.7,0,0,1,0,0
before,A1,1,6,3,adverb,5.93,0,1,0,0,0
before,A2,2,6,3,adverb,5.93,0,1,0,0,0
beg,A2,2,3,1,verb,4.05,0,0,0,0,1
begin,A1,1,5,2,noun,4.84,0,0,1,0,0
beginner,A2,2,8,3,noun,3.52,0,0,1,0,0
beginning,A2,2,9,3,noun,5.0,0,0,1,0,0
behalf,B1,3,6,2,noun,4.42,0,0,1,0,0
behave,B1,3,6,3,verb,4.0,0,0,0,0,1
behavior/behaviour,A2,2,18,6,unknown,4.19,0,0,0,1,0
behind,A1,1,6,2,noun,5.29,0,0,1,0,0
being,A2,2,5,1,noun,5.95,0,0,1,0,0
belief,B1,3,6,2,noun,4.46,0,0,1,0,0
believe,A1,1,7,3,verb,5.51,0,0,0,0,1
bell,A1,1,4,1,noun,4.59,0,0,1,0,0
bellow,B2,4,6,2,noun,2.79,0,0,1,0,0
belly,A2,2,5,2,noun,4.1,0,0,1,0,0
belong,A2,2,6,2,verb,4.38,0,0,0,0,1
belongings,B2,4,10,3,noun,3.56,0,0,1,0,0
beloved,B1,3,7,3,noun,4.17,0,0,1,0,0
below,A1,1,5,2,adverb,5.05,0,1,0,0,0
belt,A2,2,4,1,noun,4.42,0,0,1,0,0
bench,A2,2,5,1,noun,4.39,0,0,1,0,0
bend,B2,4,4,1,noun,4.13,0,0,1,0,0
bend,A2,2,4,1,noun,4.13,0,0,1,0,0
beneath,B1,3,7,2,adverb,4.24,0,1,0,0,0
beneficial,B2,4,10,4,adjective,4.08,1,0,0,0,0
benefit,B1,3,7,3,noun,4.82,0,0,1,0,0
benefit,B2,4,7,3,noun,4.82,0,0,1,0,0
benevolence,B2,4,11,5,noun,2.78,0,0,1,0,0
benevolent,B2,4,10,4,adjective,3.34,1,0,0,0,0
bent,B1,3,4,1,noun,3.99,0,0,1,0,0
berry,B2,4,5,2,noun,3.97,0,0,1,0,0
beside,A1,1,6,3,unknown,4.19,0,0,0,1,0
besides,A2,2,7,3,adverb,4.63,0,1,0,0,0
besides,B1,3,7,3,adverb,4.63,0,1,0,0,0
best,A1,1,4,1,noun,5.84,0,0,1,0,0
bestow,B2,4,6,2,verb,2.98,0,0,0,0,1
bestseller,B2,4,10,3,noun,3.34,0,0,1,0,0
bet,B1,3,3,1,noun,4.79,0,0,1,0,0
betray,B2,4,6,2,verb,3.42,0,0,0,0,1
better,A1,1,6,2,noun,5.76,0,0,1,0,0
better,A2,2,6,2,noun,5.76,0,0,1,0,0
between,A1,1,7,2,adverb,5.77,0,1,0,0,0
bewilder,B2,4,8,3,verb,1.74,0,0,0,0,1
bewilderment,B2,4,12,4,noun,2.63,0,0,1,0,0
beyond,A2,2,6,1,adverb,4.98,0,1,0,0,0
bicycle,A1,1,7,3,noun,3.98,0,0,1,0,0
bid,B2,4,3,1,noun,4.4,0,0,1,0,0
bidding,B2,4,7,2,noun,3.81,0,0,1,0,0
big,A1,1,3,1,adjective,5.67,1,0,0,0,0
bike,A1,1,4,1,noun,4.53,0,0,1,0,0
bikini,B2,4,6,3,noun,3.7,0,0,1,0,0
bilingual,B1,3,9,3,noun,3.52,0,0,1,0,0
bill,A2,2,4,1,noun,5.15,0,0,1,0,0
bill,B1,3,4,1,noun,5.15,0,0,1,0,0
billion,B2,4,7,2,noun,4.75,0,0,1,0,0
bin,B1,3,3,1,noun,4.22,0,0,1,0,0
bind,B2,4,4,1,noun,3.75,0,0,1,0,0
bio,B2,4,3,1,unknown,4.07,0,0,0,1,0
biochemistry,B1,3,12,4,noun,3.36,0,0,1,0,0
biography,B1,3,9,3,noun,3.89,0,0,1,0,0
biological,B2,4,10,4,adjective,4.31,1,0,0,0,0
biology,B1,3,7,3,noun,4.22,0,0,1,0,0
biotechnology,B2,4,13,5,noun,3.42,0,0,1,0,0
bird,A1,1,4,1,noun,4.63,0,0,1,0,0
birdcage,B2,4,8,3,noun,2.45,0,0,1,0,0
birth,A1,1,5,1,noun,4.77,0,0,1,0,0
birthday,A1,1,8,2,noun,4.76,0,0,1,0,0
birthplace,B2,4,10,3,noun,3.37,0,0,1,0,0
biscuit,A1,1,7,2,noun,3.45,0,0,1,0,0
bishop,B1,3,6,2,noun,4.38,0,0,1,0,0
bit,A2,2,3,1,noun,5.37,0,0,1,0,0
bite,A2,2,4,1,noun,4.31,0,0,1,0,0
bite,B1,3,4,1,noun,4.31,0,0,1,0,0
bitter,B1,3,6,2,noun,4.21,0,0,1,0,0
bitterly,B2,4,8,3,adverb,3.29,0,1,0,0,0
bizarre,B2,4,7,3,adjective,4.02,1,0,0,0,0
black,A1,1,5,1,noun,5.46,0,0,1,0,0
blackboard,A2,2,10,2,noun,3.02,0,0,1,0,0
blade,B2,4,5,2,noun,4.19,0,0,1,0,0
blame,B1,3,5,2,noun,4.63,0,0,1,0,0
blame,A2,2,5,2,noun,4.63,0,0,1,0,0
blank,A1,1,5,1,noun,4.14,0,0,1,0,0
blanket,A2,2,7,2,noun,4.07,0,0,1,0,0
blast,B2,4,5,1,noun,4.32,0,0,1,0,0
blaze,B2,4,5,2,noun,3.69,0,0,1,0,0
bleed,B1,3,5,1,verb,3.72,0,0,0,0,1
blend,B2,4,5,1,noun,3.95,0,0,1,0,0
blend,B1,3,5,1,noun,3.95,0,0,1,0,0
bless,B1,3,5,1,verb,4.17,0,0,0,0,1
blessing,B1,3,8,2,noun,4.06,0,0,1,0,0
blind,B1,3,5,1,noun,4.52,0,0,1,0,0
blindly,B2,4,7,2,adverb,3.32,0,1,0,0,0
blindness,B2,4,9,2,noun,3.44,0,0,1,0,0
blink,B2,4,5,1,noun,3.73,0,0,1,0,0
block,A1,1,5,1,noun,4.88,0,0,1,0,0
block,B1,3,5,1,noun,4.88,0,0,1,0,0
blog,B1,3,4,1,noun,4.73,0,0,1,0,0
blogger,B1,3,7,2,noun,3.85,0,0,1,0,0
blonde,A2,2,6,2,noun,4.04,0,0,1,0,0
blood,A2,2,5,1,noun,5.1,0,0,1,0,0
bloodstream,B2,4,11,2,noun,3.16,0,0,1,0,0
bloody,B2,4,6,2,verb,4.28,0,0,0,0,1
bloom,A2,2,5,1,noun,3.93,0,0,1,0,0
blooming,B2,4,8,2,noun,3.33,0,0,1,0,0
blossom,B2,4,7,2,noun,3.62,0,0,1,0,0
blow,A2,2,4,1,noun,4.59,0,0,1,0,0
blow,A1,1,4,1,noun,4.59,0,0,1,0,0
blue,A1,1,4,1,noun,5.13,0,0,1,0,0
blur,B2,4,4,1,noun,3.55,0,0,1,0,0
blurt,B2,4,5,1,verb,2.48,0,0,0,0,1
blush,B1,3,5,1,noun,3.56,0,0,1,0,0
blush,B2,4,5,1,noun,3.56,0,0,1,0,0
board,A1,1,5,1,noun,5.24,0,0,1,0,0
board,B1,3,5,1,noun,5.24,0,0,1,0,0
board game,A2,2,10,3,unknown,5.12,0,0,0,1,0
boast,B1,3,5,1,noun,3.51,0,0,1,0,0
boat,A1,1,4,1,noun,4.71,0,0,1,0,0
body,A1,1,4,2,noun,5.4,0,0,1,0,0
boil,A2,2,4,1,noun,3.83,0,0,1,0,0
boiled,A2,2,6,2,verb,3.68,0,0,0,0,1
boiling,B2,4,7,2,noun,3.75,0,0,1,0,0
bold,B1,3,4,1,noun,4.26,0,0,1,0,0
bold,B2,4,4,1,noun,4.26,0,0,1,0,0
boldly,B1,3,6,2,adverb,3.28,0,1,0,0,0
bolt,B2,4,4,1,noun,4.04,0,0,1,0,0
bomb,B1,3,4,1,noun,4.6,0,0,1,0,0
bombard,B2,4,7,2,noun,2.74,0,0,1,0,0
bomber,B2,4,6,2,noun,3.88,0,0,1,0,0
bombing,B2,4,7,2,noun,4.09,0,0,1,0,0
bond,B1,3,4,1,noun,4.59,0,0,1,0,0
bone,A1,1,4,1,noun,4.47,0,0,1,0,0
bonus,A2,2,5,2,noun,4.45,0,0,1,0,0
bony,B2,4,4,2,adjective,3.25,1,0,0,0,0
book,A1,1,4,1,noun,5.43,0,0,1,0,0
book,B1,3,4,1,noun,5.43,0,0,1,0,0
bookcase,A2,2,8,3,noun,2.78,0,0,1,0,0
booking,B1,3,7,2,noun,3.86,0,0,1,0,0
bookish,B2,4,7,2,adjective,2.57,1,0,0,0,0
booklet,B2,4,7,2,noun,3.53,0,0,1,0,0
bookmark,B2,4,8,2,noun,3.04,0,0,1,0,0
bookshelf,A2,2,9,2,noun,2.92,0,0,1,0,0
bookshop,A2,2,8,2,noun,3.11,0,0,1,0,0
bookstore,A1,1,9,3,noun,3.42,0,0,1,0,0
boom,B1,3,4,1,noun,4.33,0,0,1,0,0
boost,B2,4,5,1,noun,4.41,0,0,1,0,0
boot,B1,3,4,1,noun,4.19,0,0,1,0,0
booth,B2,4,5,1,noun,4.1,0,0,1,0,0
border,B1,3,6,2,noun,4.7,0,0,1,0,0
bore,B1,3,4,1,noun,3.93,0,0,1,0,0
bored,A2,2,5,2,verb,4.2,0,0,0,0,1
boredom,B1,3,7,3,noun,3.46,0,0,1,0,0
boring,A1,1,6,2,noun,4.43,0,0,1,0,0
borrow,A1,1,6,2,verb,4.0,0,0,0,0,1
boss,A2,2,4,1,noun,4.76,0,0,1,0,0
bossy,B2,4,5,2,adjective,2.97,1,0,0,0,0
botany,B2,4,6,3,noun,3.38,0,0,1,0,0
both,A1,1,4,1,adjective,5.79,1,0,0,0,0
bother,B1,3,6,2,noun,4.39,0,0,1,0,0
bother,A2,2,6,2,noun,4.39,0,0,1,0,0
bothered,B2,4,8,3,verb,3.96,0,0,0,0,1
bothersome,B2,4,10,4,adjective,2.68,1,0,0,0,0
bottle,A1,1,6,2,noun,4.57,0,0,1,0,0
bottle,B2,4,6,2,noun,4.57,0,0,1,0,0
bottom,A1,1,6,2,noun,4.84,0,0,1,0,0
bounce,B2,4,6,2,noun,4.02,0,0,1,0,0
bounce,B1,3,6,2,noun,4.02,0,0,1,0,0
bound,B1,3,5,1,noun,4.46,0,0,1,0,0
bourbon,B2,4,7,2,noun,3.6,0,0,1,0,0
bow,B1,3,3,1,noun,4.3,0,0,1,0,0
bow,B2,4,3,1,noun,4.3,0,0,1,0,0
bowl,A1,1,4,1,noun,4.63,0,0,1,0,0
bowl,B1,3,4,1,noun,4.63,0,0,1,0,0
box,A1,1,3,1,noun,5.04,0,0,1,0,0
boxer,B2,4,5,2,noun,3.74,0,0,1,0,0
boxing,B1,3,6,2,noun,4.17,0,0,1,0,0
boy,A1,1,3,1,noun,5.17,0,0,1,0,0
boyfriend,A1,1,9,2,noun,4.59,0,0,1,0,0
bra,A2,2,3,1,noun,3.85,0,0,1,0,0
bracelet,B1,3,8,3,noun,3.7,0,0,1,0,0
bracket,B2,4,7,2,noun,3.84,0,0,1,0,0
brag,B2,4,4,1,noun,3.49,0,0,1,0,0
brain,A1,1,5,1,noun,4.94,0,0,1,0,0
brainstorm,A2,2,10,2,noun,2.85,0,0,1,0,0
brainstorming,B1,3,13,3,noun,2.92,0,0,1,0,0
brake,A2,2,5,2,noun,3.95,0,0,1,0,0
brake,B2,4,5,2,noun,3.95,0,0,1,0,0
branch,A2,2,6,1,noun,4.58,0,0,1,0,0
branch,B1,3,6,1,noun,4.58,0,0,1,0,0
brand,A2,2,5,1,noun,4.83,0,0,1,0,0
brand-new,B1,3,9,2,adjective,4.81,1,0,0,0,0
brass,B1,3,5,1,noun,4.05,0,0,1,0,0
brave,A2,2,5,2,noun,4.33,0,0,1,0,0
bravely,B1,3,7,3,adverb,3.27,0,1,0,0,0
bravery,B2,4,7,3,noun,3.59,0,0,1,0,0
bread,A1,1,5,1,noun,4.5,0,0,1,0,0
break,A2,2,5,1,noun,5.18,0,0,1,0,0
break,A1,1,5,1,noun,5.18,0,0,1,0,0
breakable,B2,4,9,3,noun,2.42,0,0,1,0,0
breakdown,B2,4,9,2,noun,4.1,0,0,1,0,0
breakfast,A1,1,9,2,noun,4.61,0,0,1,0,0
breakthrough,B1,3,12,2,noun,3.83,0,0,1,0,0
breakup,B2,4,7,2,noun,3.64,0,0,1,0,0
breast,B1,3,6,1,noun,4.35,0,0,1,0,0
breath,B1,3,6,1,noun,4.52,0,0,1,0,0
breathe,A1,1,7,2,verb,4.26,0,0,0,0,1
breathless,B1,3,10,2,adjective,3.19,1,0,0,0,0
breathtaking,B2,4,12,3,adjective,3.6,1,0,0,0,0
breed,B2,4,5,1,noun,4.08,0,0,1,0,0
breed,B1,3,5,1,noun,4.08,0,0,1,0,0
breeding,B1,3,8,2,noun,4.08,0,0,1,0,0
breeze,A2,2,6,2,noun,3.86,0,0,1,0,0
breezy,B2,4,6,2,adjective,3.12,1,0,0,0,0
brewery,B2,4,7,3,noun,3.66,0,0,1,0,0
brick,B1,3,5,1,noun,4.25,0,0,1,0,0
bride,A2,2,5,2,noun,4.08,0,0,1,0,0
bridge,A1,1,6,2,noun,4.77,0,0,1,0,0
brief,B1,3,5,1,noun,4.52,0,0,1,0,0
briefly,B1,3,7,2,adverb,4.22,0,1,0,0,0
bright,A1,1,6,1,adjective,4.61,1,0,0,0,0
brightly,B1,3,8,2,adverb,3.44,0,1,0,0,0
brilliant,A2,2,9,2,adjective,4.55,1,0,0,0,0
brilliantly,B2,4,11,3,adverb,3.46,0,1,0,0,0
bring,A1,1,5,1,verb,5.27,0,0,0,0,1
broad,B1,3,5,1,noun,4.53,0,0,1,0,0
broadband,B2,4,9,2,adjective,3.69,1,0,0,0,0
broadcast,B1,3,9,2,noun,4.39,0,0,1,0,0
broadcast,B2,4,9,2,noun,4.39,0,0,1,0,0
broadcaster,B2,4,11,3,noun,3.63,0,0,1,0,0
broaden,B2,4,7,2,verb,3.3,0,0,0,0,1
broadly,B2,4,7,2,adverb,3.82,0,1,0,0,0
broccoli,B1,3,8,3,noun,3.5,0,0,1,0,0
brochure,B2,4,8,3,noun,3.37,0,0,1,0,0
broken,A1,1,6,2,verb,4.88,0,0,0,0,1
bronze,B1,3,6,2,noun,4.2,0,0,1,0,0
brother,A1,1,7,2,noun,5.11,0,0,1,0,0
brotherhood,B1,3,11,3,noun,3.85,0,0,1,0,0
brother-in-law,B2,4,14,4,noun,4.95,0,0,1,0,0
brown,A1,1,5,1,noun,5.01,0,0,1,0,0
brown,A2,2,5,1,noun,5.01,0,0,1,0,0
browse,B2,4,6,2,noun,3.59,0,0,1,0,0
browser,B2,4,7,2,noun,3.89,0,0,1,0,0
bruise,B2,4,6,2,noun,3.18,0,0,1,0,0
brush,A1,1,5,1,noun,4.23,0,0,1,0,0
bubble,B1,3,6,2,noun,4.16,0,0,1,0,0
bucket,A1,1,6,2,noun,4.07,0,0,1,0,0
bud,B2,4,3,1,noun,4.08,0,0,1,0,0
buddy,B1,3,5,2,noun,4.4,0,0,1,0,0
budget,B2,4,6,2,noun,4.82,0,0,1,0,0
budget,A2,2,6,2,noun,4.82,0,0,1,0,0
bug,A2,2,3,1,noun,4.2,0,0,1,0,0
build,A1,1,5,1,noun,5.04,0,0,1,0,0
builder,B1,3,7,2,noun,3.85,0,0,1,0,0
building,A1,1,8,2,noun,5.29,0,0,1,0,0
bulb,A2,2,4,1,noun,3.66,0,0,1,0,0
bulimia,B2,4,7,3,noun,2.72,0,0,1,0,0
bull,B1,3,4,1,noun,4.34,0,0,1,0,0
bullet,B1,3,6,2,noun,4.24,0,0,1,0,0
bulletin,B1,3,8,3,noun,3.79,0,0,1,0,0
bully,B2,4,5,2,noun,3.87,0,0,1,0,0
bum,B2,4,3,1,noun,3.75,0,0,1,0,0
bump,B1,3,4,1,noun,3.98,0,0,1,0,0
bumper,B2,4,6,2,noun,3.69,0,0,1,0,0
bun,B2,4,3,1,noun,3.56,0,0,1,0,0
bunch,B1,3,5,1,noun,4.57,0,0,1,0,0
burden,B1,3,6,2,noun,4.23,0,0,1,0,0
burden,B2,4,6,2,noun,4.23,0,0,1,0,0
burdensome,B2,4,10,4,adjective,2.85,1,0,0,0,0
bureau,B1,3,6,2,noun,4.41,0,0,1,0,0
bureaucracy,B2,4,11,4,noun,3.55,0,0,1,0,0
burger,A1,1,6,2,noun,4.07,0,0,1,0,0
burglar,B1,3,7,2,noun,3.34,0,0,1,0,0
burglary,B2,4,8,3,noun,3.44,0,0,1,0,0
burgle,B2,4,6,2,verb,2.01,0,0,0,0,1
burial,B2,4,6,2,noun,3.9,0,0,1,0,0
burn,A2,2,4,1,noun,4.53,0,0,1,0,0
burn,B1,3,4,1,noun,4.53,0,0,1,0,0
burning,B1,3,7,2,noun,4.5,0,0,1,0,0
burst,B1,3,5,1,noun,4.15,0,0,1,0,0
bury,A2,2,4,2,verb,3.89,0,0,0,0,1
bus,A1,1,3,1,noun,4.83,0,0,1,0,0
bus station,A2,2,11,3,unknown,4.61,0,0,0,1,0
bus stop,A2,2,8,2,unknown,4.75,0,0,0,1,0
bush,A2,2,4,1,noun,4.49,0,0,1,0,0
business,A1,1,8,3,noun,5.56,0,0,1,0,0
businessman,A2,2,11,4,noun,3.95,0,0,1,0,0
businesswoman,A2,2,13,5,noun,2.95,0,0,1,0,0
bust,B1,3,4,1,noun,4.04,0,0,1,0,0
bustle,B2,4,6,2,noun,2.98,0,0,1,0,0
bustling,B2,4,8,2,verb,3.16,0,0,0,0,1
busy,A1,1,4,2,verb,4.75,0,0,0,0,1
but,A1,1,3,1,adverb,6.63,0,1,0,0,0
but,B1,3,3,1,adverb,6.63,0,1,0,0,0
butcher,B1,3,7,2,noun,3.75,0,0,1,0,0
butcher,B2,4,7,2,noun,3.75,0,0,1,0,0
butter,A1,1,6,2,noun,4.4,0,0,1,0,0
butterfly,A1,1,9,3,noun,3.93,0,0,1,0,0
button,A1,1,6,2,noun,4.56,0,0,1,0,0
buy,A1,1,3,1,noun,5.32,0,0,1,0,0
buyer,B1,3,5,1,noun,4.03,0,0,1,0,0
buzz,B2,4,4,1,noun,4.05,0,0,1,0,0
by,A1,1,2,1,adverb,6.66,0,1,0,0,0
bye,A1,1,3,1,noun,4.39,0,0,1,0,0
cab,A2,2,3,1,noun,3.95,0,0,1,0,0
cabbage,B1,3,7,3,noun,3.55,0,0,1,0,0
cabin,B1,3,5,2,noun,4.13,0,0,1,0,0
cabinet,B2,4,7,3,noun,4.49,0,0,1,0,0
cable,B2,4,5,2,noun,4.54,0,0,1,0,0
cafe/café,A1,1,9,3,unknown,3.59,0,0,0,1,0
cafeteria,A2,2,9,4,noun,3.44,0,0,1,0,0
cage,B1,3,4,1,noun,4.13,0,0,1,0,0
cake,A1,1,4,1,noun,4.53,0,0,1,0,0
calculate,B1,3,9,4,verb,3.87,0,0,0,0,1
calculation,B1,3,11,4,noun,3.76,0,0,1,0,0
calculator,B1,3,10,4,noun,3.56,0,0,1,0,0
calendar,A2,2,8,3,noun,4.3,0,0,1,0,0
calf,B1,3,4,1,noun,3.71,0,0,1,0,0
call,A1,1,4,1,noun,5.51,0,0,1,0,0
call,A2,2,4,1,noun,5.51,0,0,1,0,0
caller,B1,3,6,2,noun,3.61,0,0,1,0,0
calm,B1,3,4,1,noun,4.54,0,0,1,0,0
calmly,B2,4,6,2,adverb,3.56,0,1,0,0,0
calmness,B1,3,8,2,noun,2.89,0,0,1,0,0
camel,B1,3,5,2,noun,3.64,0,0,1,0,0
camera,A1,1,6,3,noun,4.87,0,0,1,0,0
camp,A1,1,4,1,noun,4.79,0,0,1,0,0
camp,A2,2,4,1,noun,4.79,0,0,1,0,0
campaign,B2,4,8,2,noun,5.0,0,0,1,0,0
camping,A2,2,7,2,noun,4.0,0,0,1,0,0
campsite,B1,3,8,3,noun,3.09,0,0,1,0,0
campus,A2,2,6,2,noun,4.51,0,0,1,0,0
can,A1,1,3,1,noun,6.46,0,0,1,0,0
can,A2,2,3,1,noun,6.46,0,0,1,0,0
canal,B1,3,5,2,noun,4.22,0,0,1,0,0
cancel,B1,3,6,2,noun,4.18,0,0,1,0,0
cancer,B1,3,6,2,noun,4.93,0,0,1,0,0
candidate,B2,4,9,4,noun,4.66,0,0,1,0,0
candle,B1,3,6,2,noun,3.88,0,0,1,0,0
candy,A1,1,5,2,noun,4.29,0,0,1,0,0
cane,B2,4,4,1,noun,3.76,0,0,1,0,0
canned,B1,3,6,2,verb,3.62,0,0,0,0,1
cannonball,B2,4,10,3,noun,2.87,0,0,1,0,0
canon,B2,4,5,2,noun,4.11,0,0,1,0,0
canteen,B1,3,7,2,noun,3.17,0,0,1,0,0
cap,A1,1,3,1,noun,4.51,0,0,1,0,0
capability,B2,4,10,5,noun,4.07,0,0,1,0,0
capable,B1,3,7,3,adjective,4.61,1,0,0,0,0
capacity,B1,3,8,4,noun,4.71,0,0,1,0,0
capital,A2,2,7,3,noun,5.01,0,0,1,0,0
capital letter,A2,2,14,5,unknown,4.68,0,0,0,1,0
capsule,B1,3,7,3,noun,3.7,0,0,1,0,0
captain,A2,2,7,2,noun,4.89,0,0,1,0,0
caption,B2,4,7,2,noun,3.72,0,0,1,0,0
captive,B2,4,7,3,noun,3.7,0,0,1,0,0
capture,B1,3,7,3,noun,4.42,0,0,1,0,0
car,A1,1,3,1,noun,5.45,0,0,1,0,0
car park,A2,2,8,2,unknown,4.98,0,0,0,1,0
caravan,B2,4,7,3,noun,3.62,0,0,1,0,0
carbon,B2,4,6,2,noun,4.55,0,0,1,0,0
carbon dioxide,B2,4,14,5,unknown,3.74,0,0,0,1,0
carbon footprint,B2,4,16,4,unknown,3.48,0,0,0,1,0
carbon monoxide,B2,4,15,6,unknown,3.25,0,0,0,1,0
card,A1,1,4,1,noun,5.04,0,0,1,0,0
cardboard,B2,4,9,2,noun,3.66,0,0,1,0,0
cardigan,B2,4,8,3,noun,3.21,0,0,1,0,0
care,A1,1,4,1,noun,5.56,0,0,1,0,0
care,B1,3,4,1,noun,5.56,0,0,1,0,0
career,B1,3,6,2,noun,5.07,0,0,1,0,0
carefree,B2,4,8,3,adjective,3.19,1,0,0,0,0
careful,A1,1,7,3,adjective,4.59,1,0,0,0,0
carefully,A1,1,9,4,adverb,4.46,0,1,0,0,0
careless,B1,3,8,3,adjective,3.6,1,0,0,0,0
carelessly,B1,3,10,4,adverb,2.9,0,1,0,0,0
carelessness,B1,3,12,4,noun,2.83,0,0,1,0,0
caring,B2,4,6,2,noun,4.2,0,0,1,0,0
carnival,B2,4,8,3,noun,3.86,0,0,1,0,0
carpet,B1,3,6,2,noun,4.18,0,0,1,0,0
carpool,B2,4,7,2,unknown,2.75,0,0,0,1,0
carriage,B1,3,8,3,noun,3.85,0,0,1,0,0
carrot,A2,2,6,2,noun,3.62,0,0,1,0,0
carry,A1,1,5,2,noun,4.89,0,0,1,0,0
carton,B1,3,6,2,noun,3.19,0,0,1,0,0
cartoon,A1,1,7,2,noun,4.08,0,0,1,0,0
carve,B2,4,5,2,verb,3.41,0,0,0,0,1
cascade,B2,4,7,3,noun,3.47,0,0,1,0,0
case,A1,1,4,1,noun,5.55,0,0,1,0,0
cash,A2,2,4,1,noun,4.92,0,0,1,0,0
cashpoint,B1,3,9,2,unknown,1.64,0,0,0,1,0
cassette,A2,2,8,3,noun,3.4,0,0,1,0,0
cast,B2,4,4,1,noun,4.79,0,0,1,0,0
castle,A2,2,6,2,noun,4.45,0,0,1,0,0
casual,B1,3,6,2,adjective,4.23,1,0,0,0,0
casually,B2,4,8,3,adverb,3.66,0,1,0,0,0
cat,A1,1,3,1,noun,4.78,0,0,1,0,0
catalog/catalogue,B2,4,17,7,unknown,3.61,0,0,0,1,0
catalyst,B2,4,8,3,noun,3.76,0,0,1,0,0
catastrophe,B2,4,11,4,noun,3.56,0,0,1,0,0
catastrophic,B2,4,12,4,adjective,3.58,1,0,0,0,0
catch,A1,1,5,1,noun,4.87,0,0,1,0,0
catchy,B2,4,6,2,adjective,3.49,1,0,0,0,0
categorization/categorisation,B2,4,29,12,unknown,2.16,0,0,0,1,0
categorize/categorise,B1,3,21,10,unknown,2.19,0,0,0,1,0
category,B1,3,8,4,noun,4.57,0,0,1,0,0
catering,B2,4,8,3,noun,3.64,0,0,1,0,0
cathedral,B2,4,9,3,noun,3.99,0,0,1,0,0
cattle,B1,3,6,2,noun,4.15,0,0,1,0,0
cause,B2,4,5,2,noun,5.35,0,0,1,0,0
cause,A2,2,5,2,noun,5.35,0,0,1,0,0
caution,B1,3,7,2,noun,3.97,0,0,1,0,0
cautious,B1,3,8,2,noun,3.79,0,0,1,0,0
cave,B1,3,4,1,noun,4.2,0,0,1,0,0
CD,A1,1,2,1,noun,4.36,0,0,1,0,0
CD player,A1,1,9,1,unknown,4.3,0,0,0,1,0
CD-ROM,B1,3,6,1,noun,3.66,0,0,1,0,0
cease,B2,4,5,2,noun,4.03,0,0,1,0,0
ceiling,B2,4,7,2,noun,4.18,0,0,1,0,0
celebrate,A1,1,9,4,verb,4.49,0,0,0,0,1
celebration,A1,1,11,4,noun,4.29,0,0,1,0,0
celebrity,B1,3,9,4,noun,4.29,0,0,1,0,0
cell,B1,3,4,1,noun,4.87,0,0,1,0,0
cellar,B2,4,6,2,noun,3.6,0,0,1,0,0
cellist,B2,4,7,2,noun,2.71,0,0,1,0,0
cello,B2,4,5,2,noun,3.29,0,0,1,0,0
cemetery,B2,4,8,4,noun,4.06,0,0,1,0,0
cent,A2,2,4,1,noun,4.83,0,0,1,0,0
center/centre,A2,2,13,4,unknown,4.75,0,0,0,1,0
centigrade,B2,4,10,4,adjective,2.47,1,0,0,0,0
centimeter/centimetre,A2,2,21,8,unknown,2.39,0,0,0,1,0
central,B1,3,7,2,noun,5.12,0,0,1,0,0
central heating,B1,3,15,4,unknown,4.13,0,0,0,1,0
century,A2,2,7,3,noun,5.02,0,0,1,0,0
cereal,A2,2,6,2,noun,3.74,0,0,1,0,0
ceremony,B1,3,8,4,noun,4.42,0,0,1,0,0
certain,A2,2,7,2,adjective,5.16,1,0,0,0,0
certainly,A2,2,9,3,adverb,5.0,0,1,0,0,0
certainty,B1,3,9,3,noun,3.82,0,0,1,0,0
certificate,B2,4,11,5,noun,4.29,0,0,1,0,0
certification,B2,4,13,5,noun,3.97,0,0,1,0,0
certify,B2,4,7,3,verb,3.08,0,0,0,0,1
chain,A2,2,5,1,noun,4.65,0,0,1,0,0
chair,A1,1,5,1,noun,4.69,0,0,1,0,0
chairman,A2,2,8,2,noun,4.8,0,0,1,0,0
challenge,A2,2,9,3,noun,4.88,0,0,1,0,0
challenge,B2,4,9,3,noun,4.88,0,0,1,0,0
challenging,B1,3,11,3,verb,4.27,0,0,0,0,1
champagne,A2,2,9,3,noun,3.9,0,0,1,0,0
champion,B1,3,8,2,noun,4.62,0,0,1,0,0
championship,A2,2,12,3,noun,4.54,0,0,1,0,0
chance,A2,2,6,2,noun,5.26,0,0,1,0,0
chancellor,B2,4,10,3,noun,4.13,0,0,1,0,0
change,A1,1,6,2,noun,5.54,0,0,1,0,0
channel,B1,3,7,2,noun,4.85,0,0,1,0,0
chaos,B1,3,5,1,noun,4.27,0,0,1,0,0
chaotic,B2,4,7,2,adjective,3.67,1,0,0,0,0
chapter,A2,2,7,2,noun,4.65,0,0,1,0,0
character,A1,1,9,3,noun,5.11,0,0,1,0,0
characteristic,B2,4,14,5,noun,3.97,0,0,1,0,0
characteristic,B1,3,14,5,noun,3.97,0,0,1,0,0
characterize/characterise,B1,3,25,10,unknown,2.56,0,0,0,1,0
charge,B1,3,6,2,noun,5.02,0,0,1,0,0
chariot,B1,3,7,2,noun,3.29,0,0,1,0,0
charity,B1,3,7,3,noun,4.45,0,0,1,0,0
charm,B1,3,5,1,noun,4.12,0,0,1,0,0
charming,B2,4,8,2,verb,4.07,0,0,0,0,1
chart,A2,2,5,1,noun,4.47,0,0,1,0,0
chase,B1,3,5,2,noun,4.44,0,0,1,0,0
chase,B2,4,5,2,noun,4.44,0,0,1,0,0
chat,B1,3,4,1,noun,4.57,0,0,1,0,0
chat,A2,2,4,1,noun,4.57,0,0,1,0,0
chat show,B1,3,9,2,unknown,4.54,0,0,0,1,0
cheap,A2,2,5,1,adjective,4.71,1,0,0,0,0
cheat,B2,4,5,1,noun,4.06,0,0,1,0,0
check,A1,1,5,1,noun,5.31,0,0,1,0,0
check,A2,2,5,1,noun,5.31,0,0,1,0,0
check-in counter/check-in,B1,3,25,6,unknown,4.43,0,0,0,1,0
check-in desk/check-in,B1,3,22,5,unknown,4.33,0,0,0,1,0
checkout,B1,3,8,2,noun,3.64,0,0,1,0,0
checkpoint,B2,4,10,2,noun,3.39,0,0,1,0,0
cheek,A2,2,5,1,noun,3.96,0,0,1,0,0
cheeky,B2,4,6,2,adjective,3.51,1,0,0,0,0
cheer,A2,2,5,1,noun,4.06,0,0,1,0,0
cheerful,B1,3,8,2,adjective,3.6,1,0,0,0,0
cheerfully,B2,4,10,3,adverb,2.98,0,1,0,0,0
cheerfulness,B2,4,12,3,noun,2.3,0,0,1,0,0
cheese,A1,1,6,2,noun,4.57,0,0,1,0,0
chef,A2,2,4,1,noun,4.23,0,0,1,0,0
chemical,A2,2,8,3,noun,4.57,0,0,1,0,0
chemical,B1,3,8,3,noun,4.57,0,0,1,0,0
chemist,B1,3,7,2,noun,3.51,0,0,1,0,0
chemistry,B1,3,9,3,noun,4.35,0,0,1,0,0
chemotherapy,B2,4,12,5,noun,3.56,0,0,1,0,0
cheque,A2,2,6,2,noun,3.49,0,0,1,0,0
cherish,B1,3,7,2,verb,3.52,0,0,0,0,1
cherished,B2,4,9,3,verb,3.41,0,0,0,0,1
cherry,B2,4,6,2,noun,4.18,0,0,1,0,0
chess,A2,2,5,1,noun,3.94,0,0,1,0,0
chest,A2,2,5,1,noun,4.52,0,0,1,0,0
chest of drawers,B1,3,16,4,unknown,3.39,0,0,0,1,0
chew,B2,4,4,1,noun,3.66,0,0,1,0,0
chewing gum,B1,3,11,3,unknown,3.46,0,0,0,1,0
chicken,A1,1,7,2,noun,4.63,0,0,1,0,0
chief,B1,3,5,1,noun,5.11,0,0,1,0,0
chief,B2,4,5,1,noun,5.11,0,0,1,0,0
child,A1,1,5,1,noun,5.3,0,0,1,0,0
childhood,A2,2,9,2,noun,4.51,0,0,1,0,0
childish,B2,4,8,2,adjective,3.73,1,0,0,0,0
chili/chilli,A2,2,12,4,unknown,3.16,0,0,0,1,0
chimney,B2,4,7,2,noun,3.55,0,0,1,0,0
chimpanzee,A2,2,10,3,noun,2.96,0,0,1,0,0
chin,A2,2,4,1,noun,4.0,0,0,1,0,0
chip,B2,4,4,1,noun,4.31,0,0,1,0,0
chirp,A2,2,5,1,noun,2.79,0,0,1,0,0
chocolate,A1,1,9,4,noun,4.49,0,0,1,0,0
choice,A2,2,6,2,noun,5.08,0,0,1,0,0
choir,B1,3,5,1,noun,3.88,0,0,1,0,0
choke,B1,3,5,2,noun,3.72,0,0,1,0,0
choose,A1,1,6,2,verb,4.91,0,0,0,0,1
chop,B2,4,4,1,noun,3.77,0,0,1,0,0
Christian,B1,3,9,2,noun,4.88,0,0,1,0,0
chronological,B1,3,13,5,adjective,3.4,1,0,0,0,0
chuckle,B1,3,7,2,noun,3.52,0,0,1,0,0
chunk,B2,4,5,1,noun,3.64,0,0,1,0,0
church,A1,1,6,1,noun,5.16,0,0,1,0,0
cigarette,A2,2,9,4,noun,4.06,0,0,1,0,0
cinema,A1,1,6,3,noun,4.17,0,0,1,0,0
circle,A1,1,6,2,noun,4.55,0,0,1,0,0
circle,B1,3,6,2,noun,4.55,0,0,1,0,0
circuit,B2,4,7,2,noun,4.47,0,0,1,0,0
circuitry,B2,4,9,3,noun,3.07,0,0,1,0,0
circular,B1,3,8,3,noun,3.96,0,0,1,0,0
circumstance,B2,4,12,4,noun,3.66,0,0,1,0,0
circus,B1,3,6,2,noun,3.98,0,0,1,0,0
citizen,A2,2,7,3,noun,4.39,0,0,1,0,0
citizenship,B1,3,11,4,noun,4.1,0,0,1,0,0
city,A1,1,4,2,noun,5.61,0,0,1,0,0
citywide,B2,4,8,4,adjective,2.81,1,0,0,0,0
civil,B1,3,5,2,adjective,4.93,1,0,0,0,0
civilization/civilisation,B1,3,25,10,unknown,3.28,0,0,0,1,0
claim,B1,3,5,1,noun,4.95,0,0,1,0,0
claim,A2,2,5,1,noun,4.95,0,0,1,0,0
clam,B2,4,4,1,noun,3.22,0,0,1,0,0
clap,B2,4,4,1,noun,3.54,0,0,1,0,0
clarify,B2,4,7,3,verb,3.85,0,0,0,0,1
class,A1,1,5,1,noun,5.36,0,0,1,0,0
classic,A2,2,7,2,noun,4.72,0,0,1,0,0
classic,B2,4,7,2,noun,4.72,0,0,1,0,0
classical,B1,3,9,3,noun,4.26,0,0,1,0,0
classical music,A2,2,15,5,unknown,4.24,0,0,0,1,0
classification,B2,4,14,5,noun,4.18,0,0,1,0,0
classify,B1,3,8,3,verb,3.39,0,0,0,0,1
classmate,A1,1,9,3,noun,3.34,0,0,1,0,0
classroom,A1,1,9,2,noun,4.15,0,0,1,0,0
clause,B2,4,6,2,noun,3.99,0,0,1,0,0
clean,A1,1,5,1,noun,4.97,0,0,1,0,0
cleaner,A2,2,7,2,noun,3.9,0,0,1,0,0
clear,A2,2,5,1,noun,5.25,0,0,1,0,0
clear,B1,3,5,1,noun,5.25,0,0,1,0,0
clearly,A2,2,7,2,adverb,4.92,0,1,0,0,0
clearness,B2,4,9,2,noun,2.21,0,0,1,0,0
clerical,B2,4,8,3,adjective,3.35,1,0,0,0,0
clerk,A2,2,5,1,noun,4.0,0,0,1,0,0
clever,A1,1,6,2,adjective,4.21,1,0,0,0,0
click,B1,3,5,1,noun,4.82,0,0,1,0,0
click,A2,2,5,1,noun,4.82,0,0,1,0,0
client,B2,4,6,2,noun,4.54,0,0,1,0,0
cliff,B1,3,5,1,noun,4.1,0,0,1,0,0
climate,B1,3,7,3,noun,4.71,0,0,1,0,0
climate change,B2,4,14,5,unknown,4.65,0,0,0,1,0
climb,A1,1,5,1,noun,4.22,0,0,1,0,0
climb,A2,2,5,1,noun,4.22,0,0,1,0,0
climber,B1,3,7,2,noun,3.17,0,0,1,0,0
climbing,A2,2,8,2,noun,4.12,0,0,1,0,0
clinic,B1,3,6,2,noun,4.21,0,0,1,0,0
clip,B1,3,4,1,noun,4.26,0,0,1,0,0
clock,A1,1,5,1,noun,4.43,0,0,1,0,0
clog,B2,4,4,1,noun,2.99,0,0,1,0,0
clone,A2,2,5,2,noun,3.68,0,0,1,0,0
close,A1,1,5,2,noun,5.36,0,0,1,0,0
closed,A1,1,6,2,verb,4.9,0,0,0,0,1
closely,B1,3,7,3,adverb,4.53,0,1,0,0,0
closure,B2,4,7,3,noun,4.11,0,0,1,0,0
cloth,A1,1,5,1,noun,4.03,0,0,1,0,0
clothes,A1,1,7,2,noun,4.72,0,0,1,0,0
clothing,B2,4,8,2,noun,4.47,0,0,1,0,0
cloud,A1,1,5,1,noun,4.46,0,0,1,0,0
cloudy,A1,1,6,2,adjective,3.55,1,0,0,0,0
clown,A2,2,5,1,noun,3.93,0,0,1,0,0
club,A1,1,4,1,noun,5.2,0,0,1,0,0
clue,A2,2,4,1,noun,4.18,0,0,1,0,0
clumsy,B2,4,6,2,adjective,3.44,1,0,0,0,0
coach,A1,1,5,1,noun,4.96,0,0,1,0,0
coach,B2,4,5,1,noun,4.96,0,0,1,0,0
coaching,B2,4,8,2,noun,4.29,0,0,1,0,0
coal,B1,3,4,1,noun,4.49,0,0,1,0,0
coalition,B2,4,9,4,noun,4.23,0,0,1,0,0
coarse,B2,4,6,2,adjective,3.41,1,0,0,0,0
coast,A2,2,5,1,noun,4.87,0,0,1,0,0
coast,B1,3,5,1,noun,4.87,0,0,1,0,0
coastal,B1,3,7,2,adjective,4.19,1,0,0,0,0
coastline,B2,4,9,3,noun,3.51,0,0,1,0,0
coat,A1,1,4,1,noun,4.36,0,0,1,0,0
cocktail,B2,4,8,2,noun,3.89,0,0,1,0,0
cocoa,B2,4,5,2,noun,3.64,0,0,1,0,0
coconut,B2,4,7,3,noun,3.88,0,0,1,0,0
cod,B1,3,3,1,noun,3.89,0,0,1,0,0
code,A1,1,4,1,noun,5.08,0,0,1,0,0
coffee,A1,1,6,2,noun,4.86,0,0,1,0,0
coffin,B1,3,6,2,noun,3.8,0,0,1,0,0
coherence,B2,4,9,4,noun,3.09,0,0,1,0,0
coherent,B2,4,8,3,adjective,3.63,1,0,0,0,0
coin,A2,2,4,1,noun,4.19,0,0,1,0,0
coincide,B2,4,8,3,verb,3.49,0,0,0,0,1
coincidence,B2,4,11,4,noun,3.96,0,0,1,0,0
coke,A1,1,4,1,noun,4.08,0,0,1,0,0
cola,A2,2,4,2,noun,3.74,0,0,1,0,0
cold,A1,1,4,1,noun,5.02,0,0,1,0,0
collapse,B1,3,8,3,noun,4.18,0,0,1,0,0
collapse,B2,4,8,3,noun,4.18,0,0,1,0,0
collar,B1,3,6,2,noun,4.04,0,0,1,0,0
colleague,B2,4,9,3,noun,3.98,0,0,1,0,0
collect,A1,1,7,2,noun,4.37,0,0,1,0,0
collection,A1,1,10,3,noun,4.96,0,0,1,0,0
collector,B2,4,9,3,noun,3.91,0,0,1,0,0
college,A1,1,7,3,noun,5.27,0,0,1,0,0
collocation,B2,4,11,4,noun,2.02,0,0,1,0,0
colon,B2,4,5,2,noun,3.6,0,0,1,0,0
colonial,B2,4,8,3,noun,4.17,0,0,1,0,0
color/colour,A1,1,12,4,unknown,4.35,0,0,0,1,0
colorful/colourful,A2,2,18,6,unknown,3.36,0,0,0,1,0
column,A2,2,6,2,noun,4.33,0,0,1,0,0
columnist,B1,3,9,3,noun,3.58,0,0,1,0,0
coma,B2,4,4,2,noun,3.74,0,0,1,0,0
comb,A2,2,4,1,noun,3.52,0,0,1,0,0
comb,B2,4,4,1,noun,3.52,0,0,1,0,0
combination,B1,3,11,4,noun,4.61,0,0,1,0,0
combine,B1,3,7,3,noun,4.13,0,0,1,0,0
come,A1,1,4,1,noun,5.78,0,0,1,0,0
comedian,B1,3,8,3,noun,3.96,0,0,1,0,0
comedy,B1,3,6,3,noun,4.51,0,0,1,0,0
comet,B1,3,5,2,noun,3.64,0,0,1,0,0
comfort,B1,3,7,2,noun,4.41,0,0,1,0,0
comfortable,A2,2,11,4,adjective,4.66,1,0,0,0,0
comfortably,B2,4,11,4,adverb,3.74,0,1,0,0,0
comic,A2,2,5,2,noun,4.42,0,0,1,0,0
comma,B1,3,5,2,noun,3.27,0,0,1,0,0
command,B1,3,7,2,noun,4.7,0,0,1,0,0
commander,B2,4,9,3,noun,4.51,0,0,1,0,0
commemorate,B2,4,11,5,verb,3.49,0,0,0,0,1
comment,B1,3,7,2,noun,4.88,0,0,1,0,0
comment,B2,4,7,2,noun,4.88,0,0,1,0,0
commerce,B2,4,8,3,noun,4.37,0,0,1,0,0
commercial,B1,3,10,3,noun,4.92,0,0,1,0,0
commercial,B2,4,10,3,noun,4.92,0,0,1,0,0
commission,B2,4,10,3,noun,4.91,0,0,1,0,0
commit,B1,3,6,2,verb,4.33,0,0,0,0,1
commitment,A2,2,10,3,noun,4.43,0,0,1,0,0
committee,A2,2,9,3,noun,5.01,0,0,1,0,0
common,A2,2,6,2,noun,5.2,0,0,1,0,0
common sense,B1,3,12,4,unknown,4.89,0,0,0,1,0
commonly,B1,3,8,3,adverb,4.38,0,1,0,0,0
commonwealth,B2,4,12,3,noun,4.34,0,0,1,0,0
communicate,A2,2,11,5,verb,4.2,0,0,0,0,1
communication,A2,2,13,5,noun,4.68,0,0,1,0,0
communicative,B2,4,13,6,adjective,2.94,1,0,0,0,0
community,B2,4,9,4,noun,5.34,0,0,1,0,0
commute,B2,4,7,3,noun,3.56,0,0,1,0,0
companion,B1,3,9,3,noun,4.13,0,0,1,0,0
company,A2,2,7,3,noun,5.6,0,0,1,0,0
comparative,A2,2,11,5,noun,3.77,0,0,1,0,0
compare,A2,2,7,3,noun,4.45,0,0,1,0,0
comparison,B1,3,10,4,noun,4.51,0,0,1,0,0
compassion,B2,4,10,3,noun,3.95,0,0,1,0,0
compassionate,B2,4,13,5,verb,3.55,0,0,0,0,1
compatible,B2,4,10,4,adjective,3.97,1,0,0,0,0
compensate,B2,4,10,4,verb,3.78,0,0,0,0,1
compensation,B2,4,12,4,noun,4.33,0,0,1,0,0
compete,B1,3,7,3,verb,4.39,0,0,0,0,1
competence,B2,4,10,4,noun,3.58,0,0,1,0,0
competent,B2,4,9,3,adjective,3.92,1,0,0,0,0
competition,A2,2,11,4,noun,4.91,0,0,1,0,0
competitive,B1,3,11,5,adjective,4.57,1,0,0,0,0
competitor,B1,3,10,4,noun,3.81,0,0,1,0,0
compile,B2,4,7,3,verb,3.38,0,0,0,0,1
complain,A2,2,8,2,verb,4.23,0,0,0,0,1
complaint,A2,2,9,2,noun,4.32,0,0,1,0,0
complement,B1,3,10,3,noun,3.77,0,0,1,0,0
complete,A2,2,8,3,verb,5.1,0,0,0,0,1
complete,B1,3,8,3,verb,5.1,0,0,0,0,1
completely,B1,3,10,4,adverb,5.0,0,1,0,0,0
completion,B2,4,10,3,noun,4.22,0,0,1,0,0
complex,B1,3,7,2,noun,4.86,0,0,1,0,0
complexion,B2,4,10,3,noun,3.29,0,0,1,0,0
complexity,B2,4,10,4,noun,4.02,0,0,1,0,0
complicate,B1,3,10,4,verb,3.26,0,0,0,0,1
complicated,B1,3,11,4,verb,4.47,0,0,0,0,1
compliment,B1,3,10,3,noun,3.91,0,0,1,0,0
component,B2,4,9,3,noun,4.32,0,0,1,0,0
compose,B1,3,7,3,verb,3.46,0,0,0,0,1
composer,A2,2,8,3,noun,3.85,0,0,1,0,0
composition,B1,3,11,4,noun,4.33,0,0,1,0,0
compound,B1,3,8,2,noun,4.18,0,0,1,0,0
comprehension,B2,4,13,4,noun,3.57,0,0,1,0,0
comprehensive,B2,4,13,5,noun,4.36,0,0,1,0,0
compress,B2,4,8,2,noun,3.07,0,0,1,0,0
compression,B2,4,11,3,noun,3.82,0,0,1,0,0
compromise,B1,3,10,4,noun,4.15,0,0,1,0,0
compromise,B2,4,10,4,noun,4.15,0,0,1,0,0
compulsory,B2,4,10,4,adjective,3.7,1,0,0,0,0
compute,B2,4,7,3,verb,3.41,0,0,0,0,1
computer,A1,1,8,3,noun,4.97,0,0,1,0,0
conceal,B2,4,7,2,verb,3.52,0,0,0,0,1
concede,B2,4,7,3,verb,3.48,0,0,0,0,1
conceit,B2,4,7,2,noun,2.82,0,0,1,0,0
conceivable,B2,4,11,4,adjective,3.17,1,0,0,0,0
conceive,B2,4,8,3,verb,3.4,0,0,0,0,1
concentrate,A2,2,11,4,noun,4.07,0,0,1,0,0
concentration,B1,3,13,4,noun,4.27,0,0,1,0,0
concept,B1,3,7,2,noun,4.77,0,0,1,0,0
conception,B2,4,10,3,noun,3.75,0,0,1,0,0
concern,A2,2,7,2,noun,4.66,0,0,1,0,0
concern,B2,4,7,2,noun,4.66,0,0,1,0,0
concerned,B1,3,9,3,verb,4.75,0,0,0,0,1
concerning,B2,4,10,3,verb,4.31,0,0,0,0,1
concert,A1,1,7,2,noun,4.55,0,0,1,0,0
concession,B2,4,10,3,noun,3.57,0,0,1,0,0
conclude,B1,3,8,3,verb,3.9,0,0,0,0,1
conclusion,B1,3,10,3,noun,4.4,0,0,1,0,0
concrete,B2,4,8,3,noun,4.44,0,0,1,0,0
condemn,B2,4,7,2,verb,3.72,0,0,0,0,1
condition,A2,2,9,3,noun,4.86,0,0,1,0,0
conduct,B1,3,7,2,noun,4.52,0,0,1,0,0
conduct,B2,4,7,2,noun,4.52,0,0,1,0,0
conductor,B2,4,9,3,noun,3.8,0,0,1,0,0
cone,B2,4,4,1,noun,3.83,0,0,1,0,0
conference,B2,4,10,4,noun,5.01,0,0,1,0,0
conferencing,B2,4,12,4,unknown,2.72,0,0,0,1,0
confess,B2,4,7,2,verb,3.82,0,0,0,0,1
confession,B2,4,10,3,noun,3.88,0,0,1,0,0
confidence,B1,3,10,4,noun,4.65,0,0,1,0,0
confident,A2,2,9,3,adjective,4.43,1,0,0,0,0
confidently,B2,4,11,4,adverb,3.41,0,1,0,0,0
confine,B2,4,7,3,verb,2.92,0,0,0,0,1
confirm,B1,3,7,2,verb,4.4,0,0,0,0,1
confirmation,B1,3,12,4,noun,4.08,0,0,1,0,0
conflict,B1,3,8,2,noun,4.64,0,0,1,0,0
confront,B2,4,8,2,verb,3.8,0,0,0,0,1
confuse,A2,2,7,3,verb,3.67,0,0,0,0,1
confused,A2,2,8,3,verb,4.47,0,0,0,0,1
confusing,B1,3,9,3,verb,4.02,0,0,0,0,1
confusion,B1,3,9,3,noun,4.19,0,0,1,0,0
congratulate,B1,3,12,5,verb,3.59,0,0,0,0,1
conjunction,B2,4,11,3,noun,3.93,0,0,1,0,0
connect,B1,3,7,2,verb,4.38,0,0,0,0,1
connection/connexion,B1,3,20,6,unknown,2.46,0,0,0,1,0
conquer,B1,3,7,2,verb,3.77,0,0,0,0,1
conquest,B2,4,8,2,noun,3.77,0,0,1,0,0
conscience,B2,4,10,3,noun,3.96,0,0,1,0,0
conscious,B1,3,9,2,adjective,4.18,1,0,0,0,0
consciousness,B2,4,13,3,noun,4.13,0,0,1,0,0
consensus,B2,4,9,3,noun,4.1,0,0,1,0,0
consent,B2,4,7,2,noun,4.36,0,0,1,0,0
consequence,A2,2,11,4,noun,4.07,0,0,1,0,0
consequently,B1,3,12,4,adverb,3.94,0,1,0,0,0
conservation,B1,3,12,4,noun,4.33,0,0,1,0,0
conservative,B1,3,12,5,noun,4.61,0,0,1,0,0
consider,A2,2,8,3,verb,4.99,0,0,0,0,1
considerable,B1,3,12,5,adjective,4.25,1,0,0,0,0
considerably,B2,4,12,5,adverb,4.0,0,1,0,0,0
consideration,B1,3,13,5,noun,4.28,0,0,1,0,0
considering,B2,4,11,4,verb,4.64,0,0,0,0,1
consist,A2,2,7,2,verb,3.94,0,0,0,0,1
consistent,B2,4,10,3,adjective,4.48,1,0,0,0,0
consolation,B2,4,11,4,noun,3.54,0,0,1,0,0
console,B2,4,7,3,noun,4.08,0,0,1,0,0
consonant,B1,3,9,3,noun,3.09,0,0,1,0,0
constant,B2,4,8,2,noun,4.54,0,0,1,0,0
constantly,B1,3,10,3,adverb,4.53,0,1,0,0,0
constitute,B1,3,10,4,verb,3.85,0,0,0,0,1
constitution,B1,3,12,4,noun,4.56,0,0,1,0,0
construct,B1,3,9,2,noun,3.98,0,0,1,0,0
construction,B1,3,12,3,noun,4.97,0,0,1,0,0
consult,B2,4,7,2,verb,3.87,0,0,0,0,1
consultant,B2,4,10,3,noun,4.13,0,0,1,0,0
consume,B1,3,7,3,verb,3.88,0,0,0,0,1
consumer,B1,3,8,3,noun,4.56,0,0,1,0,0
consumption,B1,3,11,3,noun,4.35,0,0,1,0,0
contact,A2,2,7,2,noun,4.99,0,0,1,0,0
contain,B1,3,7,2,verb,4.5,0,0,0,0,1
container,A2,2,9,3,noun,4.03,0,0,1,0,0
contaminate,B2,4,11,5,verb,2.83,0,0,0,0,1
contemporary,B2,4,12,5,noun,4.49,0,0,1,0,0
contempt,B2,4,8,2,noun,3.74,0,0,1,0,0
content,B2,4,7,2,noun,5.0,0,0,1,0,0
content,B1,3,7,2,noun,5.0,0,0,1,0,0
contest,A1,1,7,2,noun,4.53,0,0,1,0,0
context,A2,2,7,2,noun,4.63,0,0,1,0,0
continent,A2,2,9,3,noun,4.07,0,0,1,0,0
continual,B1,3,9,3,adjective,3.35,1,0,0,0,0
continually,B1,3,11,4,adverb,3.91,0,1,0,0,0
continue,A2,2,8,3,verb,5.08,0,0,0,0,1
continuous,B1,3,10,3,adjective,4.21,1,0,0,0,0
continuously,B1,3,12,4,adverb,3.97,0,1,0,0,0
contract,B2,4,8,2,noun,4.94,0,0,1,0,0
contradict,B2,4,10,3,verb,3.35,0,0,0,0,1
contradiction,B2,4,13,4,noun,3.45,0,0,1,0,0
contradictory,B2,4,13,5,noun,3.48,0,0,1,0,0
contrary,B1,3,8,3,noun,4.17,0,0,1,0,0
contrast,A2,2,8,2,noun,4.46,0,0,1,0,0
contribute,B1,3,10,4,verb,4.34,0,0,0,0,1
contribution,B1,3,12,4,noun,4.34,0,0,1,0,0
control,A2,2,7,2,noun,5.4,0,0,1,0,0
control,B1,3,7,2,noun,5.4,0,0,1,0,0
controversial,B1,3,13,4,adjective,4.23,1,0,0,0,0
controversy,B2,4,11,4,noun,4.26,0,0,1,0,0
convenience,A2,2,11,4,noun,4.02,0,0,1,0,0
convenient,A2,2,10,3,adjective,4.15,1,0,0,0,0
conveniently,B2,4,12,4,adverb,3.58,0,1,0,0,0
convention,B2,4,10,3,noun,4.5,0,0,1,0,0
conventional,B2,4,12,4,adjective,4.25,1,0,0,0,0
conversation,A1,1,12,4,noun,4.75,0,0,1,0,0
converse,B2,4,8,3,noun,3.48,0,0,1,0,0
conversely,B2,4,10,4,adverb,3.53,0,1,0,0,0
conversion,B2,4,10,3,noun,4.24,0,0,1,0,0
convert,B2,4,7,2,noun,4.11,0,0,1,0,0
convey,B1,3,6,2,verb,3.83,0,0,0,0,1
convince,B1,3,8,3,verb,4.26,0,0,0,0,1
convinced,B2,4,9,3,verb,4.4,0,0,0,0,1
cook,A1,1,4,1,noun,4.65,0,0,1,0,0
cooker,A2,2,6,2,noun,3.34,0,0,1,0,0
cookie,A1,1,6,2,noun,4.07,0,0,1,0,0
cooking,A2,2,7,2,noun,4.45,0,0,1,0,0
cool,A1,1,4,1,noun,5.15,0,0,1,0,0
cool,B2,4,4,1,noun,5.15,0,0,1,0,0
cooler,A2,2,6,2,noun,3.96,0,0,1,0,0
cooperate,B2,4,9,4,verb,3.79,0,0,0,0,1
cooperation,B2,4,11,4,noun,4.3,0,0,1,0,0
cooperative,B2,4,11,5,noun,3.86,0,0,1,0,0
cop,A1,1,3,1,noun,4.37,0,0,1,0,0
cope,B2,4,4,1,noun,4.04,0,0,1,0,0
copper,B2,4,6,2,noun,4.27,0,0,1,0,0
copy,A1,1,4,2,noun,4.77,0,0,1,0,0
copy,A2,2,4,2,noun,4.77,0,0,1,0,0
copyright,B1,3,9,3,noun,4.24,0,0,1,0,0
coral,B2,4,5,2,noun,3.86,0,0,1,0,0
core,B2,4,4,1,noun,4.73,0,0,1,0,0
corn,A1,1,4,1,noun,4.19,0,0,1,0,0
corner,A1,1,6,2,noun,4.75,0,0,1,0,0
cornerstone,B2,4,11,4,noun,3.39,0,0,1,0,0
cornet,B2,4,6,2,noun,2.81,0,0,1,0,0
corona,B2,4,6,3,noun,3.42,0,0,1,0,0
corporal,B2,4,8,3,noun,3.65,0,0,1,0,0
corporate,B2,4,9,4,adjective,4.64,1,0,0,0,0
corporation,B2,4,11,4,noun,4.59,0,0,1,0,0
correct,A1,1,7,2,verb,4.79,0,0,0,0,1
correct,B2,4,7,2,verb,4.79,0,0,0,0,1
correction,B1,3,10,3,noun,3.95,0,0,1,0,0
correctly,A2,2,9,3,adverb,4.21,0,1,0,0,0
correctness,B2,4,11,3,noun,3.39,0,0,1,0,0
correspond,B2,4,10,3,verb,3.5,0,0,0,0,1
correspondence,B2,4,14,5,noun,3.85,0,0,1,0,0
correspondent,B2,4,13,4,noun,3.86,0,0,1,0,0
corresponding,B2,4,13,4,verb,4.13,0,0,0,0,1
corridor,B2,4,8,3,noun,3.88,0,0,1,0,0
corrupt,B2,4,7,2,verb,4.14,0,0,0,0,1
corruption,B2,4,10,3,noun,4.35,0,0,1,0,0
cost,A2,2,4,1,noun,5.24,0,0,1,0,0
costly,B2,4,6,2,adjective,3.93,1,0,0,0,0
costume,B2,4,7,3,noun,4.18,0,0,1,0,0
cottage,B2,4,7,3,noun,4.0,0,0,1,0,0
cotton,B1,3,6,2,noun,4.35,0,0,1,0,0
couch,A1,1,5,1,noun,4.17,0,0,1,0,0
cough,B2,4,5,1,noun,3.95,0,0,1,0,0
cough,B1,3,5,1,noun,3.95,0,0,1,0,0
could,A1,1,5,1,unknown,6.06,0,0,0,1,0
council,B1,3,7,2,noun,5.08,0,0,1,0,0
counseling/counselling,B1,3,22,6,unknown,3.32,0,0,0,1,0
count,B1,3,5,1,noun,4.83,0,0,1,0,0
count,A2,2,5,1,noun,4.83,0,0,1,0,0
counter,B2,4,7,2,noun,4.56,0,0,1,0,0
counter,B1,3,7,2,noun,4.56,0,0,1,0,0
countless,B1,3,9,2,adjective,3.96,1,0,0,0,0
country,A2,2,7,2,noun,5.48,0,0,1,0,0
countryman,B2,4,10,3,noun,2.9,0,0,1,0,0
countryside,A2,2,11,4,noun,3.92,0,0,1,0,0
countrywide,B2,4,11,4,adjective,2.73,1,0,0,0,0
county,B1,3,6,2,noun,5.19,0,0,1,0,0
couple,A2,2,6,2,noun,5.19,0,0,1,0,0
courage,B1,3,7,3,noun,4.32,0,0,1,0,0
courageous,B1,3,10,3,adjective,3.59,1,0,0,0,0
courgette,B1,3,9,3,noun,2.19,0,0,1,0,0
course,A1,1,6,2,noun,5.44,0,0,1,0,0
court,A2,2,5,1,noun,5.41,0,0,1,0,0
courtesy,B2,4,8,3,noun,4.13,0,0,1,0,0
cousin,A1,1,6,2,noun,4.41,0,0,1,0,0
cover,A1,1,5,2,noun,5.08,0,0,1,0,0
cover,A2,2,5,2,noun,5.08,0,0,1,0,0
cow,A1,1,3,1,noun,4.14,0,0,1,0,0
coward,B2,4,6,2,noun,3.67,0,0,1,0,0
cowardly,B2,4,8,3,adjective,3.42,1,0,0,0,0
coziness/cosiness,B2,4,17,6,unknown,1.47,0,0,0,1,0
cozy/cosy,B2,4,9,4,unknown,3.14,0,0,0,1,0
crab,B2,4,4,1,noun,3.76,0,0,1,0,0
crack,B2,4,5,1,noun,4.41,0,0,1,0,0
craft,B1,3,5,1,noun,4.3,0,0,1,0,0
craftsman,B2,4,9,2,noun,3.22,0,0,1,0,0
crash,B1,3,5,1,noun,4.55,0,0,1,0,0
crater,B2,4,6,2,noun,3.55,0,0,1,0,0
crawl,B2,4,5,1,noun,3.77,0,0,1,0,0
crazy,A2,2,5,2,noun,5.07,0,0,1,0,0
cream,A2,2,5,1,noun,4.62,0,0,1,0,0
cream,A1,1,5,1,noun,4.62,0,0,1,0,0
crease,B2,4,6,2,noun,3.31,0,0,1,0,0
create,A2,2,6,2,verb,5.02,0,0,0,0,1
creation,B2,4,8,2,noun,4.56,0,0,1,0,0
creative,A2,2,8,3,adjective,4.6,1,0,0,0,0
creatively,B2,4,10,4,adverb,3.1,0,1,0,0,0
creativity,A2,2,10,4,noun,4.01,0,0,1,0,0
creator,B1,3,7,2,noun,4.21,0,0,1,0,0
creature,A2,2,8,3,noun,4.16,0,0,1,0,0
credit,A2,2,6,2,noun,5.0,0,0,1,0,0
credit card,A1,1,11,3,unknown,4.72,0,0,0,1,0
creek,B2,4,5,1,noun,4.37,0,0,1,0,0
creepy,B2,4,6,2,adjective,4.04,1,0,0,0,0
crew,B2,4,4,1,noun,4.7,0,0,1,0,0
cricket,A2,2,7,2,noun,4.39,0,0,1,0,0
crime,A2,2,5,2,noun,4.89,0,0,1,0,0
criminal,B2,4,8,3,noun,4.75,0,0,1,0,0
criminal,B1,3,8,3,noun,4.75,0,0,1,0,0
cripple,B2,4,7,2,noun,3.22,0,0,1,0,0
crisis,B1,3,6,2,noun,4.62,0,0,1,0,0
crisp,A2,2,5,1,noun,3.7,0,0,1,0,0
critic,B1,3,6,2,noun,3.95,0,0,1,0,0
critical,B1,3,8,3,adjective,4.83,1,0,0,0,0
critically,B2,4,10,4,adverb,3.88,0,1,0,0,0
criticism,B2,4,9,3,noun,4.49,0,0,1,0,0
criticize/criticise,A2,2,19,8,unknown,3.06,0,0,0,1,0
crocodile,B2,4,9,4,noun,3.49,0,0,1,0,0
crop,B1,3,4,1,noun,4.15,0,0,1,0,0
cross,A2,2,5,1,noun,5.0,0,0,1,0,0
crossing,B1,3,8,2,noun,4.33,0,0,1,0,0
crossly,B2,4,7,2,adverb,1.42,0,1,0,0,0
crossroads,B1,3,10,2,noun,3.48,0,0,1,0,0
crow,B1,3,4,1,noun,3.8,0,0,1,0,0
crowd,A2,2,5,1,noun,4.7,0,0,1,0,0
crowded,A2,2,7,2,verb,3.98,0,0,0,0,1
crown,A2,2,5,1,noun,4.56,0,0,1,0,0
crucial,B2,4,7,2,adjective,4.28,1,0,0,0,0
cruel,B1,3,5,1,adjective,4.12,1,0,0,0,0
cruelly,B2,4,7,2,adverb,2.95,0,1,0,0,0
cruelty,B2,4,7,2,noun,3.76,0,0,1,0,0
cruise,A2,2,6,2,noun,4.22,0,0,1,0,0
cruise,B2,4,6,2,noun,4.22,0,0,1,0,0
crush,B1,3,5,1,noun,4.17,0,0,1,0,0
cry,A1,1,3,1,noun,4.59,0,0,1,0,0
cry,A2,2,3,1,noun,4.59,0,0,1,0,0
crystallize/crystallise,B2,4,23,8,unknown,1.8,0,0,0,1,0
cube,B2,4,4,1,noun,3.82,0,0,1,0,0
cubism,B2,4,6,2,noun,2.4,0,0,1,0,0
cucumber,B1,3,8,3,noun,3.41,0,0,1,0,0
cuff,B2,4,4,1,noun,3.51,0,0,1,0,0
culmination,B2,4,11,4,noun,3.26,0,0,1,0,0
cultivate,B1,3,9,4,verb,3.42,0,0,0,0,1
cultural,B1,3,8,3,adjective,4.75,1,0,0,0,0
culturally,B2,4,10,4,adverb,3.64,0,1,0,0,0
culture,A1,1,7,3,noun,5.03,0,0,1,0,0
cup,A1,1,3,1,noun,5.11,0,0,1,0,0
cupboard,A2,2,8,2,noun,3.44,0,0,1,0,0
cure,B1,3,4,1,noun,4.32,0,0,1,0,0
cure,B2,4,4,1,noun,4.32,0,0,1,0,0
curiosity,B1,3,9,4,noun,3.97,0,0,1,0,0
curious,B1,3,7,2,adjective,4.45,1,0,0,0,0
curiously,B1,3,9,3,adverb,3.2,0,1,0,0,0
curl,B2,4,4,1,noun,3.52,0,0,1,0,0
curly,B1,3,5,2,adjective,3.6,1,0,0,0,0
currency,B1,3,8,3,noun,4.37,0,0,1,0,0
current,B1,3,7,2,noun,5.27,0,0,1,0,0
currently,B1,3,9,3,adverb,5.08,0,1,0,0,0
curriculum,B1,3,10,4,noun,4.12,0,0,1,0,0
curry,A2,2,5,2,noun,3.96,0,0,1,0,0
curse,A2,2,5,2,noun,4.07,0,0,1,0,0
cursor,B2,4,6,2,noun,3.09,0,0,1,0,0
curtain,B1,3,7,2,noun,3.86,0,0,1,0,0
curve,B1,3,5,2,noun,4.14,0,0,1,0,0
cushion,B1,3,7,2,noun,3.58,0,0,1,0,0
custom,A2,2,6,2,noun,4.43,0,0,1,0,0
customer,A2,2,8,3,noun,4.61,0,0,1,0,0
customs,B1,3,7,2,noun,4.19,0,0,1,0,0
cut,B1,3,3,1,noun,5.24,0,0,1,0,0
cut,A1,1,3,1,noun,5.24,0,0,1,0,0
cute,A1,1,4,1,adjective,4.65,1,0,0,0,0
CV,B1,3,2,1,noun,3.61,0,0,1,0,0
cyberaddict,B2,4,11,4,unknown,0.0,0,0,0,1,0
cybercafe/cybercafé,B2,4,19,7,unknown,0.0,0,0,0,1,0
cybercrime,B2,4,10,4,noun,2.74,0,0,1,0,0
cyberpet,B2,4,8,3,unknown,0.0,0,0,0,1,0
cyberschool,B2,4,11,3,unknown,0.0,0,0,0,1,0
cyberspace,B2,4,10,4,noun,2.99,0,0,1,0,0
cycle,B1,3,5,2,noun,4.6,0,0,1,0,0
cycling,A2,2,7,2,noun,4.1,0,0,1,0,0
cyclist,B2,4,7,2,noun,3.58,0,0,1,0,0
dad,A1,1,3,1,noun,4.95,0,0,1,0,0
daddy,A1,1,5,2,noun,4.36,0,0,1,0,0
daft,B2,4,4,1,adjective,3.44,1,0,0,0,0
daily,A2,2,5,2,noun,5.07,0,0,1,0,0
daisy,B1,3,5,2,noun,3.78,0,0,1,0,0
dam,A2,2,3,1,noun,4.17,0,0,1,0,0
damage,B1,3,6,3,noun,4.9,0,0,1,0,0
damaged,B1,3,7,3,verb,4.39,0,0,0,0,1
damn,B2,4,4,1,noun,5.09,0,0,1,0,0
damp,B1,3,4,1,noun,3.62,0,0,1,0,0
dance,A1,1,5,2,noun,4.93,0,0,1,0,0
dancer,A2,2,6,2,noun,3.99,0,0,1,0,0
dancing,A1,1,7,2,noun,4.5,0,0,1,0,0
dandelion,B2,4,9,3,noun,2.9,0,0,1,0,0
danger,A2,2,6,2,noun,4.59,0,0,1,0,0
dangerous,A2,2,9,3,adjective,4.79,1,0,0,0,0
dangerously,B1,3,11,4,adverb,3.47,0,1,0,0,0
dare,B1,3,4,1,noun,4.31,0,0,1,0,0
dark,A1,1,4,1,noun,5.04,0,0,1,0,0
darkness,B1,3,8,2,noun,4.3,0,0,1,0,0
darling,B2,4,7,2,noun,4.09,0,0,1,0,0
dash,B2,4,4,1,noun,4.0,0,0,1,0,0
data,B2,4,4,2,noun,5.34,0,0,1,0,0
database,B2,4,8,4,noun,4.31,0,0,1,0,0
date,A1,1,4,1,noun,5.22,0,0,1,0,0
date,B1,3,4,1,noun,5.22,0,0,1,0,0
dated,B2,4,5,2,verb,4.29,0,0,0,0,1
dating,B1,3,6,2,noun,4.7,0,0,1,0,0
daughter,A1,1,8,2,noun,5.07,0,0,1,0,0
daughter-in-law,B2,4,15,4,noun,4.92,0,0,1,0,0
dawn,B2,4,4,1,noun,4.27,0,0,1,0,0
day,A1,1,3,1,noun,5.95,0,0,1,0,0
daylight,A2,2,8,2,noun,3.84,0,0,1,0,0
daytime,B2,4,7,3,noun,3.66,0,0,1,0,0
daze,B1,3,4,1,noun,2.89,0,0,1,0,0
dazzle,B1,3,6,2,noun,3.02,0,0,1,0,0
de facto,B2,4,8,3,unknown,3.57,0,0,0,1,0
dead,A2,2,4,1,noun,5.19,0,0,1,0,0
deadline,B1,3,8,3,noun,4.12,0,0,1,0,0
deadly,B1,3,6,2,adjective,4.16,1,0,0,0,0
deaf,B1,3,4,1,noun,3.99,0,0,1,0,0
deal,A2,2,4,1,noun,5.32,0,0,1,0,0
deal,B1,3,4,1,noun,5.32,0,0,1,0,0
dealer,B1,3,6,2,noun,4.19,0,0,1,0,0
dear,A1,1,4,1,noun,4.77,0,0,1,0,0
dear,B2,4,4,1,noun,4.77,0,0,1,0,0
dearly,B2,4,6,2,adverb,3.48,0,1,0,0,0
death,A2,2,5,1,noun,5.4,0,0,1,0,0
debate,A2,2,6,3,noun,4.64,0,0,1,0,0
debit,B2,4,5,2,noun,3.62,0,0,1,0,0
debit card,B2,4,10,3,unknown,3.6,0,0,0,1,0
debris,B1,3,6,2,noun,3.92,0,0,1,0,0
debt,B1,3,4,1,noun,4.69,0,0,1,0,0
decade,B2,4,6,3,noun,4.52,0,0,1,0,0
decay,B2,4,5,2,noun,3.83,0,0,1,0,0
deceive,B2,4,7,3,verb,3.38,0,0,0,0,1
December,A1,1,8,3,noun,5.07,0,0,1,0,0
decent,B2,4,6,2,adjective,4.4,1,0,0,0,0
deceptive,B2,4,9,4,adjective,3.34,1,0,0,0,0
decide,A2,2,6,3,verb,4.78,0,0,0,0,1
decision,B1,3,8,3,noun,5.09,0,0,1,0,0
decisive,B2,4,8,4,adjective,3.8,1,0,0,0,0
deck,B2,4,4,1,noun,4.41,0,0,1,0,0
declaration,B1,3,11,4,noun,4.1,0,0,1,0,0
declare,B1,3,7,3,verb,4.05,0,0,0,0,1
decline,B1,3,7,3,noun,4.4,0,0,1,0,0
decline,B2,4,7,3,noun,4.4,0,0,1,0,0
decomposition,B2,4,13,5,noun,3.26,0,0,1,0,0
decorate,B2,4,8,4,verb,3.36,0,0,0,0,1
decoration,B2,4,10,4,noun,3.82,0,0,1,0,0
decorative,B2,4,10,5,adjective,3.8,1,0,0,0,0
decrease,B1,3,8,3,noun,4.17,0,0,1,0,0
dedicate,B1,3,8,4,verb,3.51,0,0,0,0,1
dedication,B2,4,10,4,noun,3.96,0,0,1,0,0
deduce,B2,4,6,3,verb,2.97,0,0,0,0,1
deduction,B2,4,9,3,noun,3.46,0,0,1,0,0
deed,B1,3,4,1,noun,3.75,0,0,1,0,0
deem,B2,4,4,1,verb,3.34,0,0,0,0,1
deep,B2,4,4,1,noun,5.05,0,0,1,0,0
deep,A2,2,4,1,noun,5.05,0,0,1,0,0
deeply,A2,2,6,2,adverb,4.44,0,1,0,0,0
deer,B2,4,4,1,noun,4.12,0,0,1,0,0
defeat,B2,4,6,2,noun,4.51,0,0,1,0,0
defeat,B1,3,6,2,noun,4.51,0,0,1,0,0
defend,B1,3,6,2,verb,4.47,0,0,0,0,1
defender,B1,3,8,3,noun,4.11,0,0,1,0,0
defense/defence,B1,3,15,6,unknown,4.37,0,0,0,1,0
deficiency,B1,3,10,4,noun,3.64,0,0,1,0,0
deficit,B2,4,7,3,noun,4.06,0,0,1,0,0
define,B1,3,6,3,verb,4.31,0,0,0,0,1
definite,B1,3,8,4,adjective,3.78,1,0,0,0,0
definite article,B1,3,16,7,unknown,3.76,0,0,0,1,0
definitely,B1,3,10,5,adverb,4.96,0,1,0,0,0
definition,B1,3,10,4,noun,4.58,0,0,1,0,0
deforestation,B2,4,13,5,noun,3.2,0,0,1,0,0
defy,B2,4,4,2,verb,3.42,0,0,0,0,1
degree,A2,2,6,2,noun,4.94,0,0,1,0,0
dehumanize/dehumanise,B2,4,21,10,unknown,1.47,0,0,0,1,0
delay,A2,2,5,2,noun,4.4,0,0,1,0,0
delay,B1,3,5,2,noun,4.4,0,0,1,0,0
delegate,B2,4,8,4,noun,3.7,0,0,1,0,0
delete,B1,3,6,3,verb,4.22,0,0,0,0,1
deliberate,B2,4,10,5,verb,3.82,0,0,0,0,1
deliberately,B2,4,12,6,adverb,4.02,0,1,0,0,0
delicacy,B2,4,8,4,noun,3.18,0,0,1,0,0
delicate,B1,3,8,4,adjective,4.01,1,0,0,0,0
delicately,B2,4,10,5,adverb,3.05,0,1,0,0,0
delicious,A1,1,9,3,noun,4.34,0,0,1,0,0
delight,B1,3,7,2,noun,3.97,0,0,1,0,0
delight,B2,4,7,2,noun,3.97,0,0,1,0,0
delighted,B1,3,9,3,verb,4.09,0,0,0,0,1
delightful,B1,3,10,3,adjective,3.77,1,0,0,0,0
deliver,B1,3,7,3,verb,4.55,0,0,0,0,1
delivery,B1,3,8,4,noun,4.59,0,0,1,0,0
demand,B1,3,6,2,noun,4.84,0,0,1,0,0
demanding,B2,4,9,3,verb,4.13,0,0,0,0,1
democracy,B1,3,9,4,noun,4.51,0,0,1,0,0
democratic,B1,3,10,4,adjective,4.73,1,0,0,0,0
demolish,B2,4,8,3,verb,3.18,0,0,0,0,1
demonstrate,B1,3,11,4,verb,4.2,0,0,0,0,1
demonstration,B1,3,13,4,noun,4.06,0,0,1,0,0
denim,B2,4,5,2,noun,3.52,0,0,1,0,0
dense,B2,4,5,2,adjective,3.98,1,0,0,0,0
densely,B2,4,7,3,adverb,3.42,0,1,0,0,0
dental,B2,4,6,2,noun,4.11,0,0,1,0,0
dentist,A2,2,7,2,noun,3.86,0,0,1,0,0
deny,B1,3,4,2,verb,4.34,0,0,0,0,1
depart,B1,3,6,2,verb,3.67,0,0,0,0,1
department,B1,3,10,3,noun,5.23,0,0,1,0,0
department store,A2,2,16,5,unknown,4.81,0,0,0,1,0
departure,B1,3,9,4,noun,4.22,0,0,1,0,0
depend,A2,2,6,2,verb,4.2,0,0,0,0,1
dependable,B2,4,10,4,adjective,3.25,1,0,0,0,0
dependent,B1,3,9,3,noun,4.28,0,0,1,0,0
deposit,B1,3,7,3,noun,4.24,0,0,1,0,0
deposit,B2,4,7,3,noun,4.24,0,0,1,0,0
depressed,B1,3,9,3,verb,4.14,0,0,0,0,1
depressing,B1,3,10,3,verb,3.83,0,0,0,0,1
depression,B1,3,10,3,noun,4.56,0,0,1,0,0
deprive,B1,3,7,3,verb,3.19,0,0,0,0,1
depth,B1,3,5,1,noun,4.55,0,0,1,0,0
deputy,B2,4,6,3,noun,4.55,0,0,1,0,0
derive,B1,3,6,3,verb,3.51,0,0,0,0,1
descend,B2,4,7,2,verb,3.51,0,0,0,0,1
describe,A1,1,8,3,verb,4.56,0,0,0,0,1
description,A2,2,11,3,noun,4.73,0,0,1,0,0
descriptive,B2,4,11,4,adjective,3.54,1,0,0,0,0
desert,A2,2,6,2,noun,4.4,0,0,1,0,0
deserve,B1,3,7,3,verb,4.59,0,0,0,0,1
design,A1,1,6,2,noun,5.17,0,0,1,0,0
design,B1,3,6,2,noun,5.17,0,0,1,0,0
designer,B2,4,8,3,noun,4.42,0,0,1,0,0
designer,B1,3,8,3,noun,4.42,0,0,1,0,0
desirable,B2,4,9,4,adjective,3.85,1,0,0,0,0
desire,B1,3,6,3,noun,4.61,0,0,1,0,0
desire,B2,4,6,3,noun,4.61,0,0,1,0,0
desk,A1,1,4,1,noun,4.43,0,0,1,0,0
desktop,B2,4,7,2,noun,3.93,0,0,1,0,0
desolation,B2,4,10,4,noun,3.03,0,0,1,0,0
despair,B1,3,7,2,noun,3.82,0,0,1,0,0
desperate,B1,3,9,4,noun,4.32,0,0,1,0,0
desperately,B2,4,11,5,adverb,3.98,0,1,0,0,0
desperation,B2,4,11,4,noun,3.55,0,0,1,0,0
despise,B2,4,7,3,verb,3.5,0,0,0,0,1
despite,B1,3,7,3,noun,5.0,0,0,1,0,0
dessert,A2,2,7,2,noun,3.83,0,0,1,0,0
destination,B1,3,11,4,noun,4.24,0,0,1,0,0
destiny,B2,4,7,3,noun,4.19,0,0,1,0,0
destroy,A2,2,7,2,verb,4.52,0,0,0,0,1
destruction,B1,3,11,3,noun,4.36,0,0,1,0,0
destructive,B1,3,11,4,adjective,3.89,1,0,0,0,0
detach,B2,4,6,2,verb,2.99,0,0,0,0,1
detachment,B2,4,10,3,noun,3.46,0,0,1,0,0
detail,A2,2,6,2,noun,4.57,0,0,1,0,0
detailed,B2,4,8,3,verb,4.51,0,0,0,0,1
detect,B2,4,6,2,verb,4.05,0,0,0,0,1
detective,B1,3,9,4,noun,4.21,0,0,1,0,0
determination,B1,3,13,5,noun,4.16,0,0,1,0,0
determine,B1,3,9,4,verb,4.63,0,0,0,0,1
determined,B2,4,10,4,verb,4.64,0,0,0,0,1
determiner,B2,4,10,4,noun,2.14,0,0,1,0,0
devastate,B1,3,9,4,verb,2.62,0,0,0,0,1
devastating,B1,3,11,4,verb,3.85,0,0,0,0,1
develop,A2,2,7,3,verb,4.75,0,0,0,0,1
developed,A2,2,9,4,verb,4.95,0,0,0,0,1
developing,B2,4,10,4,noun,4.66,0,0,1,0,0
development,B1,3,11,4,noun,5.31,0,0,1,0,0
device,B1,3,6,3,noun,4.67,0,0,1,0,0
devil,B2,4,5,2,noun,4.3,0,0,1,0,0
devote,B2,4,6,3,verb,3.53,0,0,0,0,1
devoted,B2,4,7,3,verb,4.18,0,0,0,0,1
devotion,B1,3,8,3,noun,3.73,0,0,1,0,0
diagram,B1,3,7,2,noun,3.85,0,0,1,0,0
dial,B1,3,4,1,noun,3.93,0,0,1,0,0
dialog/dialogue,B1,3,15,5,unknown,3.4,0,0,0,1,0
diameter,B1,3,8,3,noun,4.08,0,0,1,0,0
diamond,A2,2,7,2,noun,4.42,0,0,1,0,0
diaper,B1,3,6,2,noun,3.49,0,0,1,0,0
diarrhea/diarrhoea,B2,4,18,4,unknown,2.91,0,0,0,1,0
diary,A2,2,5,2,noun,4.09,0,0,1,0,0
dictator,B2,4,8,3,noun,3.66,0,0,1,0,0
dictionary,A1,1,10,4,noun,4.02,0,0,1,0,0
did,A1,1,3,1,verb,5.96,0,0,0,0,1
die,A2,2,3,1,noun,5.07,0,0,1,0,0
diet,A2,2,4,1,noun,4.57,0,0,1,0,0
differ,B1,3,6,2,verb,4.03,0,0,0,0,1
difference,A1,1,10,4,noun,5.01,0,0,1,0,0
different,A1,1,9,3,adjective,5.59,1,0,0,0,0
differently,A2,2,11,4,adverb,4.23,0,1,0,0,0
difficult,A1,1,9,3,adjective,5.07,1,0,0,0,0
difficulty,A2,2,10,4,noun,4.33,0,0,1,0,0
dig,A1,1,3,1,noun,4.22,0,0,1,0,0
dig,B1,3,3,1,noun,4.22,0,0,1,0,0
digest,B2,4,6,2,noun,3.71,0,0,1,0,0
digital,B1,3,7,3,adjective,4.83,1,0,0,0,0
digital camera,A2,2,14,6,unknown,4.55,0,0,0,1,0
dignify,B2,4,7,3,verb,2.34,0,0,0,0,1
dignity,B2,4,7,3,noun,4.02,0,0,1,0,0
dilemma,B2,4,7,3,noun,3.73,0,0,1,0,0
diligence,B1,3,9,4,noun,3.51,0,0,1,0,0
diligent,B1,3,8,3,adjective,3.23,1,0,0,0,0
dim,B2,4,3,1,verb,3.62,0,0,0,0,1
dime,B2,4,4,1,noun,3.66,0,0,1,0,0
dimension,B2,4,9,3,noun,4.02,0,0,1,0,0
dining room,A1,1,11,3,unknown,4.12,0,0,0,1,0
dinner,A1,1,6,2,noun,4.78,0,0,1,0,0
dinosaur,A2,2,8,3,noun,3.77,0,0,1,0,0
dioxide,B1,3,7,3,noun,3.81,0,0,1,0,0
dip,B2,4,3,1,noun,4.05,0,0,1,0,0
diphtheria,B2,4,10,3,noun,2.65,0,0,1,0,0
diploma,B2,4,7,3,noun,3.76,0,0,1,0,0
diplomat,B2,4,8,3,noun,3.69,0,0,1,0,0
direct,A2,2,6,2,verb,4.91,0,0,0,0,1
direct,B1,3,6,2,verb,4.91,0,0,0,0,1
direction,A2,2,9,3,noun,4.93,0,0,1,0,0
directly,B1,3,8,3,adverb,4.9,0,1,0,0,0
director,A2,2,8,3,noun,5.15,0,0,1,0,0
dirt,B1,3,4,1,noun,4.24,0,0,1,0,0
dirty,A1,1,5,2,verb,4.55,0,0,0,0,1
disability,B1,3,10,5,noun,4.21,0,0,1,0,0
disable,B1,3,7,3,verb,3.52,0,0,0,0,1
disabled,B1,3,8,3,noun,4.29,0,0,1,0,0
disadvantage,A2,2,12,5,noun,3.71,0,0,1,0,0
disagree,A2,2,8,3,verb,4.09,0,0,0,0,1
disagreement,B1,3,12,4,noun,3.66,0,0,1,0,0
disappear,A2,2,9,3,verb,4.09,0,0,0,0,1
disappearance,B2,4,13,5,noun,3.74,0,0,1,0,0
disappoint,B1,3,10,3,verb,3.67,0,0,0,0,1
disappointed,A2,2,12,4,verb,4.42,0,0,0,0,1
disappointing,A2,2,13,4,verb,4.02,0,0,0,0,1
disappointment,B1,3,14,4,noun,4.01,0,0,1,0,0
disapproval,B2,4,11,4,noun,3.28,0,0,1,0,0
disapprove,B2,4,10,4,verb,3.12,0,0,0,0,1
disaster,B1,3,8,3,noun,4.39,0,0,1,0,0
disastrous,B1,3,10,3,adjective,3.68,1,0,0,0,0
disc jockey/disk jockey,B1,3,23,6,unknown,3.15,0,0,0,1,0
discharge,B2,4,9,3,noun,3.93,0,0,1,0,0
disciple,B2,4,8,3,noun,3.38,0,0,1,0,0
discipline,B2,4,10,4,noun,4.23,0,0,1,0,0
disco,A2,2,5,2,noun,3.78,0,0,1,0,0
discomfort,B1,3,10,3,noun,3.65,0,0,1,0,0
disconnect,B2,4,10,3,noun,3.46,0,0,1,0,0
discount,B1,3,8,2,noun,4.35,0,0,1,0,0
discourage,B1,3,10,4,verb,3.57,0,0,0,0,1
discover,A2,2,8,3,verb,4.39,0,0,0,0,1
discovery,B1,3,9,4,noun,4.45,0,0,1,0,0
discredit,B2,4,9,3,noun,3.36,0,0,1,0,0
discriminate,B2,4,12,5,verb,3.51,0,0,0,0,1
discrimination,B1,3,14,5,noun,4.31,0,0,1,0,0
discuss,A1,1,7,2,noun,4.66,0,0,1,0,0
discussion,A2,2,10,3,noun,4.71,0,0,1,0,0
disease,B1,3,7,3,noun,4.9,0,0,1,0,0
disgrace,B2,4,8,3,noun,3.73,0,0,1,0,0
disguise,B2,4,8,3,noun,3.72,0,0,1,0,0
disgusting,B1,3,10,3,verb,4.23,0,0,0,0,1
dish,A1,1,4,1,noun,4.21,0,0,1,0,0
dishonest,A2,2,9,3,adjective,3.52,1,0,0,0,0
dishonesty,B2,4,10,4,noun,3.17,0,0,1,0,0
dishwasher,B1,3,10,3,noun,3.29,0,0,1,0,0
disillusion,B2,4,11,4,noun,2.43,0,0,1,0,0
disk/disc,B1,3,9,2,unknown,3.76,0,0,0,1,0
dislike,A2,2,7,3,noun,3.89,0,0,1,0,0
dislike,B1,3,7,3,noun,3.89,0,0,1,0,0
dismiss,B2,4,7,2,verb,3.85,0,0,0,0,1
disorder,B2,4,8,3,noun,4.31,0,0,1,0,0
disorderly,B2,4,10,4,adjective,3.15,1,0,0,0,0
disorganized/disorganised,B2,4,25,10,unknown,2.28,0,0,0,1,0
dispensable,B2,4,11,4,adjective,2.19,1,0,0,0,0
displace,B2,4,8,3,verb,2.97,0,0,0,0,1
display,A2,2,7,2,noun,4.63,0,0,1,0,0
display,B1,3,7,2,noun,4.63,0,0,1,0,0
displeasure,B2,4,11,4,noun,3.14,0,0,1,0,0
disposal,B2,4,8,3,noun,4.0,0,0,1,0,0
disposition,B2,4,11,4,noun,3.48,0,0,1,0,0
dispute,B2,4,7,3,noun,4.27,0,0,1,0,0
disqualify,B2,4,10,4,verb,2.94,0,0,0,0,1
disregard,B2,4,9,3,noun,3.66,0,0,1,0,0
disrupt,B2,4,7,2,verb,3.59,0,0,0,0,1
dissatisfaction,B2,4,15,5,noun,3.32,0,0,1,0,0
dissatisfied,B2,4,12,4,verb,3.31,0,0,0,0,1
dissident,B2,4,9,3,noun,3.1,0,0,1,0,0
dissolve,B1,3,8,3,noun,3.49,0,0,1,0,0
distance,B1,3,8,3,noun,4.85,0,0,1,0,0
distant,B1,3,7,2,adjective,4.19,1,0,0,0,0
distinction,B1,3,11,3,noun,4.1,0,0,1,0,0
distinctly,B1,3,10,3,adverb,3.53,0,1,0,0,0
distinguish,B1,3,11,3,verb,3.87,0,0,0,0,1
distinguished,B2,4,13,4,verb,4.2,0,0,0,0,1
distortion,B2,4,10,3,noun,3.55,0,0,1,0,0
distract,B2,4,8,2,verb,3.71,0,0,0,0,1
distraction,B2,4,11,3,noun,3.78,0,0,1,0,0
distressing,B2,4,11,3,verb,3.2,0,0,0,0,1
distribute,B1,3,10,4,verb,3.79,0,0,0,0,1
distribution,B1,3,12,4,noun,4.64,0,0,1,0,0
distributor,B2,4,11,4,noun,3.66,0,0,1,0,0
district,B1,3,8,2,noun,5.04,0,0,1,0,0
disturb,A2,2,7,2,verb,3.56,0,0,0,0,1
disturbance,B1,3,11,4,noun,3.61,0,0,1,0,0
dive,B1,3,4,1,noun,4.12,0,0,1,0,0
diver,B1,3,5,2,noun,3.41,0,0,1,0,0
diverse,B1,3,7,3,adjective,4.24,1,0,0,0,0
diversion,B2,4,9,3,noun,3.51,0,0,1,0,0
divert,B2,4,6,2,verb,3.42,0,0,0,0,1
divide,B1,3,6,3,noun,4.12,0,0,1,0,0
divide,A2,2,6,3,noun,4.12,0,0,1,0,0
divided,B2,4,7,3,verb,4.47,0,0,0,0,1
divine,B1,3,6,3,noun,4.24,0,0,1,0,0
diving,B1,3,6,2,noun,4.02,0,0,1,0,0
division,B2,4,8,3,noun,4.86,0,0,1,0,0
divorce,B2,4,7,3,noun,4.36,0,0,1,0,0
divorced,B1,3,8,3,verb,4.04,0,0,0,0,1
dizzy,A2,2,5,2,verb,3.43,0,0,0,0,1
DJ,B1,3,2,1,noun,4.23,0,0,1,0,0
DNA,B2,4,3,1,noun,4.49,0,0,1,0,0
do,A1,1,2,1,noun,6.35,0,0,1,0,0
doc,B1,3,3,1,noun,4.36,0,0,1,0,0
dock,B2,4,4,1,noun,3.99,0,0,1,0,0
doctor/Dr./Dr,A1,1,13,2,unknown,4.62,0,0,0,1,0
document,B1,3,8,3,noun,4.5,0,0,1,0,0
documentary,B1,3,11,5,noun,4.31,0,0,1,0,0
does,A1,1,4,1,noun,5.74,0,0,1,0,0
dog,A1,1,3,1,noun,5.1,0,0,1,0,0
doing,A1,1,5,1,verb,5.6,0,0,0,0,1
doll,A1,1,4,1,noun,4.06,0,0,1,0,0
dollar,A1,1,6,2,noun,4.59,0,0,1,0,0
dolphin,B1,3,7,2,noun,3.67,0,0,1,0,0
domestic,B2,4,8,3,noun,4.69,0,0,1,0,0
dominate,B2,4,8,4,verb,3.87,0,0,0,0,1
donate,B2,4,6,3,verb,4.04,0,0,0,0,1
donation,B2,4,8,3,noun,4.0,0,0,1,0,0
done,A2,2,4,1,verb,5.58,0,0,0,0,1
donkey,B2,4,6,2,noun,3.62,0,0,1,0,0
doom,B2,4,4,1,noun,3.81,0,0,1,0,0
door,A1,1,4,1,noun,5.08,0,0,1,0,0
doorkeeper,B2,4,10,3,noun,2.06,0,0,1,0,0
doorway,B2,4,7,2,noun,3.51,0,0,1,0,0
dorm,B2,4,4,1,noun,3.58,0,0,1,0,0
dormitory,B2,4,9,4,noun,3.12,0,0,1,0,0
dose,B2,4,4,1,noun,4.2,0,0,1,0,0
dot,B1,3,3,1,noun,4.05,0,0,1,0,0
double,A2,2,6,2,noun,5.01,0,0,1,0,0
double,B2,4,6,2,noun,5.01,0,0,1,0,0
doubly,B2,4,6,2,adverb,3.17,0,1,0,0,0
doubt,A2,2,5,1,noun,4.9,0,0,1,0,0
doubt,B2,4,5,1,noun,4.9,0,0,1,0,0
doubtful,B2,4,8,2,adjective,3.52,1,0,0,0,0
dove,B2,4,4,1,noun,3.67,0,0,1,0,0
down,B2,4,4,1,noun,5.88,0,0,1,0,0
down,A1,1,4,1,noun,5.88,0,0,1,0,0
down,A2,2,4,1,noun,5.88,0,0,1,0,0
downfall,B2,4,8,2,noun,3.54,0,0,1,0,0
download,B2,4,8,2,verb,4.68,0,0,0,0,1
download,A2,2,8,2,verb,4.68,0,0,0,0,1
downsize,B2,4,8,3,verb,2.65,0,0,0,0,1
downstairs,B1,3,10,2,adjective,3.72,1,0,0,0,0
downstairs,A2,2,10,2,adjective,3.72,1,0,0,0,0
downtown,A2,2,8,2,noun,4.4,0,0,1,0,0
downward,B1,3,8,2,adjective,3.71,1,0,0,0,0
dowry,B2,4,5,2,noun,3.13,0,0,1,0,0
doze,B1,3,4,2,noun,2.64,0,0,1,0,0
dozen,B1,3,5,2,noun,4.35,0,0,1,0,0
draft/draught,B2,4,13,2,unknown,3.07,0,0,0,1,0
drag,B1,3,4,1,noun,4.29,0,0,1,0,0
drain,B2,4,5,1,noun,4.07,0,0,1,0,0
drama,A1,1,5,2,noun,4.67,0,0,1,0,0
dramatic,B1,3,8,3,adjective,4.41,1,0,0,0,0
dramatically,B2,4,12,5,adverb,3.95,0,1,0,0,0
drapery,B2,4,7,3,noun,2.62,0,0,1,0,0
draw,A2,2,4,1,noun,4.81,0,0,1,0,0
draw,A1,1,4,1,noun,4.81,0,0,1,0,0
drawer,A2,2,6,2,noun,3.78,0,0,1,0,0
drawing,A2,2,7,2,noun,4.58,0,0,1,0,0
dread,B2,4,5,1,noun,3.64,0,0,1,0,0
dreadful,B2,4,8,2,adjective,3.66,1,0,0,0,0
dream,A1,1,5,1,noun,4.91,0,0,1,0,0
dream,A2,2,5,1,noun,4.91,0,0,1,0,0
dreamy,B2,4,6,2,adjective,3.23,1,0,0,0,0
dress,A1,1,5,1,noun,4.76,0,0,1,0,0
dress,A2,2,5,1,noun,4.76,0,0,1,0,0
dressed,A2,2,7,2,verb,4.42,0,0,0,0,1
drill,A2,2,5,1,noun,4.09,0,0,1,0,0
drink,A1,1,5,1,noun,4.9,0,0,1,0,0
drinkable,B2,4,9,3,noun,2.59,0,0,1,0,0
drive,A1,1,5,2,noun,5.13,0,0,1,0,0
drive,A2,2,5,2,noun,5.13,0,0,1,0,0
driver,A1,1,6,2,noun,4.75,0,0,1,0,0
driver's license/driving licence,A2,2,32,10,unknown,3.5,0,0,0,1,0
droop,B2,4,5,1,noun,2.51,0,0,1,0,0
drop,A2,2,4,1,noun,4.99,0,0,1,0,0
drop,A1,1,4,1,noun,4.99,0,0,1,0,0
dropout,B2,4,7,2,noun,3.08,0,0,1,0,0
drought,B2,4,7,1,noun,3.9,0,0,1,0,0
drown,B1,3,5,1,verb,3.68,0,0,0,0,1
drug,A2,2,4,1,noun,4.87,0,0,1,0,0
drugstore,A2,2,9,3,noun,3.07,0,0,1,0,0
drum,A1,1,4,1,noun,4.11,0,0,1,0,0
drunk,B1,3,5,1,noun,4.61,0,0,1,0,0
dry,A1,1,3,1,noun,4.74,0,0,1,0,0
dry,A2,2,3,1,noun,4.74,0,0,1,0,0
duck,A2,2,4,1,noun,4.21,0,0,1,0,0
dude,B1,3,4,1,noun,4.81,0,0,1,0,0
due,A1,1,3,1,noun,5.35,0,0,1,0,0
duel,B2,4,4,1,noun,3.65,0,0,1,0,0
dull,B1,3,4,1,verb,3.94,0,0,0,0,1
dumb,B2,4,4,1,adjective,4.54,1,0,0,0,0
dump,B1,3,4,1,noun,4.08,0,0,1,0,0
duplicate,B2,4,9,4,noun,3.59,0,0,1,0,0
duplication,B2,4,11,4,noun,3.16,0,0,1,0,0
during,A2,2,6,2,unknown,5.72,0,0,0,1,0
dust,A2,2,4,1,noun,4.41,0,0,1,0,0
dustbin,B1,3,7,2,noun,2.56,0,0,1,0,0
dusty,B1,3,5,2,adjective,3.67,1,0,0,0,0
duty,B1,3,4,2,noun,4.71,0,0,1,0,0
duty-free,B1,3,9,3,adjective,4.66,1,0,0,0,0
duvet,B1,3,5,2,noun,2.99,0,0,1,0,0
DVD,A1,1,3,1,noun,4.25,0,0,1,0,0
dwarf,B2,4,5,1,noun,3.75,0,0,1,0,0
dye,B2,4,3,1,noun,3.82,0,0,1,0,0
dynamic,B2,4,7,3,noun,4.31,0,0,1,0,0
dynasty,B1,3,7,3,noun,3.87,0,0,1,0,0
each,A1,1,4,1,adjective,5.69,1,0,0,0,0
each other,A1,1,10,3,unknown,5.56,0,0,0,1,0
eager,B1,3,5,2,noun,4.03,0,0,1,0,0
eagerly,B2,4,7,3,adverb,3.49,0,1,0,0,0
eagerness,B1,3,9,3,noun,2.9,0,0,1,0,0
eagle,B2,4,5,2,noun,4.13,0,0,1,0,0
ear,A1,1,3,1,noun,4.43,0,0,1,0,0
earache,B1,3,7,3,noun,2.14,0,0,1,0,0
early,A2,2,5,2,adjective,5.43,1,0,0,0,0
early,A1,1,5,2,adjective,5.43,1,0,0,0,0
earn,A2,2,4,1,verb,4.48,0,0,0,0,1
earnest,B1,3,7,2,noun,3.66,0,0,1,0,0
earnings,B2,4,8,2,noun,4.27,0,0,1,0,0
earring,A2,2,7,2,noun,3.08,0,0,1,0,0
earth,A2,2,5,1,noun,5.06,0,0,1,0,0
earthquake,A2,2,10,3,noun,4.15,0,0,1,0,0
ease,B2,4,4,1,noun,4.34,0,0,1,0,0
easily,A2,2,6,3,adverb,4.91,0,1,0,0,0
east,A2,2,4,1,noun,5.16,0,0,1,0,0
eastern,B1,3,7,2,adjective,4.78,1,0,0,0,0
eastward,B2,4,8,2,noun,3.24,0,0,1,0,0
easy,A1,1,4,2,adjective,5.29,1,0,0,0,0
easygoing/easy-going,B1,3,20,6,unknown,2.65,0,0,0,1,0
eat,A1,1,3,1,verb,5.13,0,0,0,0,1
eco,B1,3,3,2,unknown,3.71,0,0,0,1,0
ecological,B1,3,10,5,adjective,3.78,1,0,0,0,0
ecologically,B2,4,12,6,adverb,2.8,0,1,0,0,0
ecologist,B2,4,9,4,noun,2.67,0,0,1,0,0
ecology,B1,3,7,4,noun,3.74,0,0,1,0,0
economic,B1,3,8,4,adjective,5.1,1,0,0,0,0
economical,B2,4,10,5,adjective,3.59,1,0,0,0,0
economics,B1,3,9,4,noun,4.42,0,0,1,0,0
economist,B2,4,9,4,noun,3.87,0,0,1,0,0
economy,B1,3,7,4,noun,4.87,0,0,1,0,0
ecosystem,B1,3,9,4,noun,3.78,0,0,1,0,0
ecstasy,B1,3,7,3,noun,3.48,0,0,1,0,0
ecstatic,B2,4,8,3,adjective,3.37,1,0,0,0,0
edge,B1,3,4,2,noun,4.74,0,0,1,0,0
edit,B2,4,4,2,verb,4.3,0,0,0,0,1
edition,B1,3,7,3,noun,4.8,0,0,1,0,0
editor,A2,2,6,3,noun,4.62,0,0,1,0,0
editorial,B2,4,9,4,noun,4.11,0,0,1,0,0
educate,B1,3,7,4,verb,3.92,0,0,0,0,1
educated,B2,4,8,4,verb,4.29,0,0,0,0,1
education,A2,2,9,4,noun,5.28,0,0,1,0,0
educational,A2,2,11,5,adjective,4.6,1,0,0,0,0
educator,B2,4,8,4,noun,3.55,0,0,1,0,0
effect,A2,2,6,2,noun,5.02,0,0,1,0,0
effective,B1,3,9,4,adjective,4.89,1,0,0,0,0
effectively,B2,4,11,5,adverb,4.49,0,1,0,0,0
effectiveness,B2,4,13,5,noun,4.05,0,0,1,0,0
efficiency,B1,3,10,4,noun,4.38,0,0,1,0,0
efficient,B1,3,9,3,adjective,4.42,1,0,0,0,0
effort,A2,2,6,2,noun,4.92,0,0,1,0,0
egg,A1,1,3,1,noun,4.46,0,0,1,0,0
eight,A1,1,5,1,noun,5.02,0,0,1,0,0
eighteen,A1,1,8,2,noun,3.81,0,0,1,0,0
eighty,A1,1,6,2,noun,3.75,0,0,1,0,0
either,A1,1,6,2,adverb,5.33,0,1,0,0,0
either,A2,2,6,2,adverb,5.33,0,1,0,0,0
either,B1,3,6,2,adverb,5.33,0,1,0,0,0
elbow,B1,3,5,2,noun,3.84,0,0,1,0,0
elderly,A2,2,7,3,noun,4.15,0,0,1,0,0
elect,B2,4,5,2,noun,4.03,0,0,1,0,0
election,B1,3,8,3,noun,5.08,0,0,1,0,0
elective,B2,4,8,4,noun,3.32,0,0,1,0,0
electric,A2,2,8,3,noun,4.72,0,0,1,0,0
electrical,B1,3,10,4,adjective,4.42,1,0,0,0,0
electrician,B2,4,11,4,noun,3.26,0,0,1,0,0
electricity,B1,3,11,5,noun,4.43,0,0,1,0,0
electron,B1,3,8,3,noun,3.82,0,0,1,0,0
electronic,B1,3,10,4,adjective,4.55,1,0,0,0,0
electronically,B2,4,14,6,adverb,3.28,0,1,0,0,0
electronics,B2,4,11,4,noun,4.19,0,0,1,0,0
elegance,B2,4,8,4,noun,3.42,0,0,1,0,0
elegant,B2,4,7,3,adjective,3.95,1,0,0,0,0
elegantly,B2,4,9,4,adverb,2.97,0,1,0,0,0
element,B1,3,7,3,noun,4.46,0,0,1,0,0
elemental,B2,4,9,4,adjective,3.38,1,0,0,0,0
elementary,A1,1,10,5,adjective,4.33,1,0,0,0,0
elephant,A2,2,8,3,noun,4.08,0,0,1,0,0
elevator,A2,2,8,4,noun,3.95,0,0,1,0,0
eleven,A1,1,6,3,noun,4.12,0,0,1,0,0
eligible,B2,4,8,4,adjective,4.29,1,0,0,0,0
eliminate,B1,3,9,5,verb,4.15,0,0,0,0,1
elite,B2,4,5,3,noun,4.4,0,0,1,0,0
eloquence,B2,4,9,4,noun,2.83,0,0,1,0,0
eloquent,B2,4,8,3,adjective,3.21,1,0,0,0,0
else,A1,1,4,2,unknown,5.38,0,0,0,1,0
elsewhere,A2,2,9,4,adverb,4.46,0,1,0,0,0
email,A2,2,5,2,noun,4.68,0,0,1,0,0
email/e-mail/E-mail,A1,1,19,6,unknown,4.16,0,0,0,1,0
embarrass,B1,3,9,3,verb,3.41,0,0,0,0,1
embarrassed,B1,3,11,4,verb,4.05,0,0,0,0,1
embarrassing,A2,2,12,4,verb,4.15,0,0,0,0,1
embarrassment,B1,3,13,4,noun,3.77,0,0,1,0,0
embassy,B2,4,7,3,noun,4.13,0,0,1,0,0
embrace,B2,4,7,3,noun,4.16,0,0,1,0,0
emerge,B1,3,6,3,verb,3.89,0,0,0,0,1
emergence,B2,4,9,4,noun,3.74,0,0,1,0,0
emergency,A2,2,9,4,noun,4.72,0,0,1,0,0
emotion,B1,3,7,3,noun,4.19,0,0,1,0,0
emotional,B1,3,9,4,adjective,4.66,1,0,0,0,0
emotionally,B1,3,11,5,adverb,4.04,0,1,0,0,0
emperor,B1,3,7,3,noun,4.25,0,0,1,0,0
emphasis,B1,3,8,3,noun,4.19,0,0,1,0,0
emphasize/emphasize,B1,3,19,8,unknown,3.39,0,0,0,1,0
emphatically,B2,4,12,5,adverb,3.07,0,1,0,0,0
empire,B1,3,6,3,noun,4.54,0,0,1,0,0
employ,B2,4,6,2,noun,3.96,0,0,1,0,0
employee,B2,4,8,2,noun,4.5,0,0,1,0,0
employer,B2,4,8,2,noun,4.22,0,0,1,0,0
employment,B1,3,10,3,noun,4.56,0,0,1,0,0
empty,A2,2,5,2,noun,4.59,0,0,1,0,0
enable,B1,3,6,3,verb,4.3,0,0,0,0,1
enclose,B1,3,7,3,verb,2.77,0,0,0,0,1
encounter,B1,3,9,3,noun,4.26,0,0,1,0,0
encounter,B2,4,9,3,noun,4.26,0,0,1,0,0
encourage,A2,2,9,4,verb,4.45,0,0,0,0,1
encouragement,B1,3,13,5,noun,3.79,0,0,1,0,0
encouraging,B1,3,11,4,verb,4.14,0,0,0,0,1
encyclopedia/encyclopaedia,B1,3,26,10,unknown,2.73,0,0,0,1,0
end,A1,1,3,1,noun,5.68,0,0,1,0,0
end,A2,2,3,1,noun,5.68,0,0,1,0,0
endanger,B1,3,8,3,verb,3.23,0,0,0,0,1
endangered,A2,2,10,4,verb,3.86,0,0,0,0,1
endeavor/endeavour,B2,4,18,6,unknown,3.2,0,0,0,1,0
ending,A2,2,6,2,noun,4.68,0,0,1,0,0
endless,B1,3,7,2,adjective,4.18,1,0,0,0,0
endlessly,B2,4,9,3,adverb,3.46,0,1,0,0,0
endorse,B2,4,7,3,verb,3.63,0,0,0,0,1
endurance,B2,4,9,4,noun,3.74,0,0,1,0,0
endure,B1,3,6,3,verb,3.82,0,0,0,0,1
enduring,B2,4,8,3,verb,3.67,0,0,0,0,1
enemy,B1,3,5,3,noun,4.7,0,0,1,0,0
energetic,A2,2,9,4,adjective,3.71,1,0,0,0,0
energy,B2,4,6,3,noun,5.23,0,0,1,0,0
enforce,B2,4,7,3,verb,3.96,0,0,0,0,1
engage,B1,3,6,3,verb,4.36,0,0,0,0,1
engaged,B1,3,7,3,verb,4.52,0,0,0,0,1
engagement,B2,4,10,4,noun,4.31,0,0,1,0,0
engine,B1,3,6,3,noun,4.84,0,0,1,0,0
engineer,A1,1,8,3,noun,4.5,0,0,1,0,0
engineering,B1,3,11,4,noun,4.8,0,0,1,0,0
Englishman,B1,3,10,3,noun,3.42,0,0,1,0,0
engulf,B2,4,6,2,verb,2.66,0,0,0,0,1
enhance,B2,4,7,3,verb,4.04,0,0,0,0,1
enjoy,A1,1,5,2,verb,5.09,0,0,0,0,1
enjoyable,B1,3,9,3,adjective,3.91,1,0,0,0,0
enjoyment,B1,3,9,3,noun,3.81,0,0,1,0,0
enormous,A2,2,8,3,adjective,4.25,1,0,0,0,0
enough,A2,2,6,2,noun,5.54,0,0,1,0,0
enrich,B1,3,6,2,verb,3.3,0,0,0,0,1
enroll/enrol,B2,4,12,4,unknown,2.6,0,0,0,1,0
ensure,B1,3,6,3,verb,4.7,0,0,0,0,1
enter,A2,2,5,2,verb,4.81,0,0,0,0,1
enterprise,B2,4,10,4,noun,4.38,0,0,1,0,0
entertain,B1,3,9,3,verb,3.83,0,0,0,0,1
entertainer,B1,3,11,4,noun,3.45,0,0,1,0,0
entertaining,B2,4,12,4,verb,4.11,0,0,0,0,1
entertainment,A2,2,13,4,noun,4.6,0,0,1,0,0
enthusiasm,B1,3,10,3,noun,4.02,0,0,1,0,0
enthusiast,B1,3,10,3,noun,3.46,0,0,1,0,0
enthusiastic,B1,3,12,4,adjective,3.84,1,0,0,0,0
enthusiastically,B2,4,16,6,adverb,3.25,0,1,0,0,0
entire,B1,3,6,3,noun,5.09,0,0,1,0,0
entirely,B1,3,8,4,adverb,4.72,0,1,0,0,0
entitle,B2,4,7,3,verb,2.71,0,0,0,0,1
entrance,A2,2,8,3,noun,4.39,0,0,1,0,0
entrepreneur,B2,4,12,4,noun,3.99,0,0,1,0,0
entry,B1,3,5,2,noun,4.67,0,0,1,0,0
envelope,A2,2,8,4,noun,3.86,0,0,1,0,0
environment,B2,4,11,4,noun,4.87,0,0,1,0,0
environmental,B1,3,13,5,adjective,4.7,1,0,0,0,0
environmentalist,B1,3,16,6,noun,2.92,0,0,1,0,0
environmentally,B2,4,15,6,adverb,3.44,0,1,0,0,0
environmentally friendly,B2,4,24,8,unknown,3.41,0,0,0,1,0
envy,A2,2,4,2,noun,3.84,0,0,1,0,0
envy,B2,4,4,2,noun,3.84,0,0,1,0,0
episode,A2,2,7,4,noun,4.97,0,0,1,0,0
equal,B1,3,5,2,noun,4.65,0,0,1,0,0
equal,B2,4,5,2,noun,4.65,0,0,1,0,0
equality,B1,3,8,4,noun,4.26,0,0,1,0,0
equally,B1,3,7,3,adverb,4.39,0,1,0,0,0
equation,B2,4,8,3,noun,4.02,0,0,1,0,0
equip,B2,4,5,2,verb,3.5,0,0,0,0,1
equipment,B1,3,9,3,noun,4.88,0,0,1,0,0
equity,B2,4,6,3,noun,4.3,0,0,1,0,0
era,B1,3,3,2,noun,4.67,0,0,1,0,0
erect,B2,4,5,2,verb,3.52,0,0,0,0,1
error,A2,2,5,2,noun,4.55,0,0,1,0,0
erupt,B2,4,5,2,verb,2.97,0,0,0,0,1
eruption,B2,4,8,3,noun,3.52,0,0,1,0,0
escalator,A2,2,9,4,noun,3.02,0,0,1,0,0
escape,A2,2,6,3,noun,4.64,0,0,1,0,0
escape,B1,3,6,3,noun,4.64,0,0,1,0,0
especially,A2,2,10,4,adverb,5.21,0,1,0,0,0
essay,A2,2,5,2,noun,4.23,0,0,1,0,0
essayist,B2,4,8,2,noun,2.66,0,0,1,0,0
essence,B1,3,7,3,noun,4.03,0,0,1,0,0
essential,B1,3,9,3,noun,4.61,0,0,1,0,0
essentially,B2,4,11,4,adverb,4.42,0,1,0,0,0
establish,A2,2,9,3,verb,4.46,0,0,0,0,1
establishment,B1,3,13,4,noun,4.42,0,0,1,0,0
estate,B2,4,6,3,noun,4.82,0,0,1,0,0
estimate,B2,4,8,4,noun,4.29,0,0,1,0,0
estimate,B1,3,8,4,noun,4.29,0,0,1,0,0
estimated,B2,4,9,4,verb,4.62,0,0,0,0,1
eternal,B1,3,7,3,adjective,4.11,1,0,0,0,0
eternally,B2,4,9,4,adverb,3.26,0,1,0,0,0
eternity,B1,3,8,4,noun,3.8,0,0,1,0,0
ethic,B2,4,5,2,noun,3.54,0,0,1,0,0
ethnic,B2,4,6,2,noun,4.33,0,0,1,0,0
euro,A2,2,4,2,noun,4.09,0,0,1,0,0
evacuate,B2,4,8,4,verb,3.53,0,0,0,0,1
evacuation,B2,4,10,4,noun,3.74,0,0,1,0,0
evaluate,B2,4,8,4,verb,4.01,0,0,0,0,1
evaluation,B2,4,10,4,noun,4.21,0,0,1,0,0
even,B1,3,4,2,noun,5.99,0,0,1,0,0
even,A2,2,4,2,noun,5.99,0,0,1,0,0
evening,A1,1,7,3,noun,4.86,0,0,1,0,0
evenly,B1,3,6,3,adverb,3.65,0,1,0,0,0
event,A1,1,5,2,noun,5.18,0,0,1,0,0
eventually,B1,3,10,4,adverb,4.88,0,1,0,0,0
ever,A2,2,4,2,adverb,5.66,0,1,0,0,0
everlasting,B2,4,11,4,noun,3.44,0,0,1,0,0
every,A1,1,5,3,adjective,5.79,1,0,0,0,0
everybody,A1,1,9,5,unknown,4.84,0,0,0,1,0
everyday,A1,1,8,4,adjective,4.47,1,0,0,0,0
everyone,A1,1,8,4,unknown,5.47,0,0,0,1,0
everything,A1,1,10,4,unknown,5.54,0,0,0,1,0
everywhere,A1,1,10,5,adverb,4.66,0,1,0,0,0
evidence,A2,2,8,4,noun,5.14,0,0,1,0,0
evident,B1,3,7,3,adjective,3.99,1,0,0,0,0
evidently,B2,4,9,4,adverb,3.6,0,1,0,0,0
evil,B2,4,4,2,noun,4.74,0,0,1,0,0
evolution,B2,4,9,4,noun,4.41,0,0,1,0,0
evolve,B2,4,6,3,verb,3.8,0,0,0,0,1
exact,B1,3,5,2,verb,4.51,0,0,0,0,1
exactly,A2,2,7,3,adverb,5.15,0,1,0,0,0
exactness,B2,4,9,3,noun,1.99,0,0,1,0,0
exaggerate,B2,4,10,5,verb,3.19,0,0,0,0,1
exaggeration,B2,4,12,5,noun,3.3,0,0,1,0,0
exalt,B2,4,5,2,verb,2.6,0,0,0,0,1
exam,A2,2,4,2,noun,4.26,0,0,1,0,0
examination,B1,3,11,5,noun,4.26,0,0,1,0,0
examine,B1,3,7,4,verb,4.18,0,0,0,0,1
examinee,B2,4,8,4,noun,1.74,0,0,1,0,0
examiner,B1,3,8,4,noun,3.52,0,0,1,0,0
example,A1,1,7,3,noun,5.27,0,0,1,0,0
exceed,B2,4,6,2,verb,3.92,0,0,0,0,1
excel,B2,4,5,2,verb,3.73,0,0,0,0,1
excellence,B1,3,10,4,noun,4.07,0,0,1,0,0
excellent,A1,1,9,3,adjective,4.73,1,0,0,0,0
except,A2,2,6,2,verb,5.02,0,0,0,0,1
exception,B2,4,9,3,noun,4.35,0,0,1,0,0
exceptional,B2,4,11,4,adjective,4.05,1,0,0,0,0
exceptionally,B2,4,13,5,adverb,3.74,0,1,0,0,0
excess,B1,3,6,2,noun,4.21,0,0,1,0,0
excessive,B2,4,9,4,adjective,4.12,1,0,0,0,0
exchange,A2,2,8,3,noun,4.85,0,0,1,0,0
exchange,B1,3,8,3,noun,4.85,0,0,1,0,0
exchange rate,B1,3,13,5,unknown,4.67,0,0,0,1,0
excited,A1,1,7,3,verb,4.74,0,0,0,0,1
excitedly,B1,3,9,4,adverb,3.06,0,1,0,0,0
excitement,B1,3,10,4,noun,4.19,0,0,1,0,0
exciting,A1,1,8,3,verb,4.54,0,0,0,0,1
exclaim,B2,4,7,2,verb,2.82,0,0,0,0,1
exclamation mark,B2,4,16,5,unknown,3.09,0,0,0,1,0
exclude,B2,4,7,3,verb,3.78,0,0,0,0,1
exclusion,B2,4,9,3,noun,3.68,0,0,1,0,0
exclusive,B1,3,9,4,noun,4.56,0,0,1,0,0
exclusively,B2,4,11,5,adverb,4.24,0,1,0,0,0
excursion,B2,4,9,3,noun,3.33,0,0,1,0,0
excuse,A1,1,6,3,noun,4.56,0,0,1,0,0
excuse,B1,3,6,3,noun,4.56,0,0,1,0,0
execute,B2,4,7,4,verb,3.95,0,0,0,0,1
execution,B2,4,9,4,noun,4.29,0,0,1,0,0
executive,B2,4,9,5,noun,4.87,0,0,1,0,0
exercise,A2,2,8,4,noun,4.68,0,0,1,0,0
exercise,A1,1,8,4,noun,4.68,0,0,1,0,0
exhaust,B2,4,7,2,noun,3.81,0,0,1,0,0
exhausted,B1,3,9,3,verb,4.08,0,0,0,0,1
exhausting,B2,4,10,3,verb,3.6,0,0,0,0,1
exhaustion,B2,4,10,3,noun,3.49,0,0,1,0,0
exhibit,B2,4,7,3,noun,4.16,0,0,1,0,0
exhibition,A2,2,10,4,noun,4.37,0,0,1,0,0
exile,B2,4,5,3,noun,3.84,0,0,1,0,0
exist,A2,2,5,2,verb,4.73,0,0,0,0,1
existence,B1,3,9,4,noun,4.55,0,0,1,0,0
existing,B2,4,8,3,verb,4.75,0,0,0,0,1
exit,B1,3,4,2,noun,4.35,0,0,1,0,0
exotic,B2,4,6,3,adjective,3.91,1,0,0,0,0
expand,B1,3,6,2,verb,4.35,0,0,0,0,1
expansion,B2,4,9,3,noun,4.54,0,0,1,0,0
expect,A2,2,6,2,verb,5.01,0,0,0,0,1
expectation,B2,4,11,4,noun,3.99,0,0,1,0,0
expected,B2,4,8,3,verb,4.96,0,0,0,0,1
expedition,B2,4,10,4,noun,3.99,0,0,1,0,0
expense,B1,3,7,3,noun,4.23,0,0,1,0,0
expensive,A1,1,9,4,adjective,4.69,1,0,0,0,0
experience,A2,2,10,4,noun,5.27,0,0,1,0,0
experience,B1,3,10,4,noun,5.27,0,0,1,0,0
experienced,B1,3,11,4,verb,4.63,0,0,0,0,1
experiment,B1,3,10,4,noun,4.38,0,0,1,0,0
experiment,B2,4,10,4,noun,4.38,0,0,1,0,0
expert,B2,4,6,2,noun,4.56,0,0,1,0,0
expert,A2,2,6,2,noun,4.56,0,0,1,0,0
explain,A2,2,7,2,verb,4.89,0,0,0,0,1
explanation,A2,2,11,4,noun,4.44,0,0,1,0,0
explode,B2,4,7,3,verb,3.8,0,0,0,0,1
exploit,B2,4,7,2,noun,3.83,0,0,1,0,0
exploration,B1,3,11,4,noun,4.19,0,0,1,0,0
explore,A2,2,7,3,verb,4.31,0,0,0,0,1
explorer,B2,4,8,3,noun,3.85,0,0,1,0,0
explosion,B1,3,9,3,noun,4.22,0,0,1,0,0
explosive,B2,4,9,4,noun,3.97,0,0,1,0,0
export,B2,4,6,2,noun,4.24,0,0,1,0,0
expose,B1,3,6,3,noun,3.98,0,0,1,0,0
express,A2,2,7,2,noun,4.68,0,0,1,0,0
express,B1,3,7,2,noun,4.68,0,0,1,0,0
expression,A2,2,10,3,noun,4.55,0,0,1,0,0
expressive,B2,4,10,4,adjective,3.43,1,0,0,0,0
exquisite,B2,4,9,4,adjective,3.61,1,0,0,0,0
extend,B1,3,6,2,verb,4.34,0,0,0,0,1
extension,B2,4,9,3,noun,4.46,0,0,1,0,0
extensive,B2,4,9,4,adjective,4.49,1,0,0,0,0
extensively,B1,3,11,5,adverb,3.87,0,1,0,0,0
extent,B1,3,6,2,noun,4.47,0,0,1,0,0
external,B2,4,8,3,noun,4.52,0,0,1,0,0
extinct,B1,3,7,2,adjective,3.66,1,0,0,0,0
extinction,B1,3,10,3,noun,3.76,0,0,1,0,0
extra,A2,2,5,2,noun,4.98,0,0,1,0,0
extra,B1,3,5,2,noun,4.98,0,0,1,0,0
extract,B2,4,7,2,noun,4.02,0,0,1,0,0
extraordinarily,B2,4,15,6,adverb,3.42,0,1,0,0,0
extraordinary,B1,3,13,5,adjective,4.36,1,0,0,0,0
extreme,B1,3,7,3,noun,4.6,0,0,1,0,0
extreme sports,B1,3,14,4,unknown,4.44,0,0,0,1,0
extremely,A2,2,9,4,adverb,4.79,0,1,0,0,0
exultant,B2,4,8,3,adjective,2.16,1,0,0,0,0
eye,A1,1,3,1,noun,5.02,0,0,1,0,0
eyebrow,B2,4,7,2,noun,3.37,0,0,1,0,0
eyelash,B2,4,7,2,noun,2.84,0,0,1,0,0
eyelid,B2,4,6,2,noun,3.01,0,0,1,0,0
eyesight,B1,3,8,2,noun,3.28,0,0,1,0,0
fabric,B2,4,6,2,noun,4.08,0,0,1,0,0
fabulous,B2,4,8,3,adjective,4.08,1,0,0,0,0
face,A1,1,4,1,noun,5.45,0,0,1,0,0
face,A2,2,4,1,noun,5.45,0,0,1,0,0
face to face,B1,3,12,5,unknown,5.15,0,0,0,1,0
face-to-face,B1,3,12,5,adjective,5.15,1,0,0,0,0
facilitate,B2,4,10,5,verb,3.99,0,0,0,0,1
facilities,B2,4,10,4,noun,4.66,0,0,1,0,0
facility,B1,3,8,4,noun,4.6,0,0,1,0,0
fact,A2,2,4,1,noun,5.41,0,0,1,0,0
factor,B2,4,6,2,noun,4.67,0,0,1,0,0
factory,A1,1,7,3,noun,4.55,0,0,1,0,0
faculty,B2,4,7,3,noun,4.32,0,0,1,0,0
fade,B1,3,4,1,noun,3.86,0,0,1,0,0
fail,A2,2,4,1,verb,4.61,0,0,0,0,1
failure,B1,3,7,3,noun,4.72,0,0,1,0,0
faint,B1,3,5,1,noun,3.78,0,0,1,0,0
faint,B2,4,5,1,noun,3.78,0,0,1,0,0
fair,A1,1,4,1,noun,4.99,0,0,1,0,0
fair,B1,3,4,1,noun,4.99,0,0,1,0,0
fairly,A2,2,6,2,adverb,4.5,0,1,0,0,0
fairy,A1,1,5,2,noun,4.08,0,0,1,0,0
faith,B2,4,5,1,noun,4.82,0,0,1,0,0
faithful,B1,3,8,2,noun,4.1,0,0,1,0,0
fake,B1,3,4,1,noun,4.65,0,0,1,0,0
fall,B1,3,4,1,noun,5.13,0,0,1,0,0
fall,A2,2,4,1,noun,5.13,0,0,1,0,0
fallen,B1,3,6,2,verb,4.39,0,0,0,0,1
FALSE,A1,1,5,2,adjective,4.63,1,0,0,0,0
falter,B2,4,6,2,noun,2.82,0,0,1,0,0
fame,B2,4,4,1,noun,4.34,0,0,1,0,0
familiar,A2,2,8,3,noun,4.61,0,0,1,0,0
familiarize/familiarise,B2,4,23,10,unknown,2.12,0,0,0,1,0
family,A1,1,6,3,noun,5.66,0,0,1,0,0
famous,A1,1,6,2,adjective,4.84,1,0,0,0,0
fan,A1,1,3,1,noun,4.92,0,0,1,0,0
fancy,A2,2,5,2,noun,4.35,0,0,1,0,0
fancy,B1,3,5,2,noun,4.35,0,0,1,0,0
fantastic,A2,2,9,3,adjective,4.71,1,0,0,0,0
fantastically,B2,4,13,5,adverb,3.02,0,1,0,0,0
fantasy,B1,3,7,3,noun,4.52,0,0,1,0,0
far,B2,4,3,1,noun,5.5,0,0,1,0,0
far,A2,2,3,1,noun,5.5,0,0,1,0,0
faraway,B1,3,7,3,adjective,2.99,1,0,0,0,0
fare,A2,2,4,1,noun,3.94,0,0,1,0,0
farewell,B1,3,8,3,noun,3.89,0,0,1,0,0
farm,A1,1,4,1,noun,4.75,0,0,1,0,0
farmer,A1,1,6,2,noun,4.15,0,0,1,0,0
farming,B1,3,7,2,noun,4.21,0,0,1,0,0
farmland,B1,3,8,2,noun,3.35,0,0,1,0,0
farther,B1,3,7,2,adjective,3.85,1,0,0,0,0
farthest,B1,3,8,2,adjective,3.06,1,0,0,0,0
fascinate,B1,3,9,4,verb,2.51,0,0,0,0,1
fascinated,B2,4,10,4,verb,3.6,0,0,0,0,1
fascinating,A2,2,11,4,verb,4.13,0,0,0,0,1
fascination,B2,4,11,4,noun,3.48,0,0,1,0,0
fashion,A2,2,7,2,noun,4.82,0,0,1,0,0
fashionable,B1,3,11,4,adjective,3.65,1,0,0,0,0
fast,A1,1,4,1,noun,5.13,0,0,1,0,0
fast food,A2,2,9,2,unknown,4.94,0,0,0,1,0
fasten,B1,3,6,2,verb,2.98,0,0,0,0,1
fat,A1,1,3,1,noun,4.85,0,0,1,0,0
fat,B2,4,3,1,noun,4.85,0,0,1,0,0
fatal,B2,4,5,2,adjective,4.1,1,0,0,0,0
fate,B2,4,4,1,noun,4.36,0,0,1,0,0
father,A1,1,6,2,noun,5.26,0,0,1,0,0
father-in-law,B2,4,13,4,noun,5.05,0,0,1,0,0
fault,A2,2,5,1,noun,4.64,0,0,1,0,0
faulty,B2,4,6,2,adjective,3.62,1,0,0,0,0
favor/favour,A2,2,12,4,unknown,4.12,0,0,0,1,0
favorable/favourable,B1,3,20,8,unknown,3.36,0,0,0,1,0
favorite/favourite,A1,1,18,8,unknown,4.42,0,0,0,1,0
fax,B1,3,3,1,noun,3.63,0,0,1,0,0
fear,A2,2,4,1,noun,4.95,0,0,1,0,0
fear,B2,4,4,1,noun,4.95,0,0,1,0,0
fearsome,B2,4,8,3,adjective,3.05,1,0,0,0,0
feast,B1,3,5,1,noun,3.95,0,0,1,0,0
feat,B2,4,4,1,noun,3.99,0,0,1,0,0
feather,A2,2,7,2,noun,3.69,0,0,1,0,0
feature,A2,2,7,3,noun,4.82,0,0,1,0,0
feature,B2,4,7,3,noun,4.82,0,0,1,0,0
February,A1,1,8,3,noun,5.03,0,0,1,0,0
fed up,B2,4,6,2,unknown,4.5,0,0,0,1,0
federal,B2,4,7,3,noun,5.13,0,0,1,0,0
fee,A2,2,3,1,noun,4.51,0,0,1,0,0
feed,A1,1,4,1,noun,4.67,0,0,1,0,0
feed,B1,3,4,1,noun,4.67,0,0,1,0,0
feedback,B2,4,8,2,noun,4.32,0,0,1,0,0
feel,A2,2,4,1,noun,5.67,0,0,1,0,0
feel,A1,1,4,1,noun,5.67,0,0,1,0,0
feeling,A1,1,7,2,noun,5.13,0,0,1,0,0
fellow,B2,4,6,2,noun,4.76,0,0,1,0,0
fellow,B1,3,6,2,noun,4.76,0,0,1,0,0
female,A2,2,6,3,noun,5.0,0,0,1,0,0
female,B2,4,6,3,noun,5.0,0,0,1,0,0
fence,A2,2,5,2,noun,4.21,0,0,1,0,0
ferry,B1,3,5,2,noun,4.02,0,0,1,0,0
ferryboat,B2,4,9,3,noun,2.02,0,0,1,0,0
festival,A1,1,8,3,noun,4.72,0,0,1,0,0
festive,B1,3,7,3,adjective,3.58,1,0,0,0,0
fetch,B1,3,5,1,noun,3.65,0,0,1,0,0
fever,A1,1,5,2,noun,4.22,0,0,1,0,0
feverishly,B1,3,10,4,adverb,2.53,0,1,0,0,0
few,A2,2,3,1,noun,5.6,0,0,1,0,0
few,B1,3,3,1,noun,5.6,0,0,1,0,0
fiber/fibre,B2,4,11,4,unknown,3.52,0,0,0,1,0
fiction,A2,2,7,2,noun,4.44,0,0,1,0,0
fictional,B2,4,9,3,adjective,3.86,1,0,0,0,0
field,A1,1,5,1,noun,5.24,0,0,1,0,0
fierce,B2,4,6,2,adjective,3.92,1,0,0,0,0
fifteen,A1,1,7,2,noun,4.14,0,0,1,0,0
fifth,B1,3,5,1,noun,4.78,0,0,1,0,0
fifty,A1,1,5,2,noun,4.29,0,0,1,0,0
fight,A1,1,5,1,noun,5.23,0,0,1,0,0
fight,B1,3,5,1,noun,5.23,0,0,1,0,0
fighter,A2,2,7,2,noun,4.32,0,0,1,0,0
fighting,B2,4,8,2,noun,4.92,0,0,1,0,0
figurative,B2,4,10,5,adjective,3.12,1,0,0,0,0
figure,A2,2,6,3,noun,5.07,0,0,1,0,0
file,A1,1,4,1,noun,4.75,0,0,1,0,0
file,B2,4,4,1,noun,4.75,0,0,1,0,0
filial,B2,4,6,2,adjective,2.64,1,0,0,0,0
fill,A1,1,4,1,noun,4.64,0,0,1,0,0
filling,B1,3,7,2,noun,4.19,0,0,1,0,0
film,A2,2,4,1,noun,5.2,0,0,1,0,0
film,B1,3,4,1,noun,5.2,0,0,1,0,0
film-maker,B1,3,10,3,unknown,4.18,0,0,0,1,0
filter,B1,3,6,2,noun,4.28,0,0,1,0,0
final,A2,2,5,2,noun,5.28,0,0,1,0,0
finally,A2,2,7,3,adverb,5.17,0,1,0,0,0
finance,B2,4,7,3,noun,4.65,0,0,1,0,0
finance,B1,3,7,3,noun,4.65,0,0,1,0,0
financial,B1,3,9,3,adjective,5.08,1,0,0,0,0
financially,B2,4,11,4,adverb,3.98,0,1,0,0,0
find,A1,1,4,1,noun,5.76,0,0,1,0,0
finding,B1,3,7,2,noun,4.85,0,0,1,0,0
fine,A1,1,4,1,noun,5.23,0,0,1,0,0
fine,B2,4,4,1,noun,5.23,0,0,1,0,0
fine,B1,3,4,1,noun,5.23,0,0,1,0,0
finely,B2,4,6,3,adverb,3.52,0,1,0,0,0
finger,B1,3,6,2,noun,4.48,0,0,1,0,0
fingernail,B2,4,10,3,noun,2.73,0,0,1,0,0
finish,A1,1,6,2,noun,4.91,0,0,1,0,0
fire,A1,1,4,1,noun,5.3,0,0,1,0,0
fire,B2,4,4,1,noun,5.3,0,0,1,0,0
fire brigade,B2,4,12,5,unknown,3.88,0,0,0,1,0
fire station,B1,3,12,4,unknown,4.83,0,0,0,1,0
firearm,B2,4,7,2,noun,3.69,0,0,1,0,0
firefighter,B1,3,11,4,noun,3.37,0,0,1,0,0
fireplace,B2,4,9,4,noun,3.54,0,0,1,0,0
firework,B1,3,8,3,noun,2.96,0,0,1,0,0
firm,B1,3,4,1,noun,4.79,0,0,1,0,0
firmly,B1,3,6,2,adverb,4.0,0,1,0,0,0
firmness,B2,4,8,2,noun,2.8,0,0,1,0,0
first,A1,1,5,1,noun,6.11,0,0,1,0,0
first floor,B1,3,11,2,unknown,4.91,0,0,0,1,0
first lady,B1,3,10,3,unknown,4.92,0,0,0,1,0
first language,B2,4,14,4,unknown,5.06,0,0,0,1,0
first name,A2,2,10,3,unknown,5.49,0,0,0,1,0
first person,B2,4,12,3,unknown,5.44,0,0,0,1,0
first-floor,B1,3,11,2,unknown,4.91,0,0,0,1,0
firstly,B2,4,7,2,adverb,3.73,0,1,0,0,0
fiscal,B2,4,6,2,adjective,4.26,1,0,0,0,0
fish,A1,1,4,1,noun,4.9,0,0,1,0,0
fish,B1,3,4,1,noun,4.9,0,0,1,0,0
fisherman,A2,2,9,3,noun,3.49,0,0,1,0,0
fishing,A1,1,7,2,noun,4.47,0,0,1,0,0
fit,A2,2,3,1,noun,4.95,0,0,1,0,0
fit,B2,4,3,1,noun,4.95,0,0,1,0,0
fit,B1,3,3,1,noun,4.95,0,0,1,0,0
fitness,B1,3,7,2,noun,4.39,0,0,1,0,0
five,A1,1,4,1,noun,5.45,0,0,1,0,0
fix,A2,2,3,1,noun,4.75,0,0,1,0,0
fix,B1,3,3,1,noun,4.75,0,0,1,0,0
fixed,B2,4,5,2,verb,4.7,0,0,0,0,1
flag,A1,1,4,1,noun,4.58,0,0,1,0,0
flame,B2,4,5,2,noun,4.07,0,0,1,0,0
flap,B2,4,4,1,noun,3.49,0,0,1,0,0
flash,B1,3,5,1,noun,4.45,0,0,1,0,0
flash,B2,4,5,1,noun,4.45,0,0,1,0,0
flat,B1,3,4,1,noun,4.72,0,0,1,0,0
flat,B2,4,4,1,noun,4.72,0,0,1,0,0
flat,A1,1,4,1,noun,4.72,0,0,1,0,0
flavor/flavour,B1,3,14,4,unknown,3.56,0,0,0,1,0
flaw,B2,4,4,1,noun,3.6,0,0,1,0,0
flawless,B2,4,8,2,adjective,3.6,1,0,0,0,0
flax,B2,4,4,1,noun,3.05,0,0,1,0,0
flea,A2,2,4,1,noun,3.42,0,0,1,0,0
flee,B2,4,4,1,verb,3.81,0,0,0,0,1
fleet,B2,4,5,1,noun,4.33,0,0,1,0,0
flesh,B2,4,5,1,noun,4.2,0,0,1,0,0
flexibility,B2,4,11,5,noun,4.02,0,0,1,0,0
flexible,B2,4,8,3,adjective,4.13,1,0,0,0,0
flexibly,B2,4,8,3,adverb,2.47,0,1,0,0,0
flight,A2,2,6,1,noun,4.86,0,0,1,0,0
flip,B2,4,4,1,noun,4.2,0,0,1,0,0
float,A2,2,5,1,noun,3.94,0,0,1,0,0
float,B1,3,5,1,noun,3.94,0,0,1,0,0
flock,B1,3,5,1,noun,3.69,0,0,1,0,0
flood,A2,2,5,1,noun,4.34,0,0,1,0,0
flood,B1,3,5,1,noun,4.34,0,0,1,0,0
floor,A1,1,5,1,noun,4.94,0,0,1,0,0
flour,A2,2,5,1,noun,4.0,0,0,1,0,0
flow,B1,3,4,1,noun,4.68,0,0,1,0,0
flower,A1,1,6,2,noun,4.42,0,0,1,0,0
flu,B1,3,3,1,noun,3.96,0,0,1,0,0
fluency,B2,4,7,2,noun,3.02,0,0,1,0,0
fluent,B1,3,6,1,adjective,3.52,1,0,0,0,0
fluently,B1,3,8,2,adverb,2.91,0,1,0,0,0
fluid,B2,4,5,1,noun,4.22,0,0,1,0,0
flunk,B1,3,5,1,noun,2.17,0,0,1,0,0
flute,B1,3,5,2,noun,3.52,0,0,1,0,0
flutter,B2,4,7,2,noun,3.06,0,0,1,0,0
fly,A1,1,3,1,noun,4.75,0,0,1,0,0
focus,B2,4,5,2,noun,5.0,0,0,1,0,0
focus,A1,1,5,2,noun,5.0,0,0,1,0,0
fog,A2,2,3,1,noun,3.9,0,0,1,0,0
foggy,A1,1,5,2,adjective,3.19,1,0,0,0,0
fold,B1,3,4,1,noun,4.08,0,0,1,0,0
folder,A2,2,6,2,noun,3.74,0,0,1,0,0
folk,B1,3,4,1,noun,4.22,0,0,1,0,0
follow,A2,2,6,2,verb,5.14,0,0,0,0,1
follower,B2,4,8,3,noun,3.56,0,0,1,0,0
following,A1,1,9,3,noun,5.46,0,0,1,0,0
following,B2,4,9,3,noun,5.46,0,0,1,0,0
folly,B2,4,5,2,noun,3.34,0,0,1,0,0
fond,B1,3,4,1,adjective,3.89,1,0,0,0,0
fondly,B2,4,6,2,adverb,3.2,0,1,0,0,0
fondness,B1,3,8,2,noun,3.14,0,0,1,0,0
food,A1,1,4,1,noun,5.4,0,0,1,0,0
fool,A2,2,4,1,noun,4.29,0,0,1,0,0
fool,B1,3,4,1,noun,4.29,0,0,1,0,0
foolish,B1,3,7,2,adjective,3.89,1,0,0,0,0
foolishly,B2,4,9,3,adverb,2.96,0,1,0,0,0
foot,B1,3,4,1,noun,4.87,0,0,1,0,0
football,A1,1,8,2,noun,5.11,0,0,1,0,0
footballer,A2,2,10,3,noun,3.69,0,0,1,0,0
footnote,B2,4,8,3,noun,3.17,0,0,1,0,0
for,A2,2,3,1,unknown,7.01,0,0,0,1,0
for,A1,1,3,1,unknown,7.01,0,0,0,1,0
forbid,A2,2,6,2,verb,3.66,0,0,0,0,1
forbidden,B1,3,9,3,verb,3.96,0,0,0,0,1
force,A2,2,5,2,noun,5.23,0,0,1,0,0
force,B2,4,5,2,noun,5.23,0,0,1,0,0
forcefully,B2,4,10,4,adverb,3.26,0,1,0,0,0
forecast,B1,3,8,3,noun,4.09,0,0,1,0,0
forehead,B1,3,8,3,noun,3.87,0,0,1,0,0
foreign,A1,1,7,2,adjective,5.08,1,0,0,0,0
foreigner,A1,1,9,3,noun,3.48,0,0,1,0,0
foreman,B2,4,7,3,noun,3.58,0,0,1,0,0
foresee,B2,4,7,3,verb,3.18,0,0,0,0,1
forest,A2,2,6,2,noun,4.7,0,0,1,0,0
forestry,B2,4,8,3,noun,3.69,0,0,1,0,0
forever,A2,2,7,3,adverb,4.74,0,1,0,0,0
forget,A1,1,6,2,verb,5.06,0,0,0,0,1
forgive,B1,3,7,3,verb,4.25,0,0,0,0,1
fork,A2,2,4,1,noun,4.03,0,0,1,0,0
form,A1,1,4,1,noun,5.31,0,0,1,0,0
form,B1,3,4,1,noun,5.31,0,0,1,0,0
formal,B1,3,6,2,noun,4.45,0,0,1,0,0
formally,B1,3,8,3,adverb,4.01,0,1,0,0,0
format,B1,3,6,2,noun,4.47,0,0,1,0,0
formation,B2,4,9,3,noun,4.49,0,0,1,0,0
former,B1,3,6,2,noun,5.28,0,0,1,0,0
formerly,B2,4,8,3,adverb,4.24,0,1,0,0,0
formidable,B2,4,10,4,adjective,3.65,1,0,0,0,0
formula,B1,3,7,3,noun,4.45,0,0,1,0,0
forth,B1,3,5,1,noun,4.4,0,0,1,0,0
forthcoming,B2,4,11,3,adjective,3.75,1,0,0,0,0
fortnight,B1,3,9,2,noun,3.41,0,0,1,0,0
fortunate,B1,3,9,4,adjective,3.97,1,0,0,0,0
fortunately,A2,2,11,5,adverb,3.97,0,1,0,0,0
fortune,A2,2,7,3,noun,4.3,0,0,1,0,0
forty,A1,1,5,2,noun,4.2,0,0,1,0,0
forward,A2,2,7,2,noun,5.12,0,0,1,0,0
foul,B2,4,4,1,noun,4.05,0,0,1,0,0
found,B2,4,5,1,noun,5.68,0,0,1,0,0
foundation,B1,3,10,3,noun,4.81,0,0,1,0,0
fountain,B1,3,8,2,noun,3.91,0,0,1,0,0
four,A1,1,4,1,noun,5.53,0,0,1,0,0
fourteen,A1,1,8,2,noun,3.88,0,0,1,0,0
fox,B2,4,3,1,noun,4.66,0,0,1,0,0
fragment,B1,3,8,2,noun,3.55,0,0,1,0,0
fragrance,B2,4,9,3,noun,3.53,0,0,1,0,0
frame,A2,2,5,2,noun,4.58,0,0,1,0,0
frame,B2,4,5,2,noun,4.58,0,0,1,0,0
frank,A2,2,5,1,noun,4.75,0,0,1,0,0
frankly,B2,4,7,2,adverb,4.05,0,1,0,0,0
frantically,B2,4,11,4,adverb,3.18,0,1,0,0,0
fraud,B2,4,5,1,noun,4.37,0,0,1,0,0
freak,B2,4,5,1,noun,4.08,0,0,1,0,0
free,A1,1,4,1,noun,5.63,0,0,1,0,0
free,A2,2,4,1,noun,5.63,0,0,1,0,0
free,B2,4,4,1,noun,5.63,0,0,1,0,0
freedom,A2,2,7,2,noun,4.86,0,0,1,0,0
freely,B1,3,6,2,adverb,4.07,0,1,0,0,0
freeze,A2,2,6,2,noun,4.11,0,0,1,0,0
freezer,B1,3,7,2,noun,3.66,0,0,1,0,0
freezing,B1,3,8,2,noun,4.05,0,0,1,0,0
frequency,B1,3,9,3,noun,4.36,0,0,1,0,0
frequent,B1,3,8,2,verb,4.27,0,0,0,0,1
frequently,B1,3,10,3,adverb,4.56,0,1,0,0,0
fresh,A2,2,5,1,adjective,4.83,1,0,0,0,0
freshman,B1,3,8,2,noun,3.98,0,0,1,0,0
Friday,A1,1,6,2,noun,4.96,0,0,1,0,0
fridge,A2,2,6,2,noun,4.02,0,0,1,0,0
fried,A2,2,5,1,verb,4.06,0,0,0,0,1
friend,A1,1,6,1,noun,5.37,0,0,1,0,0
friendliness,B1,3,12,3,noun,2.93,0,0,1,0,0
friendly,B2,4,8,2,noun,4.64,0,0,1,0,0
friendship,A2,2,10,2,noun,4.39,0,0,1,0,0
frigate,B2,4,7,3,noun,3.09,0,0,1,0,0
fright,B1,3,6,1,noun,3.3,0,0,1,0,0
frighten,A2,2,8,2,verb,3.08,0,0,0,0,1
frightened,A2,2,10,3,verb,3.74,0,0,0,0,1
frightening,A2,2,11,3,noun,3.67,0,0,1,0,0
frog,A1,1,4,1,noun,3.89,0,0,1,0,0
from,A1,1,4,1,unknown,6.63,0,0,0,1,0
front,A1,1,5,1,noun,5.28,0,0,1,0,0
front,A2,2,5,1,noun,5.28,0,0,1,0,0
frontier,B2,4,8,2,noun,3.97,0,0,1,0,0
frost,B1,3,5,1,noun,3.95,0,0,1,0,0
frozen,B1,3,6,2,verb,4.32,0,0,0,0,1
frugal,B2,4,6,2,adjective,3.11,1,0,0,0,0
fruit,A1,1,5,1,noun,4.57,0,0,1,0,0
frustrated,B1,3,10,3,verb,4.08,0,0,0,0,1
frustration,B1,3,11,3,noun,3.97,0,0,1,0,0
fry,A2,2,3,1,noun,3.89,0,0,1,0,0
fry,B1,3,3,1,noun,3.89,0,0,1,0,0
frying pan,B1,3,10,2,unknown,3.38,0,0,0,1,0
fuel,B1,3,4,1,noun,4.72,0,0,1,0,0
fulfill/fulfil,B2,4,14,4,unknown,3.38,0,0,0,1,0
full,A1,1,4,1,noun,5.54,0,0,1,0,0
full stop,B1,3,9,2,unknown,5.23,0,0,0,1,0
full-time,B1,3,9,3,adjective,5.47,1,0,0,0,0
fully,A2,2,5,2,adverb,4.89,0,1,0,0,0
fume,B2,4,4,1,noun,2.63,0,0,1,0,0
fun,A1,1,3,1,noun,5.3,0,0,1,0,0
function,B1,3,8,2,noun,4.78,0,0,1,0,0
function,A2,2,8,2,noun,4.78,0,0,1,0,0
functional,B2,4,10,3,adjective,4.24,1,0,0,0,0
functionality,B2,4,13,5,noun,3.7,0,0,1,0,0
fund,B1,3,4,1,noun,4.82,0,0,1,0,0
fundamental,B2,4,11,4,noun,4.33,0,0,1,0,0
funeral,B1,3,7,3,noun,4.37,0,0,1,0,0
funk,B2,4,4,1,noun,3.71,0,0,1,0,0
funky,B2,4,5,2,adjective,3.63,1,0,0,0,0
funny,A1,1,5,2,noun,5.02,0,0,1,0,0
fur,B1,3,3,1,noun,4.03,0,0,1,0,0
furious,B2,4,7,2,adjective,3.98,1,0,0,0,0
furiously,B2,4,9,3,adverb,3.19,0,1,0,0,0
furnish,B1,3,7,2,verb,3.14,0,0,0,0,1
furniture,A2,2,9,4,noun,4.29,0,0,1,0,0
furor/furore,B2,4,12,5,unknown,2.13,0,0,0,1,0
further,A2,2,7,2,verb,5.31,0,0,0,0,1
further,B1,3,7,2,verb,5.31,0,0,0,0,1
furthermore,B1,3,11,4,adverb,4.23,0,1,0,0,0
furthest,B1,3,8,2,adjective,3.17,1,0,0,0,0
fuss,B1,3,4,1,noun,3.62,0,0,1,0,0
future,B1,3,6,3,noun,5.33,0,0,1,0,0
future,A1,1,6,3,noun,5.33,0,0,1,0,0
gaiety,B2,4,6,2,noun,2.57,0,0,1,0,0
gain,B1,3,4,1,noun,4.81,0,0,1,0,0
gall,B1,3,4,1,noun,3.3,0,0,1,0,0
gallery,A2,2,7,3,noun,4.49,0,0,1,0,0
gallon,B1,3,6,2,noun,3.75,0,0,1,0,0
gambling,B2,4,8,2,noun,4.08,0,0,1,0,0
game,A1,1,4,1,noun,5.72,0,0,1,0,0
gang,B2,4,4,1,noun,4.5,0,0,1,0,0
gangster,B2,4,8,2,noun,3.55,0,0,1,0,0
gap,B1,3,3,1,noun,4.47,0,0,1,0,0
garage,A2,2,6,3,noun,4.25,0,0,1,0,0
garbage,A1,1,7,3,noun,4.18,0,0,1,0,0
garden,A1,1,6,2,noun,4.77,0,0,1,0,0
gardener,B2,4,8,3,noun,3.49,0,0,1,0,0
gardening,B1,3,9,3,noun,3.67,0,0,1,0,0
garlic,A2,2,6,2,noun,3.92,0,0,1,0,0
garment,B1,3,7,2,noun,3.59,0,0,1,0,0
gas,A2,2,3,1,noun,5.01,0,0,1,0,0
gasp,B2,4,4,1,noun,3.45,0,0,1,0,0
gate,A2,2,4,1,noun,4.47,0,0,1,0,0
gateway,B2,4,7,3,noun,3.83,0,0,1,0,0
gather,A2,2,6,2,noun,4.24,0,0,1,0,0
gaudy,B2,4,5,2,noun,2.83,0,0,1,0,0
gay,B1,3,3,1,noun,4.9,0,0,1,0,0
gaze,B2,4,4,1,noun,3.7,0,0,1,0,0
gear,B2,4,4,1,noun,4.46,0,0,1,0,0
gee,B1,3,3,1,noun,3.63,0,0,1,0,0
gender,A2,2,6,2,noun,4.59,0,0,1,0,0
gene,B1,3,4,2,noun,4.36,0,0,1,0,0
general,B1,3,7,3,noun,5.47,0,0,1,0,0
generalization/generalisation,B2,4,29,12,unknown,2.4,0,0,0,1,0
generalize/generalise,B2,4,21,10,unknown,2.15,0,0,0,1,0
generally,B1,3,9,4,adverb,4.95,0,1,0,0,0
generate,B1,3,8,4,verb,4.22,0,0,0,0,1
generation,A2,2,10,4,noun,4.82,0,0,1,0,0
generosity,B2,4,10,5,noun,3.62,0,0,1,0,0
generous,B1,3,8,3,adjective,4.2,1,0,0,0,0
generously,B2,4,10,4,adverb,3.29,0,1,0,0,0
genetic,B1,3,7,3,adjective,4.34,1,0,0,0,0
genetically,B1,3,11,5,adverb,3.66,0,1,0,0,0
genetics,B1,3,8,3,noun,3.84,0,0,1,0,0
genius,B2,4,6,2,noun,4.33,0,0,1,0,0
genre,B2,4,5,2,noun,4.17,0,0,1,0,0
gentle,A2,2,6,2,verb,4.17,0,0,0,0,1
gentleman,B1,3,9,3,noun,4.16,0,0,1,0,0
gently,B2,4,6,2,adverb,4.08,0,1,0,0,0
genuine,B2,4,7,3,adjective,4.37,1,0,0,0,0
genuinely,B2,4,9,4,adverb,4.1,0,1,0,0,0
geographic,B2,4,10,3,adjective,3.97,1,0,0,0,0
geographical,B1,3,12,4,adjective,3.85,1,0,0,0,0
geography,B1,3,9,3,noun,3.98,0,0,1,0,0
geology,B1,3,7,3,noun,3.76,0,0,1,0,0
germ,B2,4,4,1,noun,3.2,0,0,1,0,0
gesture,B1,3,7,3,noun,3.9,0,0,1,0,0
get,A1,1,3,1,noun,6.28,0,0,1,0,0
getaway,B2,4,7,3,noun,3.51,0,0,1,0,0
ghetto,B2,4,6,2,noun,3.69,0,0,1,0,0
ghost,A1,1,5,1,noun,4.42,0,0,1,0,0
giant,B1,3,5,1,noun,4.62,0,0,1,0,0
gift,A1,1,4,1,noun,4.78,0,0,1,0,0
gifted,B1,3,6,2,verb,3.89,0,0,0,0,1
giggle,B1,3,6,2,noun,3.35,0,0,1,0,0
ginger,B1,3,6,2,noun,3.93,0,0,1,0,0
giraffe,B1,3,7,3,noun,3.32,0,0,1,0,0
girl,A1,1,4,1,noun,5.38,0,0,1,0,0
girlfriend,A1,1,10,2,noun,4.68,0,0,1,0,0
give,A1,1,4,1,noun,5.71,0,0,1,0,0
giveaway,B2,4,8,3,noun,3.55,0,0,1,0,0
given,A2,2,5,2,noun,5.41,0,0,1,0,0
glacis,B2,4,6,2,unknown,1.79,0,0,0,1,0
glad,A1,1,4,1,noun,4.9,0,0,1,0,0
glamorous/glamourous,B2,4,20,6,unknown,2.02,0,0,0,1,0
glance,B1,3,6,2,noun,3.91,0,0,1,0,0
glare,B2,4,5,2,noun,3.36,0,0,1,0,0
glass,A1,1,5,1,noun,4.85,0,0,1,0,0
glasses,A1,1,7,2,noun,4.34,0,0,1,0,0
gleam,B2,4,5,1,noun,2.97,0,0,1,0,0
glee,B2,4,4,1,noun,3.49,0,0,1,0,0
glide,B1,3,5,2,noun,3.33,0,0,1,0,0
glimpse,B1,3,7,2,noun,3.81,0,0,1,0,0
glint,B1,3,5,1,noun,2.65,0,0,1,0,0
global,B1,3,6,2,adjective,4.95,1,0,0,0,0
global warming,B2,4,14,4,unknown,4.0,0,0,0,1,0
globally,B2,4,8,3,adverb,3.82,0,1,0,0,0
globe,A2,2,5,2,noun,4.28,0,0,1,0,0
glocal,B2,4,6,2,unknown,1.47,0,0,0,1,0
gloomy,B2,4,6,2,adjective,3.39,1,0,0,0,0
glorify,B2,4,7,3,verb,3.05,0,0,0,0,1
glorious,B1,3,8,2,adjective,4.08,1,0,0,0,0
glory,B1,3,5,2,noun,4.36,0,0,1,0,0
glove,A2,2,5,2,noun,3.73,0,0,1,0,0
glow,B2,4,4,1,noun,3.91,0,0,1,0,0
go,B1,3,2,1,noun,6.03,0,0,1,0,0
go,A1,1,2,1,noun,6.03,0,0,1,0,0
goal,A1,1,4,1,noun,5.06,0,0,1,0,0
goalkeeper,B1,3,10,3,noun,3.79,0,0,1,0,0
goat,B2,4,4,1,noun,4.02,0,0,1,0,0
god,B2,4,3,1,noun,5.57,0,0,1,0,0
goddess,B1,3,7,2,noun,4.01,0,0,1,0,0
godly,B2,4,5,2,adjective,3.26,1,0,0,0,0
gold,A1,1,4,1,noun,5.17,0,0,1,0,0
gold,A2,2,4,1,noun,5.17,0,0,1,0,0
golden,A2,2,6,2,adjective,4.67,1,0,0,0,0
golf,A2,2,4,1,noun,4.56,0,0,1,0,0
golfer,B1,3,6,2,noun,3.35,0,0,1,0,0
good,A1,1,4,1,noun,6.12,0,0,1,0,0
good,B2,4,4,1,noun,6.12,0,0,1,0,0
good afternoon,A1,1,14,4,unknown,4.7,0,0,0,1,0
good morning,A1,1,12,3,unknown,5.26,0,0,0,1,0
good night,A1,1,10,2,unknown,5.49,0,0,0,1,0
good-looking,A2,2,12,3,adjective,5.46,1,0,0,0,0
goodness,B1,3,8,2,noun,4.13,0,0,1,0,0
goods,B1,3,5,1,noun,4.6,0,0,1,0,0
goodwill,B2,4,8,2,noun,3.67,0,0,1,0,0
gook,B2,4,4,1,noun,2.29,0,0,1,0,0
gorge,B2,4,5,2,noun,3.4,0,0,1,0,0
gorgeous,B1,3,8,2,adjective,4.35,1,0,0,0,0
gorilla,B1,3,7,3,noun,3.62,0,0,1,0,0
gossip,B1,3,6,2,noun,3.88,0,0,1,0,0
gossip,B2,4,6,2,noun,3.88,0,0,1,0,0
govern,B1,3,6,2,verb,3.67,0,0,0,0,1
government,A2,2,10,3,noun,5.57,0,0,1,0,0
governmental,B2,4,12,4,adjective,3.85,1,0,0,0,0
governor,B1,3,8,3,noun,4.71,0,0,1,0,0
gown,B1,3,4,1,noun,3.75,0,0,1,0,0
grab,B1,3,4,1,noun,4.52,0,0,1,0,0
grace,A2,2,5,2,noun,4.56,0,0,1,0,0
graceful,B1,3,8,3,adjective,3.39,1,0,0,0,0
gracefulness,B2,4,12,4,noun,1.66,0,0,1,0,0
grade,A1,1,5,2,noun,4.8,0,0,1,0,0
grade,B2,4,5,2,noun,4.8,0,0,1,0,0
gradual,B2,4,7,2,noun,3.67,0,0,1,0,0
gradually,A2,2,9,3,adverb,4.21,0,1,0,0,0
graduate,B1,3,8,3,noun,4.5,0,0,1,0,0
graduate,A2,2,8,3,noun,4.5,0,0,1,0,0
graduation,B1,3,10,3,noun,4.07,0,0,1,0,0
grain,B2,4,5,1,noun,4.18,0,0,1,0,0
gram/gramme,A2,2,11,3,unknown,1.64,0,0,0,1,0
grammar,A1,1,7,2,noun,4.17,0,0,1,0,0
grand,B2,4,5,1,noun,4.91,0,0,1,0,0
grandchild,A2,2,10,2,noun,3.13,0,0,1,0,0
granddad,A2,2,8,2,noun,2.68,0,0,1,0,0
granddaughter,A2,2,13,3,noun,3.6,0,0,1,0,0
grandfather,A1,1,11,3,noun,4.24,0,0,1,0,0
grandma,A1,1,7,2,noun,4.11,0,0,1,0,0
grandmother,A1,1,11,3,noun,4.14,0,0,1,0,0
grandpa,A1,1,7,2,noun,3.8,0,0,1,0,0
grandparent,A1,1,11,3,noun,2.83,0,0,1,0,0
grandson,A2,2,8,2,noun,3.85,0,0,1,0,0
granny,A2,2,6,2,noun,3.61,0,0,1,0,0
grant,B1,3,5,1,noun,4.67,0,0,1,0,0
grape,A1,1,5,2,noun,3.7,0,0,1,0,0
graph,B1,3,5,1,noun,4.05,0,0,1,0,0
graphic,B1,3,7,2,noun,4.23,0,0,1,0,0
graphically,B2,4,11,4,adverb,2.98,0,1,0,0,0
graphics,B1,3,8,2,noun,4.19,0,0,1,0,0
grasp,B2,4,5,1,noun,3.97,0,0,1,0,0
grass,A1,1,5,1,noun,4.38,0,0,1,0,0
grateful,A2,2,8,3,adjective,4.35,1,0,0,0,0
gratitude,B1,3,9,4,noun,3.92,0,0,1,0,0
grave,B1,3,5,2,noun,4.31,0,0,1,0,0
gravestone,B2,4,10,4,noun,2.66,0,0,1,0,0
gravitation,B2,4,11,4,noun,2.67,0,0,1,0,0
gravy,B1,3,5,2,noun,3.48,0,0,1,0,0
gray/grey,A1,1,9,2,unknown,4.16,0,0,0,1,0
great,A1,1,5,1,noun,5.88,0,0,1,0,0
greatly,A2,2,7,2,adverb,4.33,0,1,0,0,0
greatness,B2,4,9,2,noun,3.71,0,0,1,0,0
greedy,A2,2,6,2,adjective,3.75,1,0,0,0,0
green,A1,1,5,1,noun,5.13,0,0,1,0,0
green,A2,2,5,1,noun,5.13,0,0,1,0,0
greenhouse,B1,3,10,3,noun,3.78,0,0,1,0,0
greet,A1,1,5,1,verb,3.73,0,0,0,0,1
greeting,B1,3,8,2,noun,3.68,0,0,1,0,0
grief,B2,4,5,1,noun,4.08,0,0,1,0,0
grieve,B2,4,6,2,verb,3.33,0,0,0,0,1
grill,B1,3,5,1,noun,3.84,0,0,1,0,0
grilled,A2,2,7,2,verb,3.71,0,0,0,0,1
grim,B2,4,4,1,adjective,3.69,1,0,0,0,0
grin,B2,4,4,1,noun,3.59,0,0,1,0,0
grip,B2,4,4,1,noun,4.11,0,0,1,0,0
grocery store,A2,2,13,5,unknown,4.01,0,0,0,1,0
groom,B1,3,5,1,noun,3.63,0,0,1,0,0
gross,B2,4,5,1,noun,4.45,0,0,1,0,0
ground,A1,1,6,1,noun,5.15,0,0,1,0,0
ground floor,B1,3,12,2,unknown,4.73,0,0,0,1,0
group,A1,1,5,1,noun,5.57,0,0,1,0,0
group,B1,3,5,1,noun,5.57,0,0,1,0,0
grouping,B1,3,8,2,noun,3.46,0,0,1,0,0
grow,A1,1,4,1,verb,4.9,0,0,0,0,1
growing,B2,4,7,2,noun,4.94,0,0,1,0,0
grown-up,B2,4,8,2,unknown,4.66,0,0,0,1,0
growth,B1,3,6,1,noun,5.03,0,0,1,0,0
guarantee,B1,3,9,3,noun,4.44,0,0,1,0,0
guarantee,B2,4,9,3,noun,4.44,0,0,1,0,0
guard,A2,2,5,1,noun,4.73,0,0,1,0,0
guard,B2,4,5,1,noun,4.73,0,0,1,0,0
guerrilla,B2,4,9,3,noun,3.38,0,0,1,0,0
guess,B1,3,5,1,noun,5.17,0,0,1,0,0
guess,A1,1,5,1,noun,5.17,0,0,1,0,0
guest,A1,1,5,1,noun,4.58,0,0,1,0,0
guidance,B1,3,8,3,noun,4.33,0,0,1,0,0
guide,B1,3,5,2,noun,4.75,0,0,1,0,0
guidebook,A2,2,9,3,noun,2.95,0,0,1,0,0
guideline,B2,4,9,4,noun,3.25,0,0,1,0,0
guilt,B1,3,5,1,noun,4.13,0,0,1,0,0
guilty,B1,3,6,2,adjective,4.61,1,0,0,0,0
guitar,A1,1,6,2,noun,4.48,0,0,1,0,0
guitarist,B1,3,9,3,noun,3.63,0,0,1,0,0
gulp,B2,4,4,1,noun,2.93,0,0,1,0,0
gum,B2,4,3,1,noun,3.94,0,0,1,0,0
gun,A2,2,3,1,noun,4.96,0,0,1,0,0
gunshot,B2,4,7,2,noun,3.49,0,0,1,0,0
guts,B2,4,4,1,noun,3.77,0,0,1,0,0
guy,A1,1,3,1,noun,5.4,0,0,1,0,0
gym,B1,3,3,1,noun,4.43,0,0,1,0,0
gymnastic,B2,4,9,3,adjective,2.62,1,0,0,0,0
gymnastics,B1,3,10,3,noun,3.6,0,0,1,0,0
habit,A1,1,5,2,noun,4.24,0,0,1,0,0
habitant,B2,4,8,3,noun,1.37,0,0,1,0,0
habitat,B1,3,7,3,noun,3.98,0,0,1,0,0
had,A1,1,3,1,verb,6.33,0,0,0,0,1
hail,B2,4,4,1,noun,3.92,0,0,1,0,0
hair,A1,1,4,1,noun,5.08,0,0,1,0,0
haircut,A1,1,7,2,noun,3.7,0,0,1,0,0
hairdresser,B1,3,11,3,noun,3.17,0,0,1,0,0
hairdryer,B1,3,9,2,unknown,2.43,0,0,0,1,0
hairy,B2,4,5,2,adjective,3.8,1,0,0,0,0
half,B1,3,4,1,noun,5.41,0,0,1,0,0
half,A2,2,4,1,noun,5.41,0,0,1,0,0
half,A1,1,4,1,noun,5.41,0,0,1,0,0
half-price,A2,2,10,3,adverb,5.01,0,1,0,0,0
hall,A1,1,4,1,noun,4.87,0,0,1,0,0
ham,A2,2,3,1,noun,4.12,0,0,1,0,0
hamburger,A1,1,9,3,noun,3.45,0,0,1,0,0
hammer,B1,3,6,2,noun,4.16,0,0,1,0,0
hammer,B2,4,6,2,noun,4.16,0,0,1,0,0
hand,A1,1,4,1,noun,5.41,0,0,1,0,0
hand,A2,2,4,1,noun,5.41,0,0,1,0,0
handbag,A2,2,7,2,noun,3.42,0,0,1,0,0
handball,B1,3,8,2,noun,3.11,0,0,1,0,0
hand-held,B1,3,9,2,adjective,5.02,1,0,0,0,0
handicap,B2,4,8,3,noun,3.61,0,0,1,0,0
handicapped,A2,2,11,4,noun,3.42,0,0,1,0,0
handicraft,B2,4,10,3,noun,2.65,0,0,1,0,0
handkerchief,B1,3,12,3,noun,3.18,0,0,1,0,0
handle,A2,2,6,2,noun,4.79,0,0,1,0,0
handle,B1,3,6,2,noun,4.79,0,0,1,0,0
handout,B2,4,7,2,noun,3.0,0,0,1,0,0
handrail,B2,4,8,2,noun,2.35,0,0,1,0,0
handshake,B1,3,9,3,noun,3.36,0,0,1,0,0
handsome,A1,1,8,3,adjective,4.22,1,0,0,0,0
handwriting,B1,3,11,3,noun,3.57,0,0,1,0,0
handy,B1,3,5,2,noun,3.97,0,0,1,0,0
hang,B2,4,4,1,noun,4.6,0,0,1,0,0
hang,B1,3,4,1,noun,4.6,0,0,1,0,0
hanging,B1,3,7,2,noun,4.5,0,0,1,0,0
happen,A1,1,6,2,verb,5.19,0,0,0,0,1
happily,A2,2,7,3,adverb,4.11,0,1,0,0,0
happiness,A2,2,9,3,noun,4.44,0,0,1,0,0
happy,A1,1,5,2,adjective,5.35,1,0,0,0,0
harbor/harbour,B1,3,14,4,unknown,3.76,0,0,0,1,0
hard,A1,1,4,1,adjective,5.53,1,0,0,0,0
hard drive,B2,4,10,3,unknown,4.98,0,0,0,1,0
hardly,A2,2,6,2,adverb,4.53,0,1,0,0,0
hardship,B1,3,8,2,noun,3.56,0,0,1,0,0
hardware,B2,4,8,3,noun,4.3,0,0,1,0,0
hard-working,B1,3,12,3,unknown,5.19,0,0,0,1,0
harm,B2,4,4,1,noun,4.47,0,0,1,0,0
harm,A2,2,4,1,noun,4.47,0,0,1,0,0
harmful,A2,2,7,2,adjective,3.97,1,0,0,0,0
harmless,B2,4,8,2,adjective,3.79,1,0,0,0,0
harmony,A2,2,7,3,noun,4.11,0,0,1,0,0
harness,B1,3,7,2,noun,3.67,0,0,1,0,0
harrow,B2,4,6,2,noun,3.08,0,0,1,0,0
harvest,A2,2,7,2,noun,4.03,0,0,1,0,0
has,A1,1,3,1,noun,6.37,0,0,1,0,0
haste,B2,4,5,2,noun,3.37,0,0,1,0,0
hastily,B2,4,7,3,adverb,3.3,0,1,0,0,0
hasty,B1,3,5,2,adjective,3.29,1,0,0,0,0
hat,A1,1,3,1,noun,4.53,0,0,1,0,0
hatch,B1,3,5,1,noun,3.82,0,0,1,0,0
hatching,B2,4,8,2,noun,3.06,0,0,1,0,0
hate,B1,3,4,1,noun,5.11,0,0,1,0,0
hate,A2,2,4,1,noun,5.11,0,0,1,0,0
hatred,B1,3,6,2,noun,4.05,0,0,1,0,0
haunt,B1,3,5,1,noun,3.54,0,0,1,0,0
haunt,B2,4,5,1,noun,3.54,0,0,1,0,0
haunting,B2,4,8,2,verb,3.52,0,0,0,0,1
have,A1,1,4,1,noun,6.71,0,0,1,0,0
have to,A1,1,7,3,unknown,6.63,0,0,0,1,0
haven,B1,3,5,2,noun,4.13,0,0,1,0,0
hay,B2,4,3,1,noun,3.91,0,0,1,0,0
hazard,B1,3,6,2,noun,3.98,0,0,1,0,0
hazardous,B2,4,9,3,adjective,3.71,1,0,0,0,0
he,A1,1,2,1,noun,6.69,0,0,1,0,0
head,A1,1,4,1,noun,5.51,0,0,1,0,0
head,A2,2,4,1,noun,5.51,0,0,1,0,0
headache,A1,1,8,3,noun,3.97,0,0,1,0,0
headline,B1,3,8,3,noun,4.03,0,0,1,0,0
headphone,A2,2,9,3,noun,3.3,0,0,1,0,0
headquarters,B2,4,12,3,noun,4.36,0,0,1,0,0
headteacher,A2,2,11,3,unknown,2.68,0,0,0,1,0
heal,B1,3,4,1,verb,4.12,0,0,0,0,1
healing,B1,3,7,2,noun,4.23,0,0,1,0,0
health,A1,1,6,1,noun,5.44,0,0,1,0,0
health care,B2,4,11,3,unknown,5.2,0,0,0,1,0
healthy,A1,1,7,2,adjective,4.8,1,0,0,0,0
heap,B2,4,4,1,noun,3.59,0,0,1,0,0
hear,A1,1,4,1,verb,5.23,0,0,0,0,1
hearing,B1,3,7,2,noun,4.82,0,0,1,0,0
heart,A1,1,5,1,noun,5.31,0,0,1,0,0
heart attack,B1,3,12,3,unknown,4.89,0,0,0,1,0
heartbreaking,B2,4,13,3,adjective,3.57,1,0,0,0,0
hearted,B1,3,7,2,unknown,3.77,0,0,0,1,0
heartwarming/heart-warming,B2,4,26,6,unknown,3.0,0,0,0,1,0
hearty,B1,3,6,2,adjective,3.38,1,0,0,0,0
heat,A2,2,4,1,noun,4.86,0,0,1,0,0
heat,B1,3,4,1,noun,4.86,0,0,1,0,0
heater,B1,3,6,2,noun,3.55,0,0,1,0,0
heating,A2,2,7,2,noun,4.18,0,0,1,0,0
heaven,B1,3,6,2,noun,4.58,0,0,1,0,0
heavenly,B1,3,8,3,adjective,3.76,1,0,0,0,0
heavily,A2,2,7,3,adverb,4.54,0,1,0,0,0
heavy,A1,1,5,2,noun,4.96,0,0,1,0,0
hedge,B2,4,5,2,noun,3.74,0,0,1,0,0
heel,B1,3,4,1,noun,3.84,0,0,1,0,0
height,B1,3,6,1,noun,4.53,0,0,1,0,0
helicopter,B2,4,10,4,noun,4.13,0,0,1,0,0
hell,B2,4,4,1,noun,5.1,0,0,1,0,0
hello,A1,1,5,2,noun,4.72,0,0,1,0,0
helmet,B1,3,6,2,noun,4.02,0,0,1,0,0
help,A2,2,4,1,noun,5.75,0,0,1,0,0
help,A1,1,4,1,noun,5.75,0,0,1,0,0
helper,B2,4,6,2,noun,3.41,0,0,1,0,0
helpful,A2,2,7,2,adjective,4.43,1,0,0,0,0
helpless,B1,3,8,2,adjective,3.69,1,0,0,0,0
hemp,B2,4,4,1,noun,3.42,0,0,1,0,0
her,A1,1,3,1,unknown,6.3,0,0,0,1,0
herb,B2,4,4,1,noun,3.77,0,0,1,0,0
herd,B1,3,4,1,noun,3.77,0,0,1,0,0
here,A1,1,4,2,noun,5.97,0,0,1,0,0
heritage,B2,4,8,4,noun,4.36,0,0,1,0,0
hero,A2,2,4,2,noun,4.68,0,0,1,0,0
hers,A1,1,4,1,unknown,3.97,0,0,0,1,0
herself,A2,2,7,2,unknown,4.78,0,0,0,1,0
hesitate,B1,3,8,4,verb,3.79,0,0,0,0,1
hesitation,B2,4,10,4,noun,3.55,0,0,1,0,0
hey,A2,2,3,1,unknown,5.12,0,0,0,1,0
hi,A1,1,2,1,noun,5.0,0,0,1,0,0
hidden,B1,3,6,2,verb,4.53,0,0,0,0,1
hide,A1,1,4,1,noun,4.54,0,0,1,0,0
high,A1,1,4,1,noun,5.75,0,0,1,0,0
high,A2,2,4,1,noun,5.75,0,0,1,0,0
high school,A2,2,11,2,unknown,5.43,0,0,0,1,0
highlight,B2,4,9,2,noun,4.21,0,0,1,0,0
highlight,B1,3,9,2,noun,4.21,0,0,1,0,0
highly,B1,3,6,2,adverb,4.89,0,1,0,0,0
high-tech/hi-tech,B2,4,17,4,unknown,4.28,0,0,0,1,0
highway,A2,2,7,2,noun,4.49,0,0,1,0,0
hijack,B2,4,6,2,noun,3.11,0,0,1,0,0
hike,A2,2,4,1,noun,3.95,0,0,1,0,0
hiking,A2,2,6,2,noun,3.87,0,0,1,0,0
hilarious,B2,4,9,3,adjective,4.27,1,0,0,0,0
hill,A1,1,4,1,noun,4.82,0,0,1,0,0
him,A1,1,3,1,unknown,6.11,0,0,0,1,0
himself,A2,2,7,2,unknown,5.25,0,0,0,1,0
hint,B2,4,4,1,noun,4.07,0,0,1,0,0
hip,B1,3,3,1,noun,4.46,0,0,1,0,0
hip hop/hip-hop/hiphop,A2,2,22,6,unknown,2.61,0,0,0,1,0
hire,B1,3,4,1,noun,4.4,0,0,1,0,0
his,A1,1,3,1,unknown,6.51,0,0,0,1,0
historian,B1,3,9,3,noun,3.9,0,0,1,0,0
historic,B1,3,8,3,adjective,4.49,1,0,0,0,0
historical,B1,3,10,4,adjective,4.69,1,0,0,0,0
history,A1,1,7,3,noun,5.39,0,0,1,0,0
hit,B1,3,3,1,noun,5.37,0,0,1,0,0
hit,A2,2,3,1,noun,5.37,0,0,1,0,0
HIV,B1,3,3,1,noun,4.17,0,0,1,0,0
hobby,A1,1,5,2,noun,3.94,0,0,1,0,0
hockey,A2,2,6,2,noun,4.42,0,0,1,0,0
hold,A1,1,4,1,noun,5.19,0,0,1,0,0
hold,A2,2,4,1,noun,5.19,0,0,1,0,0
holder,B2,4,6,2,noun,4.21,0,0,1,0,0
hole,A1,1,4,1,noun,4.66,0,0,1,0,0
holiday,A1,1,7,3,noun,4.66,0,0,1,0,0
hollow,B2,4,6,2,noun,3.95,0,0,1,0,0
holocaust,B2,4,9,3,noun,3.89,0,0,1,0,0
holy,B1,3,4,2,noun,4.88,0,0,1,0,0
home,A2,2,4,1,noun,5.81,0,0,1,0,0
home,A1,1,4,1,noun,5.81,0,0,1,0,0
homeless,B1,3,8,3,noun,4.26,0,0,1,0,0
hometown,A1,1,8,3,noun,3.91,0,0,1,0,0
homeward,B2,4,8,3,adjective,2.7,1,0,0,0,0
homework,A1,1,8,3,noun,4.13,0,0,1,0,0
hone,B2,4,4,1,noun,3.17,0,0,1,0,0
honest,B1,3,6,2,adjective,4.73,1,0,0,0,0
honestly,B1,3,8,3,adverb,4.69,0,1,0,0,0
honesty,B1,3,7,3,noun,3.99,0,0,1,0,0
honey,A2,2,5,2,noun,4.37,0,0,1,0,0
honeymoon,B1,3,9,3,noun,3.68,0,0,1,0,0
honor/honour,A2,2,12,4,unknown,4.2,0,0,0,1,0
honor/honour,B2,4,12,4,unknown,4.2,0,0,0,1,0
honorable/honourable,B2,4,20,8,unknown,3.43,0,0,0,1,0
hood,B2,4,4,1,noun,4.21,0,0,1,0,0
hook,B2,4,4,1,noun,4.37,0,0,1,0,0
hop,B1,3,3,1,noun,4.4,0,0,1,0,0
hope,A1,1,4,1,noun,5.44,0,0,1,0,0
hope,B1,3,4,1,noun,5.44,0,0,1,0,0
hopeful,B1,3,7,3,noun,3.79,0,0,1,0,0
hopefully,B1,3,9,4,adverb,4.56,0,1,0,0,0
hopeless,B1,3,8,3,adjective,3.71,1,0,0,0,0
horizon,B1,3,7,3,noun,4.07,0,0,1,0,0
horn,B1,3,4,1,noun,4.14,0,0,1,0,0
horrible,B1,3,8,3,adjective,4.44,1,0,0,0,0
horrify,B1,3,7,3,verb,2.13,0,0,0,0,1
horror,A2,2,6,2,noun,4.43,0,0,1,0,0
horse,A1,1,5,2,noun,4.76,0,0,1,0,0
hospice,B2,4,7,3,noun,3.39,0,0,1,0,0
hospitable,B2,4,10,4,adjective,2.96,1,0,0,0,0
hospital,A1,1,8,3,noun,5.07,0,0,1,0,0
hospitality,B2,4,11,5,noun,3.9,0,0,1,0,0
hospitalize/hospitalise,B2,4,23,10,unknown,0.0,0,0,0,1,0
host,A2,2,4,1,noun,4.77,0,0,1,0,0
hostel,B1,3,6,2,noun,3.43,0,0,1,0,0
hot,A1,1,3,1,adjective,5.16,1,0,0,0,0
hotel,A1,1,5,2,noun,4.95,0,0,1,0,0
hour,A1,1,4,1,noun,5.18,0,0,1,0,0
hourly,B2,4,6,2,adjective,3.71,1,0,0,0,0
house,A1,1,5,2,noun,5.71,0,0,1,0,0
household,B1,3,9,3,noun,4.47,0,0,1,0,0
housekeeper,B2,4,11,4,noun,3.29,0,0,1,0,0
housemaster,B2,4,11,4,noun,1.85,0,0,1,0,0
housewife,B2,4,9,4,noun,3.4,0,0,1,0,0
housework,B1,3,9,3,noun,3.08,0,0,1,0,0
hover,B2,4,5,2,verb,3.26,0,0,0,0,1
how,A1,1,3,1,unknown,6.24,0,0,0,1,0
however,A2,2,7,3,adverb,5.58,0,1,0,0,0
hug,B2,4,3,1,noun,4.09,0,0,1,0,0
hug,A2,2,3,1,noun,4.09,0,0,1,0,0
huge,B1,3,4,1,adjective,5.06,1,0,0,0,0
hugely,B2,4,6,3,adverb,3.65,0,1,0,0,0
human,A2,2,5,2,noun,5.35,0,0,1,0,0
human,B1,3,5,2,noun,5.35,0,0,1,0,0
human rights,B2,4,12,3,unknown,4.96,0,0,0,1,0
humane,B2,4,6,3,adjective,3.62,1,0,0,0,0
humanist,B2,4,8,3,noun,3.07,0,0,1,0,0
humanity,B1,3,8,4,noun,4.32,0,0,1,0,0
humanize/humanise,B2,4,17,8,unknown,1.59,0,0,0,1,0
humble,B2,4,6,2,verb,4.11,0,0,0,0,1
humbug,B2,4,6,2,noun,2.6,0,0,1,0,0
humid,B1,3,5,2,adjective,3.5,1,0,0,0,0
humiliate,B2,4,9,4,verb,3.08,0,0,0,0,1
humiliating,B2,4,11,4,verb,3.46,0,0,0,0,1
humiliation,B2,4,11,4,noun,3.55,0,0,1,0,0
humor/humour,B1,3,12,4,unknown,3.67,0,0,0,1,0
humorous,B1,3,8,3,adjective,3.6,1,0,0,0,0
hundred,A2,2,7,2,noun,4.71,0,0,1,0,0
hunger,B1,3,6,2,noun,4.1,0,0,1,0,0
hungry,A1,1,6,2,adjective,4.45,1,0,0,0,0
hunt,B1,3,4,1,noun,4.49,0,0,1,0,0
hunter,A2,2,6,2,noun,4.37,0,0,1,0,0
hunting,B2,4,7,2,noun,4.42,0,0,1,0,0
hurriedly,B1,3,9,3,adverb,2.79,0,1,0,0,0
hurry,A1,1,5,2,noun,4.14,0,0,1,0,0
hurry,A2,2,5,2,noun,4.14,0,0,1,0,0
hurt,B1,3,4,1,noun,4.94,0,0,1,0,0
hurt,A1,1,4,1,noun,4.94,0,0,1,0,0
husband,A1,1,7,2,noun,5.0,0,0,1,0,0
hush,B2,4,4,1,noun,3.47,0,0,1,0,0
hut,B1,3,3,1,noun,3.84,0,0,1,0,0
hybrid,B2,4,6,2,noun,4.11,0,0,1,0,0
hygiene,B2,4,7,3,noun,3.79,0,0,1,0,0
hyperbole,B2,4,9,4,noun,2.93,0,0,1,0,0
hyphen,B2,4,6,2,noun,2.64,0,0,1,0,0
I,A1,1,1,1,noun,7.09,0,0,1,0,0
ice,A1,1,3,2,noun,5.0,0,0,1,0,0
ice cream,A1,1,9,3,unknown,4.47,0,0,0,1,0
ice hockey,B1,3,10,4,unknown,4.32,0,0,0,1,0
ice skating,B1,3,11,4,unknown,3.81,0,0,0,1,0
iceman,B2,4,6,3,noun,2.72,0,0,1,0,0
icon,B2,4,4,2,noun,4.16,0,0,1,0,0
icy,B2,4,3,2,adjective,3.54,1,0,0,0,0
ID,A2,2,2,1,noun,4.61,0,0,1,0,0
ID card,A2,2,7,2,unknown,4.47,0,0,0,1,0
idea,A1,1,4,2,noun,5.36,0,0,1,0,0
ideal,A1,1,5,2,noun,4.44,0,0,1,0,0
ideally,B2,4,7,3,adverb,3.75,0,1,0,0,0
identical,B2,4,9,4,adjective,4.21,1,0,0,0,0
identification,B2,4,14,6,noun,4.18,0,0,1,0,0
identify,B2,4,8,4,verb,4.56,0,0,0,0,1
identity,B1,3,8,4,noun,4.65,0,0,1,0,0
identity card,B1,3,13,5,unknown,4.5,0,0,0,1,0
ideology,B2,4,8,4,noun,4.02,0,0,1,0,0
idiom,B1,3,5,2,noun,2.97,0,0,1,0,0
idiot,B2,4,5,2,noun,4.39,0,0,1,0,0
idle,B2,4,4,2,noun,3.7,0,0,1,0,0
idol,B1,3,4,2,noun,3.94,0,0,1,0,0
idolize/idolise,B2,4,15,8,unknown,1.74,0,0,0,1,0
if,A1,1,2,1,unknown,6.47,0,0,0,1,0
ignorance,B2,4,9,4,noun,4.04,0,0,1,0,0
ignorant,B2,4,8,3,adjective,4.05,1,0,0,0,0
ignore,B1,3,6,3,verb,4.48,0,0,0,0,1
ill,A2,2,3,1,noun,4.72,0,0,1,0,0
illegal,A2,2,7,3,adjective,4.68,1,0,0,0,0
illegally,B1,3,9,4,adverb,3.87,0,1,0,0,0
illness,B1,3,7,2,noun,4.41,0,0,1,0,0
illuminate,B1,3,10,5,verb,3.3,0,0,0,0,1
illustrate,B2,4,10,4,verb,3.71,0,0,0,0,1
illustration,B2,4,12,4,noun,3.92,0,0,1,0,0
image,A2,2,5,3,noun,4.94,0,0,1,0,0
imagery,B2,4,7,4,noun,3.83,0,0,1,0,0
imaginary,B1,3,9,5,noun,3.79,0,0,1,0,0
imagination,A2,2,11,5,noun,4.22,0,0,1,0,0
imagine,A1,1,7,4,verb,4.92,0,0,0,0,1
imitate,B1,3,7,4,verb,3.29,0,0,0,0,1
imitation,B2,4,9,4,noun,3.47,0,0,1,0,0
immediate,B1,3,9,4,adjective,4.52,1,0,0,0,0
immediately,B1,3,11,5,adverb,4.98,0,1,0,0,0
immerse,B2,4,7,3,verb,2.94,0,0,0,0,1
immigrant,B2,4,9,3,noun,4.04,0,0,1,0,0
immigrate,B1,3,9,4,verb,2.61,0,0,0,0,1
immigration,B1,3,11,4,noun,4.47,0,0,1,0,0
immoral,B2,4,7,3,adjective,3.46,1,0,0,0,0
immortal,B2,4,8,3,noun,3.77,0,0,1,0,0
immortality,B2,4,11,5,noun,3.41,0,0,1,0,0
impact,A2,2,6,2,noun,4.92,0,0,1,0,0
impair,B1,3,6,2,verb,2.93,0,0,0,0,1
impartial,B2,4,9,3,adjective,3.38,1,0,0,0,0
impatient,A2,2,9,3,adjective,3.55,1,0,0,0,0
impatiently,B2,4,11,4,adverb,2.74,0,1,0,0,0
imperative,B2,4,10,5,noun,3.66,0,0,1,0,0
impermanent,B2,4,11,4,adjective,2.19,1,0,0,0,0
implement,B2,4,9,3,noun,4.2,0,0,1,0,0
implication,B2,4,11,4,noun,3.56,0,0,1,0,0
imply,B2,4,5,2,verb,3.83,0,0,0,0,1
impolite,B2,4,8,4,adjective,2.62,1,0,0,0,0
impolitely,B2,4,10,5,adverb,1.25,0,1,0,0,0
import,B2,4,6,2,noun,4.1,0,0,1,0,0
importance,A2,2,10,4,noun,4.56,0,0,1,0,0
important,A1,1,9,3,adjective,5.44,1,0,0,0,0
importantly,A2,2,11,4,adverb,4.09,0,1,0,0,0
impose,B2,4,6,3,verb,3.92,0,0,0,0,1
impossibility,B2,4,13,6,noun,3.04,0,0,1,0,0
impossible,A2,2,10,4,noun,4.78,0,0,1,0,0
impractical,B2,4,11,4,adjective,3.28,1,0,0,0,0
impress,A2,2,7,2,noun,3.93,0,0,1,0,0
impressed,B2,4,9,3,verb,4.34,0,0,0,0,1
impression,B1,3,10,3,noun,4.35,0,0,1,0,0
impressionism,B2,4,13,4,noun,2.64,0,0,1,0,0
impressionist,B2,4,13,4,noun,2.85,0,0,1,0,0
impressive,B1,3,10,4,adjective,4.47,1,0,0,0,0
imprison,B2,4,8,3,verb,2.87,0,0,0,0,1
imprisonment,B2,4,12,4,noun,3.89,0,0,1,0,0
improbable,B2,4,10,4,adjective,3.29,1,0,0,0,0
improper,B1,3,8,3,adjective,3.58,1,0,0,0,0
improperly,B2,4,10,4,adverb,3.35,0,1,0,0,0
improve,A2,2,7,3,verb,4.79,0,0,0,0,1
improved,B2,4,8,3,verb,4.61,0,0,0,0,1
improvement,B1,3,11,4,noun,4.49,0,0,1,0,0
impulse,B2,4,7,3,noun,3.72,0,0,1,0,0
impulsive,B2,4,9,4,adjective,3.27,1,0,0,0,0
in,A2,2,2,1,noun,7.27,0,0,1,0,0
in,A1,1,2,1,noun,7.27,0,0,1,0,0
inaccurate,B2,4,10,5,adjective,3.65,1,0,0,0,0
inadequate,B2,4,10,5,adjective,3.82,1,0,0,0,0
inanimate,B2,4,9,5,adjective,3.01,1,0,0,0,0
inborn,B2,4,6,2,adjective,2.43,1,0,0,0,0
incense,B2,4,7,3,noun,3.27,0,0,1,0,0
incentive,B2,4,9,4,noun,3.97,0,0,1,0,0
inch,A2,2,4,1,noun,4.49,0,0,1,0,0
inch,B2,4,4,1,noun,4.49,0,0,1,0,0
incident,B1,3,8,3,noun,4.54,0,0,1,0,0
include,A2,2,7,3,verb,5.21,0,0,0,0,1
including,B1,3,9,3,verb,5.52,0,0,0,0,1
income,B1,3,6,3,noun,4.97,0,0,1,0,0
inconvenient,B1,3,12,4,adjective,3.47,1,0,0,0,0
incorrect,B1,3,9,3,adjective,3.94,1,0,0,0,0
increase,B1,3,8,3,noun,5.08,0,0,1,0,0
increase,A2,2,8,3,noun,5.08,0,0,1,0,0
increasingly,B1,3,12,4,adverb,4.38,0,1,0,0,0
incredible,B1,3,10,4,adjective,4.63,1,0,0,0,0
incredibly,B1,3,10,4,adverb,4.38,0,1,0,0,0
incur,B2,4,5,2,verb,3.3,0,0,0,0,1
incurable,B2,4,9,4,noun,3.03,0,0,1,0,0
indebted,B2,4,8,3,adjective,3.21,1,0,0,0,0
indeed,A2,2,6,2,adverb,4.79,0,1,0,0,0
indefinite article,B1,3,18,8,unknown,3.4,0,0,0,1,0
indent,B2,4,6,2,noun,2.44,0,0,1,0,0
independence,A2,2,12,5,noun,4.58,0,0,1,0,0
independent,B1,3,11,4,noun,4.93,0,0,1,0,0
independently,B2,4,13,5,adverb,4.06,0,1,0,0,0
indescribable,B2,4,13,5,adjective,2.9,1,0,0,0,0
index,B2,4,5,2,noun,4.57,0,0,1,0,0
indicate,A2,2,8,4,verb,4.35,0,0,0,0,1
indifferent,B2,4,11,4,adjective,3.44,1,0,0,0,0
indignity,B2,4,9,4,noun,2.6,0,0,1,0,0
indirect,B1,3,8,3,adjective,4.0,1,0,0,0,0
indirectly,B1,3,10,4,adverb,3.71,0,1,0,0,0
indispensable,B2,4,13,5,adjective,3.34,1,0,0,0,0
individual,B1,3,10,4,noun,5.0,0,0,1,0,0
individual,B2,4,10,4,noun,5.0,0,0,1,0,0
indoor,A2,2,6,2,adjective,4.09,1,0,0,0,0
indoors,B1,3,7,2,adverb,3.6,0,1,0,0,0
indulge,B2,4,7,3,verb,3.54,0,0,0,0,1
indulgent,B2,4,9,3,adjective,3.09,1,0,0,0,0
industrial,B1,3,10,3,adjective,4.71,1,0,0,0,0
industrialize/industrialise,B2,4,27,10,unknown,1.31,0,0,0,1,0
industry,B1,3,8,3,noun,5.19,0,0,1,0,0
ineffective,B2,4,11,5,adjective,3.66,1,0,0,0,0
inert,B2,4,5,2,adjective,3.09,1,0,0,0,0
inevitable,B1,3,10,5,noun,4.08,0,0,1,0,0
inexpensive,A2,2,11,5,adjective,3.57,1,0,0,0,0
inexperienced,B2,4,13,5,adjective,3.5,1,0,0,0,0
infant,B2,4,6,2,noun,3.99,0,0,1,0,0
infect,B2,4,6,2,verb,3.36,0,0,0,0,1
infected,B2,4,8,3,verb,4.13,0,0,0,0,1
infection,B1,3,9,3,noun,4.33,0,0,1,0,0
infectious,B2,4,10,3,adjective,3.81,1,0,0,0,0
infer,B2,4,5,2,verb,3.16,0,0,0,0,1
inference,B2,4,9,4,noun,3.25,0,0,1,0,0
infinitive,B1,3,10,5,noun,2.57,0,0,1,0,0
inflammation,B2,4,12,4,noun,3.73,0,0,1,0,0
inflammatory,B2,4,12,5,adjective,3.72,1,0,0,0,0
inflate,B2,4,7,3,verb,3.01,0,0,0,0,1
inflation,B2,4,9,3,noun,4.14,0,0,1,0,0
influence,A2,2,9,3,noun,4.78,0,0,1,0,0
influence,B2,4,9,3,noun,4.78,0,0,1,0,0
influential,B2,4,11,3,adjective,4.09,1,0,0,0,0
influenza,B2,4,9,3,noun,3.51,0,0,1,0,0
inform,B1,3,6,2,verb,4.15,0,0,0,0,1
informal,B2,4,8,3,adjective,3.87,1,0,0,0,0
information,A1,1,11,4,noun,5.43,0,0,1,0,0
informative,B1,3,11,5,adjective,3.61,1,0,0,0,0
infringe,B2,4,8,3,verb,2.99,0,0,0,0,1
infringement,B2,4,12,4,noun,3.61,0,0,1,0,0
ingredient,B1,3,10,3,noun,3.74,0,0,1,0,0
inhabit,B2,4,7,3,verb,3.33,0,0,0,0,1
inhabitant,B1,3,10,4,noun,2.76,0,0,1,0,0
inhale,B1,3,6,3,verb,3.25,0,0,0,0,1
inherit,B2,4,7,3,verb,3.52,0,0,0,0,1
initial,B2,4,7,3,noun,4.72,0,0,1,0,0
initial,B1,3,7,3,noun,4.72,0,0,1,0,0
initially,B1,3,9,4,adverb,4.49,0,1,0,0,0
initiative,B2,4,10,5,noun,4.36,0,0,1,0,0
inject,B1,3,6,2,verb,3.44,0,0,0,0,1
injection,B2,4,9,3,noun,3.99,0,0,1,0,0
injure,A2,2,6,3,verb,3.27,0,0,0,0,1
injured,B2,4,7,3,verb,4.51,0,0,0,0,1
injury,B1,3,6,3,noun,4.74,0,0,1,0,0
ink,B1,3,3,1,noun,4.07,0,0,1,0,0
innate,B2,4,6,3,adjective,3.48,1,0,0,0,0
inner,A2,2,5,2,adjective,4.5,1,0,0,0,0
innermost,B1,3,9,3,adjective,2.83,1,0,0,0,0
innocent,B1,3,8,3,noun,4.45,0,0,1,0,0
innocently,B2,4,10,4,adverb,2.88,0,1,0,0,0
innovation,B2,4,10,4,noun,4.32,0,0,1,0,0
innovative,B2,4,10,5,adjective,4.1,1,0,0,0,0
innovator,B1,3,9,4,noun,3.01,0,0,1,0,0
input,B2,4,5,2,noun,4.35,0,0,1,0,0
inquire/enquire,B2,4,15,6,unknown,2.78,0,0,0,1,0
inquiry/enquiry,B1,3,15,6,unknown,3.35,0,0,0,1,0
insane,B1,3,6,3,adjective,4.4,1,0,0,0,0
inscribe,B1,3,8,3,verb,2.19,0,0,0,0,1
inscription,B1,3,11,3,noun,3.54,0,0,1,0,0
insect,A2,2,6,2,noun,3.76,0,0,1,0,0
inseparable,B2,4,11,5,adjective,3.13,1,0,0,0,0
inside,B2,4,6,3,noun,5.19,0,0,1,0,0
inside,A2,2,6,3,noun,5.19,0,0,1,0,0
inside,A1,1,6,3,noun,5.19,0,0,1,0,0
insight,B1,3,7,2,noun,4.19,0,0,1,0,0
insist,B1,3,6,2,verb,4.03,0,0,0,0,1
inspect,B2,4,7,2,verb,3.63,0,0,0,0,1
inspection,B1,3,10,3,noun,4.14,0,0,1,0,0
inspector,B2,4,9,3,noun,4.25,0,0,1,0,0
inspiration,A2,2,11,4,noun,4.41,0,0,1,0,0
inspirational,B2,4,13,5,adjective,3.75,1,0,0,0,0
inspire,B1,3,7,3,verb,4.0,0,0,0,0,1
install/instal,B1,3,14,4,unknown,2.0,0,0,0,1,0
instance,B1,3,8,3,noun,4.59,0,0,1,0,0
instant,A2,2,7,2,noun,4.34,0,0,1,0,0
instantly,B2,4,9,3,adverb,4.23,0,1,0,0,0
instead,A2,2,7,2,adverb,5.24,0,1,0,0,0
instead of,B1,3,10,3,unknown,5.24,0,0,0,1,0
instill/instil,B2,4,14,4,unknown,2.29,0,0,0,1,0
instinct,B2,4,8,2,noun,3.86,0,0,1,0,0
institute,B1,3,9,4,noun,4.8,0,0,1,0,0
institution,B2,4,11,4,noun,4.41,0,0,1,0,0
instruct,B2,4,8,2,verb,3.31,0,0,0,0,1
instruction,B1,3,11,3,noun,4.14,0,0,1,0,0
instructor,B1,3,10,3,noun,4.02,0,0,1,0,0
instrument,A2,2,10,3,noun,4.26,0,0,1,0,0
insufficient,B2,4,12,4,adjective,3.77,1,0,0,0,0
insult,B2,4,6,2,noun,3.99,0,0,1,0,0
insurance,B1,3,9,4,noun,4.94,0,0,1,0,0
integrate,B2,4,9,4,verb,3.72,0,0,0,0,1
intellectual,B2,4,12,4,noun,4.3,0,0,1,0,0
intelligence,A2,2,12,5,noun,4.7,0,0,1,0,0
intelligent,A2,2,11,4,adjective,4.29,1,0,0,0,0
intend,B1,3,6,2,verb,4.09,0,0,0,0,1
intense,B1,3,7,3,adjective,4.39,1,0,0,0,0
intensive,B1,3,9,4,noun,4.06,0,0,1,0,0
intent,B2,4,6,2,noun,4.28,0,0,1,0,0
intention,B1,3,9,3,noun,4.33,0,0,1,0,0
intentionally,B1,3,13,5,adverb,3.82,0,1,0,0,0
interact,B1,3,8,3,verb,4.05,0,0,0,0,1
interaction,B1,3,11,4,noun,4.29,0,0,1,0,0
interactive,B2,4,11,5,adjective,4.06,1,0,0,0,0
interest,A2,2,8,3,noun,5.17,0,0,1,0,0
interest,B1,3,8,3,noun,5.17,0,0,1,0,0
interested,A1,1,10,4,verb,4.95,0,0,0,0,1
interesting,A1,1,11,4,verb,5.0,0,0,0,0,1
interfere,B2,4,9,4,verb,3.88,0,0,0,0,1
interior,B2,4,8,3,noun,4.55,0,0,1,0,0
intermediate,B1,3,12,5,noun,4.04,0,0,1,0,0
intermission,B1,3,12,4,noun,3.01,0,0,1,0,0
internal,B1,3,8,3,adjective,4.66,1,0,0,0,0
international,A2,2,13,5,noun,5.36,0,0,1,0,0
internationally,B1,3,15,6,adverb,3.95,0,1,0,0,0
Internet/internet,A1,1,17,6,unknown,4.76,0,0,0,1,0
interpersonal,B2,4,13,5,adjective,3.37,1,0,0,0,0
interpret,B2,4,9,3,verb,3.81,0,0,0,0,1
interpretation,B2,4,14,5,noun,4.22,0,0,1,0,0
interpreter,B2,4,11,4,noun,3.54,0,0,1,0,0
interrupt,B1,3,9,3,noun,3.61,0,0,1,0,0
interruption,B2,4,12,4,noun,3.36,0,0,1,0,0
intersection,B2,4,12,4,noun,3.88,0,0,1,0,0
interval,B1,3,8,3,noun,3.77,0,0,1,0,0
interview,A1,1,9,3,noun,4.86,0,0,1,0,0
interview,B1,3,9,3,noun,4.86,0,0,1,0,0
interviewee,B1,3,11,4,noun,2.7,0,0,1,0,0
interviewer,A1,1,11,4,noun,3.51,0,0,1,0,0
intimate,B2,4,8,4,noun,4.06,0,0,1,0,0
into,A1,1,4,2,unknown,6.11,0,0,0,1,0
intransitive,B2,4,12,5,noun,2.32,0,0,1,0,0
intravenous,B2,4,11,4,adjective,3.13,1,0,0,0,0
introduce,A1,1,9,4,verb,4.37,0,0,0,0,1
introduction,B1,3,12,4,noun,4.52,0,0,1,0,0
intrude,B2,4,7,3,verb,2.81,0,0,0,0,1
intruder,B2,4,8,3,noun,3.37,0,0,1,0,0
intrusion,B2,4,9,3,noun,3.42,0,0,1,0,0
invade,A2,2,6,3,verb,3.61,0,0,0,0,1
invariable,B2,4,10,4,noun,2.15,0,0,1,0,0
invariably,B2,4,10,4,adverb,3.44,0,1,0,0,0
invasion,B1,3,8,3,noun,4.23,0,0,1,0,0
invent,A2,2,6,2,verb,3.57,0,0,0,0,1
invention,A2,2,9,3,noun,4.04,0,0,1,0,0
inventor,B2,4,8,3,noun,3.59,0,0,1,0,0
inverted commas,B2,4,15,5,unknown,2.81,0,0,0,1,0
invest,B1,3,6,2,verb,4.32,0,0,0,0,1
investigate,B2,4,11,5,verb,4.31,0,0,0,0,1
investigation,B1,3,13,5,noun,4.75,0,0,1,0,0
investigator,B2,4,12,5,noun,3.83,0,0,1,0,0
investment,B2,4,10,3,noun,4.84,0,0,1,0,0
investor,B2,4,8,3,noun,3.96,0,0,1,0,0
invisible,B2,4,9,4,adjective,4.09,1,0,0,0,0
invitation,B1,3,10,4,noun,4.14,0,0,1,0,0
invite,A2,2,6,3,noun,4.3,0,0,1,0,0
invitingly,B2,4,10,4,adverb,1.86,0,1,0,0,0
invoke,B2,4,6,3,verb,3.33,0,0,0,0,1
involuntarily,B1,3,13,6,adverb,2.91,0,1,0,0,0
involve,B1,3,7,3,verb,4.28,0,0,0,0,1
involved,B1,3,8,3,verb,5.1,0,0,0,0,1
involvement,B2,4,11,4,noun,4.3,0,0,1,0,0
iron,B1,3,4,2,noun,4.74,0,0,1,0,0
ironically,B2,4,10,5,adverb,3.74,0,1,0,0,0
ironing,B1,3,7,3,noun,3.1,0,0,1,0,0
irrational,B2,4,10,4,noun,3.56,0,0,1,0,0
irregular,B1,3,9,4,noun,3.7,0,0,1,0,0
irresistible,B2,4,12,5,adjective,3.47,1,0,0,0,0
irresistibly,B2,4,12,5,adverb,2.52,0,1,0,0,0
irresponsible,B2,4,13,5,adjective,3.67,1,0,0,0,0
irritate,B1,3,8,4,verb,3.08,0,0,0,0,1
irritated,B2,4,9,4,verb,3.5,0,0,0,0,1
irritating,B2,4,10,4,verb,3.61,0,0,0,0,1
irritation,B2,4,10,4,noun,3.42,0,0,1,0,0
is,A1,1,2,1,verb,7.07,0,0,0,0,1
island,A1,1,6,2,noun,5.01,0,0,1,0,0
islander,B2,4,8,3,noun,3.06,0,0,1,0,0
isle,B1,3,4,2,noun,3.83,0,0,1,0,0
isolation,B1,3,9,4,noun,4.02,0,0,1,0,0
issue,A2,2,5,2,noun,5.23,0,0,1,0,0
issue,B2,4,5,2,noun,5.23,0,0,1,0,0
IT,A2,2,2,1,noun,6.95,0,0,1,0,0
it,A1,1,2,1,noun,6.95,0,0,1,0,0
italicize/italicise,B2,4,19,10,unknown,0.0,0,0,0,1,0
itch,B2,4,4,1,noun,3.36,0,0,1,0,0
item,A1,1,4,2,noun,4.57,0,0,1,0,0
its,A1,1,3,1,noun,6.14,0,0,1,0,0
itself,A2,2,6,2,unknown,5.1,0,0,0,1,0
ivory,B1,3,5,3,noun,3.85,0,0,1,0,0
jacket,A1,1,6,2,noun,4.32,0,0,1,0,0
jade,B1,3,4,1,noun,3.78,0,0,1,0,0
jail/gaol,B1,3,9,2,unknown,2.83,0,0,0,1,0
jam,A2,2,3,1,noun,4.17,0,0,1,0,0
jam,B2,4,3,1,noun,4.17,0,0,1,0,0
January,A1,1,7,3,noun,5.09,0,0,1,0,0
jar,B1,3,3,1,noun,3.93,0,0,1,0,0
jaw,B2,4,3,1,noun,3.98,0,0,1,0,0
jazz,B1,3,4,1,noun,4.31,0,0,1,0,0
jealous,B1,3,7,2,adjective,4.24,1,0,0,0,0
jealously,B2,4,9,3,adverb,2.67,0,1,0,0,0
jeans,A1,1,5,1,noun,4.09,0,0,1,0,0
jelly,A2,2,5,2,noun,3.77,0,0,1,0,0
jeopardize/jeopardise,B2,4,21,8,unknown,2.33,0,0,0,1,0
jet,A1,1,3,1,noun,4.29,0,0,1,0,0
jewel,B1,3,5,2,noun,3.68,0,0,1,0,0
jeweler/jeweller,B2,4,16,6,unknown,2.42,0,0,0,1,0
jewelry/jewellery,A1,1,17,7,unknown,3.59,0,0,0,1,0
job,A1,1,3,1,noun,5.5,0,0,1,0,0
jog,B2,4,3,1,noun,3.3,0,0,1,0,0
jog,B1,3,3,1,noun,3.3,0,0,1,0,0
jogging,B1,3,7,2,noun,3.38,0,0,1,0,0
join,A1,1,4,1,noun,5.0,0,0,1,0,0
joint,B1,3,5,1,noun,4.71,0,0,1,0,0
joint,B2,4,5,1,noun,4.71,0,0,1,0,0
joke,A2,2,4,1,noun,4.68,0,0,1,0,0
joke,B1,3,4,1,noun,4.68,0,0,1,0,0
journal,B1,3,7,2,noun,4.77,0,0,1,0,0
journalism,B2,4,10,3,noun,4.12,0,0,1,0,0
journalist,B1,3,10,3,noun,4.38,0,0,1,0,0
journey,A2,2,7,2,noun,4.65,0,0,1,0,0
joy,A2,2,3,1,noun,4.55,0,0,1,0,0
judge,B1,3,5,2,noun,4.95,0,0,1,0,0
judge,A1,1,5,2,noun,4.95,0,0,1,0,0
judgment/judgement,B1,3,18,5,unknown,3.72,0,0,0,1,0
judo,B2,4,4,2,noun,3.25,0,0,1,0,0
jug,B1,3,3,1,noun,3.3,0,0,1,0,0
juice,A1,1,5,2,noun,4.36,0,0,1,0,0
juicy,B1,3,5,2,adjective,3.7,1,0,0,0,0
July,A1,1,4,2,noun,5.17,0,0,1,0,0
jump,B2,4,4,1,noun,4.69,0,0,1,0,0
jump,A1,1,4,1,noun,4.69,0,0,1,0,0
jumper,B1,3,6,2,noun,3.7,0,0,1,0,0
June,A1,1,4,1,noun,5.21,0,0,1,0,0
jungle,B1,3,6,2,noun,4.12,0,0,1,0,0
junior,A2,2,6,2,noun,4.49,0,0,1,0,0
junk,A2,2,4,1,noun,4.03,0,0,1,0,0
junk food,B2,4,9,2,unknown,4.01,0,0,0,1,0
juror,B2,4,5,2,noun,3.13,0,0,1,0,0
jury,B2,4,4,2,noun,4.49,0,0,1,0,0
just,A1,1,4,1,adjective,6.43,1,0,0,0,0
justice,B1,3,7,3,noun,4.97,0,0,1,0,0
justify,B2,4,7,3,verb,4.14,0,0,0,0,1
kangaroo,B2,4,8,3,noun,3.5,0,0,1,0,0
karaoke,B2,4,7,3,noun,3.43,0,0,1,0,0
keen,B2,4,4,1,noun,4.13,0,0,1,0,0
keep,A1,1,4,1,noun,5.66,0,0,1,0,0
keeper,B2,4,6,2,noun,4.02,0,0,1,0,0
kerosene,B2,4,8,4,noun,3.02,0,0,1,0,0
kettle,B1,3,6,2,noun,3.54,0,0,1,0,0
key,A1,1,3,1,noun,5.12,0,0,1,0,0
keyboard,B1,3,8,2,noun,4.11,0,0,1,0,0
keystroke,B2,4,9,3,noun,2.26,0,0,1,0,0
kick,A1,1,4,1,noun,4.72,0,0,1,0,0
kid,A1,1,3,1,noun,4.99,0,0,1,0,0
kid,B1,3,3,1,noun,4.99,0,0,1,0,0
kill,A1,1,4,1,noun,5.09,0,0,1,0,0
killer,A2,2,6,2,noun,4.47,0,0,1,0,0
killing,B1,3,7,2,noun,4.88,0,0,1,0,0
kilo,A2,2,4,2,noun,3.13,0,0,1,0,0
kilogram/kilogramme,A2,2,19,7,unknown,1.64,0,0,0,1,0
kilometer/kilometre,A2,2,19,8,unknown,2.9,0,0,0,1,0
kind,A2,2,4,1,noun,5.45,0,0,1,0,0
kind,A1,1,4,1,noun,5.45,0,0,1,0,0
kindly,A2,2,6,2,adjective,4.0,1,0,0,0,0
kindly,B1,3,6,2,adjective,4.0,1,0,0,0,0
kindness,B1,3,8,2,noun,4.0,0,0,1,0,0
king,A1,1,4,1,noun,5.17,0,0,1,0,0
kingdom,A2,2,7,2,noun,4.62,0,0,1,0,0
kiss,A1,1,4,1,noun,4.58,0,0,1,0,0
kiss,B1,3,4,1,noun,4.58,0,0,1,0,0
kit,A2,2,3,1,noun,4.42,0,0,1,0,0
kitchen,A1,1,7,2,noun,4.65,0,0,1,0,0
kite,A1,1,4,1,noun,3.55,0,0,1,0,0
kitten,B1,3,6,2,noun,3.64,0,0,1,0,0
knee,A1,1,4,1,noun,4.33,0,0,1,0,0
kneel,B2,4,5,1,noun,3.24,0,0,1,0,0
knife,A1,1,5,2,noun,4.41,0,0,1,0,0
knit,B1,3,4,1,noun,3.66,0,0,1,0,0
knock,A2,2,5,1,noun,4.35,0,0,1,0,0
knock,B1,3,5,1,noun,4.35,0,0,1,0,0
knot,B2,4,4,1,noun,3.72,0,0,1,0,0
know,A1,1,4,1,noun,6.1,0,0,1,0,0
knowingly,B2,4,9,3,adverb,3.5,0,1,0,0,0
knowledge,A2,2,9,3,noun,4.96,0,0,1,0,0
known,B2,4,5,1,verb,5.39,0,0,0,0,1
lab,B1,3,3,1,noun,4.42,0,0,1,0,0
label,B2,4,5,2,noun,4.43,0,0,1,0,0
labor/labour,A2,2,12,4,unknown,4.43,0,0,0,1,0
laboratory,B1,3,10,5,noun,4.31,0,0,1,0,0
laborer/labourer,B2,4,16,6,unknown,2.61,0,0,0,1,0
lack,A2,2,4,1,noun,4.92,0,0,1,0,0
lack,B2,4,4,1,noun,4.92,0,0,1,0,0
ladder,B1,3,6,2,noun,4.03,0,0,1,0,0
lady,A1,1,4,2,noun,4.95,0,0,1,0,0
lake,A2,2,4,1,noun,4.83,0,0,1,0,0
lamb,B1,3,4,1,noun,4.02,0,0,1,0,0
lame,B2,4,4,1,noun,3.95,0,0,1,0,0
lamp,A2,2,4,1,noun,4.05,0,0,1,0,0
lance,B2,4,5,2,noun,3.94,0,0,1,0,0
land,B1,3,4,1,noun,5.22,0,0,1,0,0
land,A2,2,4,1,noun,5.22,0,0,1,0,0
landing,B2,4,7,2,noun,4.4,0,0,1,0,0
landlady,B2,4,8,3,noun,2.9,0,0,1,0,0
landlord,B1,3,8,2,noun,3.89,0,0,1,0,0
landscape,A2,2,9,3,noun,4.36,0,0,1,0,0
landslide,B2,4,9,3,noun,3.47,0,0,1,0,0
lane,A2,2,4,1,noun,4.57,0,0,1,0,0
language,A1,1,8,3,noun,5.1,0,0,1,0,0
lap,B2,4,3,1,noun,4.18,0,0,1,0,0
laptop,B2,4,6,2,noun,4.23,0,0,1,0,0
large,A1,1,5,2,noun,5.39,0,0,1,0,0
largely,B1,3,7,3,adverb,4.61,0,1,0,0,0
lark,B2,4,4,1,noun,3.14,0,0,1,0,0
laser,B2,4,5,2,noun,4.2,0,0,1,0,0
last,B1,3,4,1,noun,5.86,0,0,1,0,0
last,A2,2,4,1,noun,5.86,0,0,1,0,0
last minute,B2,4,11,4,unknown,4.93,0,0,0,1,0
last name,A1,1,9,3,unknown,5.42,0,0,0,1,0
lasting,B1,3,7,2,verb,4.11,0,0,0,0,1
lastly,B2,4,6,2,adverb,3.69,0,1,0,0,0
last-minute,B2,4,11,4,adjective,4.93,1,0,0,0,0
late,A1,1,4,1,adjective,5.34,1,0,0,0,0
latecomer,B1,3,9,4,noun,1.86,0,0,1,0,0
lately,B1,3,6,3,adverb,4.41,0,1,0,0,0
later,B2,4,5,2,adjective,5.49,1,0,0,0,0
later,A1,1,5,2,adjective,5.49,1,0,0,0,0
latest,A2,2,6,2,noun,4.92,0,0,1,0,0
latter,B2,4,6,2,noun,4.56,0,0,1,0,0
latter,A2,2,6,2,noun,4.56,0,0,1,0,0
laugh,B1,3,5,1,noun,4.66,0,0,1,0,0
laugh,A1,1,5,1,noun,4.66,0,0,1,0,0
laughter,B1,3,8,2,noun,4.1,0,0,1,0,0
launch,B1,3,6,1,noun,4.69,0,0,1,0,0
laundry,B2,4,7,2,noun,4.06,0,0,1,0,0
lava,B2,4,4,2,noun,3.73,0,0,1,0,0
law,A2,2,3,1,noun,5.46,0,0,1,0,0
lawful,B1,3,6,2,adjective,3.62,1,0,0,0,0
lawmaker,B2,4,8,3,noun,3.07,0,0,1,0,0
lawn,B2,4,4,1,noun,3.98,0,0,1,0,0
lawsuit,B2,4,7,2,noun,4.09,0,0,1,0,0
lawyer,A2,2,6,2,noun,4.67,0,0,1,0,0
lay,B1,3,3,1,noun,4.64,0,0,1,0,0
layabout,B2,4,8,2,noun,1.69,0,0,1,0,0
layer,B1,3,5,1,noun,4.4,0,0,1,0,0
laziness,A2,2,8,3,noun,3.17,0,0,1,0,0
lazy,A1,1,4,2,adjective,4.24,1,0,0,0,0
lead,B1,3,4,1,noun,5.2,0,0,1,0,0
lead,A2,2,4,1,noun,5.2,0,0,1,0,0
leader,A1,1,6,2,noun,4.95,0,0,1,0,0
leadership,B1,3,10,3,noun,4.77,0,0,1,0,0
leading,B1,3,7,2,noun,5.0,0,0,1,0,0
leaf,A1,1,4,1,noun,4.22,0,0,1,0,0
leaflet,B2,4,7,2,noun,3.12,0,0,1,0,0
league,B1,3,6,2,noun,5.13,0,0,1,0,0
leak,B2,4,4,1,noun,4.09,0,0,1,0,0
lean,B1,3,4,1,noun,4.14,0,0,1,0,0
lean,B2,4,4,1,noun,4.14,0,0,1,0,0
leap,B2,4,4,1,noun,3.94,0,0,1,0,0
leap,B1,3,4,1,noun,3.94,0,0,1,0,0
learn,A1,1,5,1,verb,5.17,0,0,0,0,1
learner,A2,2,7,2,noun,3.35,0,0,1,0,0
learning,B2,4,8,2,noun,4.92,0,0,1,0,0
lease,B2,4,5,2,noun,4.17,0,0,1,0,0
leash,B2,4,5,1,noun,3.47,0,0,1,0,0
least,B1,3,5,1,noun,5.44,0,0,1,0,0
least,A2,2,5,1,noun,5.44,0,0,1,0,0
least,B2,4,5,1,noun,5.44,0,0,1,0,0
leather,A2,2,7,2,noun,4.35,0,0,1,0,0
leave,B1,3,5,2,noun,5.34,0,0,1,0,0
leave,A1,1,5,2,noun,5.34,0,0,1,0,0
lecture,B1,3,7,3,noun,4.14,0,0,1,0,0
lecturer,B2,4,8,3,noun,3.72,0,0,1,0,0
leek,B2,4,4,1,noun,2.87,0,0,1,0,0
left,A1,1,4,1,noun,5.62,0,0,1,0,0
left,A2,2,4,1,noun,5.62,0,0,1,0,0
left-hand,A2,2,9,2,adjective,5.2,1,0,0,0,0
leg,A1,1,3,1,noun,4.66,0,0,1,0,0
legal,B1,3,5,2,adjective,5.08,1,0,0,0,0
legally,B1,3,7,3,adverb,4.21,0,1,0,0,0
legend,B2,4,6,2,noun,4.44,0,0,1,0,0
legendary,B2,4,9,4,adjective,4.23,1,0,0,0,0
legislate,B2,4,9,4,verb,3.01,0,0,0,0,1
legislation,B2,4,11,4,noun,4.55,0,0,1,0,0
legislative,B2,4,11,5,adjective,4.32,1,0,0,0,0
legislator,B2,4,10,4,noun,3.2,0,0,1,0,0
legislature,B2,4,11,5,noun,4.16,0,0,1,0,0
legitimate,B2,4,10,5,verb,4.22,0,0,0,0,1
leisure,A2,2,7,3,noun,3.92,0,0,1,0,0
leisurely,B2,4,9,4,adjective,3.05,1,0,0,0,0
lemon,A2,2,5,2,noun,4.1,0,0,1,0,0
lemonade,A2,2,8,4,noun,3.44,0,0,1,0,0
lend,A2,2,4,1,verb,3.92,0,0,0,0,1
length,B1,3,6,1,noun,4.77,0,0,1,0,0
lengthen,B2,4,8,2,verb,2.81,0,0,0,0,1
lengthy,B2,4,7,2,adjective,3.85,1,0,0,0,0
leopard,B2,4,7,2,noun,3.59,0,0,1,0,0
less,A2,2,4,1,adjective,5.49,1,0,0,0,0
lessen,B1,3,6,2,verb,3.37,0,0,0,0,1
lesson,A1,1,6,2,noun,4.47,0,0,1,0,0
lest,B2,4,4,1,adjective,3.54,1,0,0,0,0
let,A1,1,3,1,noun,5.6,0,0,1,0,0
letter,A1,1,6,2,noun,4.95,0,0,1,0,0
lettuce,B1,3,7,3,noun,3.56,0,0,1,0,0
level,B1,3,5,2,noun,5.41,0,0,1,0,0
level,A2,2,5,2,noun,5.41,0,0,1,0,0
level,B2,4,5,2,noun,5.41,0,0,1,0,0
liar,B1,3,4,1,noun,4.02,0,0,1,0,0
liberal,B2,4,7,3,noun,4.66,0,0,1,0,0
liberate,B1,3,8,4,verb,3.24,0,0,0,0,1
liberation,B1,3,10,4,noun,3.91,0,0,1,0,0
liberty,A2,2,7,3,noun,4.34,0,0,1,0,0
librarian,B1,3,9,3,noun,3.59,0,0,1,0,0
library,A1,1,7,3,noun,4.86,0,0,1,0,0
license/licence,A2,2,15,6,unknown,3.86,0,0,0,1,0
lick,B2,4,4,1,noun,3.77,0,0,1,0,0
lid,B2,4,3,1,noun,3.81,0,0,1,0,0
lie,B1,3,3,1,noun,4.84,0,0,1,0,0
lie,A2,2,3,1,noun,4.84,0,0,1,0,0
life,A1,1,4,1,noun,5.89,0,0,1,0,0
lifeguard,B1,3,9,3,noun,3.07,0,0,1,0,0
lifeless,B2,4,8,3,adjective,3.23,1,0,0,0,0
lifelong,B1,3,8,3,adjective,3.75,1,0,0,0,0
lifestyle,A2,2,9,4,noun,4.29,0,0,1,0,0
lifetime,B2,4,8,4,noun,4.39,0,0,1,0,0
lift,B1,3,4,1,noun,4.5,0,0,1,0,0
light,A1,1,5,1,noun,5.33,0,0,1,0,0
light,B1,3,5,1,noun,5.33,0,0,1,0,0
lighten,B2,4,7,2,verb,3.35,0,0,0,0,1
lighter,B1,3,7,2,noun,4.09,0,0,1,0,0
lighting,B2,4,8,2,noun,4.29,0,0,1,0,0
lightly,B1,3,7,2,adverb,3.96,0,1,0,0,0
lightning,B1,3,9,2,noun,4.22,0,0,1,0,0
like,B1,3,4,1,noun,6.41,0,0,1,0,0
like,A1,1,4,1,noun,6.41,0,0,1,0,0
likely,A2,2,6,3,adjective,5.2,1,0,0,0,0
likeness,B1,3,8,3,noun,3.34,0,0,1,0,0
likewise,B2,4,8,4,adverb,4.04,0,1,0,0,0
lily,A1,1,4,1,noun,3.95,0,0,1,0,0
limb,B2,4,4,1,noun,3.7,0,0,1,0,0
limit,B1,3,5,2,noun,4.7,0,0,1,0,0
limitation,B1,3,10,4,noun,3.71,0,0,1,0,0
limited,B1,3,7,3,noun,5.02,0,0,1,0,0
limp,B1,3,4,1,noun,3.43,0,0,1,0,0
line,A1,1,4,1,noun,5.49,0,0,1,0,0
line,B2,4,4,1,noun,5.49,0,0,1,0,0
linen,B2,4,5,2,noun,3.61,0,0,1,0,0
liner,B2,4,5,2,noun,3.75,0,0,1,0,0
ling,B2,4,4,1,noun,3.51,0,0,1,0,0
linger,B2,4,6,2,verb,3.31,0,0,0,0,1
link,B1,3,4,1,noun,4.99,0,0,1,0,0
lion,A1,1,4,1,noun,4.25,0,0,1,0,0
lip,A2,2,3,1,noun,4.13,0,0,1,0,0
liquid,B1,3,6,2,noun,4.39,0,0,1,0,0
list,A1,1,4,1,noun,5.28,0,0,1,0,0
list,B2,4,4,1,noun,5.28,0,0,1,0,0
listen,A1,1,6,2,verb,5.06,0,0,0,0,1
listener,B2,4,8,3,noun,3.52,0,0,1,0,0
liter/litre,A2,2,11,4,unknown,3.18,0,0,0,1,0
literal,B2,4,7,3,noun,3.77,0,0,1,0,0
literally,B2,4,9,4,adverb,4.91,0,1,0,0,0
literary,B1,3,8,4,adjective,4.31,1,0,0,0,0
literature,B1,3,10,5,noun,4.62,0,0,1,0,0
litter,B2,4,6,2,noun,3.71,0,0,1,0,0
little,A1,1,6,2,noun,5.75,0,0,1,0,0
little,B1,3,6,2,noun,5.75,0,0,1,0,0
live,B1,3,4,1,verb,5.54,0,0,0,0,1
live,A1,1,4,1,verb,5.54,0,0,0,0,1
lively,A2,2,6,3,adjective,3.86,1,0,0,0,0
liver,B1,3,5,2,noun,4.18,0,0,1,0,0
living,A1,1,6,2,noun,5.3,0,0,1,0,0
living,B2,4,6,2,noun,5.3,0,0,1,0,0
living room,A1,1,11,3,unknown,5.04,0,0,0,1,0
load,A2,2,4,1,noun,4.58,0,0,1,0,0
load,B2,4,4,1,noun,4.58,0,0,1,0,0
loaf,B1,3,4,1,noun,3.49,0,0,1,0,0
loan,B2,4,4,1,noun,4.68,0,0,1,0,0
lobby,B2,4,5,2,noun,4.03,0,0,1,0,0
local,A2,2,5,2,noun,5.43,0,0,1,0,0
locate,B1,3,6,3,verb,3.94,0,0,0,0,1
location,B1,3,8,3,noun,4.86,0,0,1,0,0
lock,A2,2,4,1,noun,4.51,0,0,1,0,0
lock,B1,3,4,1,noun,4.51,0,0,1,0,0
lodge,B1,3,5,2,noun,4.08,0,0,1,0,0
log,B1,3,3,1,noun,4.37,0,0,1,0,0
logic,B1,3,5,2,noun,4.36,0,0,1,0,0
logical,A2,2,7,3,adjective,4.14,1,0,0,0,0
logo,B1,3,4,2,noun,4.28,0,0,1,0,0
loneliness,B2,4,10,4,noun,3.65,0,0,1,0,0
lonely,A1,1,6,3,adjective,4.25,1,0,0,0,0
long,A1,1,4,1,verb,5.81,0,0,0,0,1
long,A2,2,4,1,verb,5.81,0,0,0,0,1
long-distance,B2,4,13,4,adjective,4.8,1,0,0,0,0
long-term,B2,4,9,2,adjective,5.13,1,0,0,0,0
look,A1,1,4,1,noun,5.81,0,0,1,0,0
loose,A2,2,5,2,verb,4.46,0,0,0,0,1
loosely,B2,4,7,3,adverb,3.62,0,1,0,0,0
lorry,B1,3,5,2,noun,3.21,0,0,1,0,0
lose,A2,2,4,1,verb,5.08,0,0,0,0,1
loss,B1,3,4,1,noun,5.07,0,0,1,0,0
lost,A2,2,4,1,noun,5.39,0,0,1,0,0
lot,A1,1,3,1,noun,5.61,0,0,1,0,0
lot,A2,2,3,1,noun,5.61,0,0,1,0,0
lottery,B1,3,7,3,noun,4.0,0,0,1,0,0
loud,B1,3,4,1,adjective,4.53,1,0,0,0,0
loudly,A2,2,6,2,adverb,3.79,0,1,0,0,0
loudspeaker,B1,3,11,3,noun,2.95,0,0,1,0,0
lousy,B2,4,5,2,adjective,3.31,1,0,0,0,0
love,A1,1,4,1,noun,5.82,0,0,1,0,0
lovely,A1,1,6,3,noun,4.74,0,0,1,0,0
lover,A2,2,5,2,noun,4.26,0,0,1,0,0
lovingly,B1,3,8,3,adverb,3.14,0,1,0,0,0
low,A2,2,3,1,noun,5.33,0,0,1,0,0
lower,B2,4,5,2,noun,5.11,0,0,1,0,0
lowland,B2,4,7,2,noun,2.99,0,0,1,0,0
loyal,B1,3,5,1,adjective,4.2,1,0,0,0,0
loyalty,B1,3,7,2,noun,4.17,0,0,1,0,0
luck,A1,1,4,1,noun,4.91,0,0,1,0,0
luckily,A2,2,7,3,adverb,3.92,0,1,0,0,0
lucky,A1,1,5,2,adjective,4.77,1,0,0,0,0
lucrative,B2,4,9,4,adjective,3.56,1,0,0,0,0
luggage,B1,3,7,3,noun,3.8,0,0,1,0,0
lunch,A1,1,5,1,noun,4.66,0,0,1,0,0
lunchtime,A2,2,9,3,noun,3.33,0,0,1,0,0
lung,B1,3,4,1,noun,4.1,0,0,1,0,0
lush,B2,4,4,1,noun,3.55,0,0,1,0,0
luxurious,B2,4,9,3,adjective,3.55,1,0,0,0,0
luxury,B2,4,6,3,noun,4.35,0,0,1,0,0
luxury,B1,3,6,3,noun,4.35,0,0,1,0,0
lyric,A2,2,5,2,noun,3.63,0,0,1,0,0
lyrics,B2,4,6,2,noun,4.35,0,0,1,0,0
'm,A1,1,2,1,unknown,5.39,0,0,0,1,0
machine,A1,1,7,3,noun,4.9,0,0,1,0,0
mad,A2,2,3,1,adjective,4.74,1,0,0,0,0
madam,B2,4,5,2,noun,3.59,0,0,1,0,0
madame,B2,4,6,3,noun,3.8,0,0,1,0,0
madness,B2,4,7,2,noun,3.97,0,0,1,0,0
maestro,B2,4,7,2,noun,3.26,0,0,1,0,0
magazine,A1,1,8,4,noun,4.74,0,0,1,0,0
magic,A2,2,5,2,noun,4.76,0,0,1,0,0
magical,B1,3,7,3,adjective,4.22,1,0,0,0,0
magician,B1,3,8,3,noun,3.53,0,0,1,0,0
magnificent,B1,3,11,4,adjective,4.04,1,0,0,0,0
magnify,B2,4,7,3,verb,2.77,0,0,0,0,1
mail,A1,1,4,1,noun,4.72,0,0,1,0,0
mail,B1,3,4,1,noun,4.72,0,0,1,0,0
mailbox,B1,3,7,2,noun,3.31,0,0,1,0,0
main,B1,3,4,1,noun,5.24,0,0,1,0,0
main course,A2,2,11,3,unknown,5.03,0,0,0,1,0
mainly,A2,2,6,2,adverb,4.6,0,1,0,0,0
maintain,B1,3,8,2,verb,4.65,0,0,0,0,1
maintenance,B1,3,11,4,noun,4.55,0,0,1,0,0
major,A2,2,5,2,noun,5.3,0,0,1,0,0
major,B2,4,5,2,noun,5.3,0,0,1,0,0
majority,B1,3,8,4,noun,4.94,0,0,1,0,0
make,B2,4,4,1,noun,6.08,0,0,1,0,0
make,A1,1,4,1,noun,6.08,0,0,1,0,0
maker,A2,2,5,2,noun,4.23,0,0,1,0,0
make-up,A2,2,7,3,noun,5.91,0,0,1,0,0
malady,B2,4,6,3,noun,2.55,0,0,1,0,0
malaria,B2,4,7,3,noun,3.65,0,0,1,0,0
male,B1,3,4,1,noun,4.89,0,0,1,0,0
male,A2,2,4,1,noun,4.89,0,0,1,0,0
mall,A2,2,4,1,noun,4.29,0,0,1,0,0
mama/mamma,B2,4,10,4,unknown,3.27,0,0,0,1,0
man,A1,1,3,1,noun,5.82,0,0,1,0,0
manage,A2,2,6,3,verb,4.54,0,0,0,0,1
management,B1,3,10,4,noun,5.13,0,0,1,0,0
manager,A2,2,7,3,noun,4.97,0,0,1,0,0
mango,B2,4,5,2,noun,3.56,0,0,1,0,0
manipulate,B2,4,10,5,verb,3.69,0,0,0,0,1
mankind,B1,3,7,2,noun,3.88,0,0,1,0,0
manner,A2,2,6,2,noun,4.55,0,0,1,0,0
mansion,B2,4,7,2,noun,4.02,0,0,1,0,0
manual,B2,4,6,2,noun,4.32,0,0,1,0,0
manufacture,B2,4,11,5,noun,3.98,0,0,1,0,0
manufacturer,B2,4,12,5,noun,4.21,0,0,1,0,0
manufacturing,B2,4,13,5,noun,4.56,0,0,1,0,0
many,A1,1,4,2,adjective,5.91,1,0,0,0,0
map,A1,1,3,1,noun,4.76,0,0,1,0,0
maple,B1,3,5,2,noun,3.86,0,0,1,0,0
marathon,B2,4,8,3,noun,4.16,0,0,1,0,0
marble,B1,3,6,2,noun,3.96,0,0,1,0,0
March,A1,1,5,1,noun,5.26,0,0,1,0,0
march,B1,3,5,1,noun,5.26,0,0,1,0,0
margin,B2,4,6,2,noun,4.27,0,0,1,0,0
marine,B1,3,6,3,noun,4.53,0,0,1,0,0
mark,A2,2,4,1,noun,5.05,0,0,1,0,0
marked,B1,3,6,2,verb,4.5,0,0,0,0,1
market,A2,2,6,2,noun,5.29,0,0,1,0,0
market,B1,3,6,2,noun,5.29,0,0,1,0,0
marketing,B2,4,9,3,noun,4.78,0,0,1,0,0
marriage,B1,3,8,3,noun,4.91,0,0,1,0,0
married,A2,2,7,2,noun,5.03,0,0,1,0,0
marry,A2,2,5,2,verb,4.4,0,0,0,0,1
martial art,B2,4,11,3,unknown,4.03,0,0,0,1,0
marvelous/marvellous,A2,2,20,6,unknown,3.16,0,0,0,1,0
mash,B1,3,4,1,noun,3.55,0,0,1,0,0
mask,B2,4,4,1,noun,4.31,0,0,1,0,0
mass,B1,3,4,1,noun,4.87,0,0,1,0,0
mass,B2,4,4,1,noun,4.87,0,0,1,0,0
massacre,B2,4,8,3,noun,3.91,0,0,1,0,0
massage,B2,4,7,3,noun,4.01,0,0,1,0,0
masseur,B2,4,7,2,noun,2.35,0,0,1,0,0
massive,B1,3,7,3,adjective,4.72,1,0,0,0,0
master,B2,4,6,2,noun,4.93,0,0,1,0,0
masterpiece,B2,4,11,4,noun,3.81,0,0,1,0,0
mastery,B2,4,7,3,noun,3.57,0,0,1,0,0
match,A1,1,5,1,noun,5.13,0,0,1,0,0
match,B1,3,5,1,noun,5.13,0,0,1,0,0
mate,B2,4,4,1,noun,4.55,0,0,1,0,0
material,A2,2,8,3,noun,4.95,0,0,1,0,0
math/maths,A1,1,10,2,unknown,3.67,0,0,0,1,0
mathematical,B2,4,12,5,adjective,4.04,1,0,0,0,0
mathematician,B1,3,13,5,noun,3.24,0,0,1,0,0
mathematics,B1,3,11,4,noun,4.15,0,0,1,0,0
matter,A1,1,6,2,noun,5.38,0,0,1,0,0
matter,A2,2,6,2,noun,5.38,0,0,1,0,0
mature,B2,4,6,3,verb,4.28,0,0,0,0,1
mausoleum,B2,4,9,3,noun,2.94,0,0,1,0,0
max,A2,2,3,1,noun,4.66,0,0,1,0,0
maximum,B1,3,7,3,noun,4.6,0,0,1,0,0
may,A1,1,3,1,noun,5.98,0,0,1,0,0
May,A1,1,3,1,noun,5.98,0,0,1,0,0
maybe,A1,1,5,2,adverb,5.45,0,1,0,0,0
mayor,B1,3,5,1,noun,4.62,0,0,1,0,0
me,A1,1,2,1,noun,6.48,0,0,1,0,0
meal,A1,1,4,1,noun,4.48,0,0,1,0,0
mean,A2,2,4,1,noun,5.53,0,0,1,0,0
mean,B2,4,4,1,noun,5.53,0,0,1,0,0
mean,A1,1,4,1,noun,5.53,0,0,1,0,0
meaning,A2,2,7,2,noun,4.87,0,0,1,0,0
meaningful,B1,3,10,3,adjective,4.14,1,0,0,0,0
means,B2,4,5,1,noun,5.44,0,0,1,0,0
meanwhile,B1,3,9,3,noun,4.48,0,0,1,0,0
measure,B1,3,7,3,noun,4.65,0,0,1,0,0
measurement,B1,3,11,4,noun,4.05,0,0,1,0,0
meat,A1,1,4,1,noun,4.63,0,0,1,0,0
mechanic,B1,3,8,3,noun,3.79,0,0,1,0,0
mechanical,B1,3,10,4,adjective,4.33,1,0,0,0,0
mechanize/mechanise,B2,4,19,8,unknown,0.96,0,0,0,1,0
medal,A2,2,5,2,noun,4.39,0,0,1,0,0
media,B2,4,5,2,noun,5.3,0,0,1,0,0
medical,A2,2,7,3,noun,5.16,0,0,1,0,0
medication,B2,4,10,4,noun,4.15,0,0,1,0,0
medicine,A1,1,8,4,noun,4.73,0,0,1,0,0
medieval/mediaeval,B2,4,18,6,unknown,2.76,0,0,0,1,0
mediocre,B2,4,8,3,adjective,3.52,1,0,0,0,0
meditate,B1,3,8,4,verb,3.26,0,0,0,0,1
meditation,B1,3,10,4,noun,3.95,0,0,1,0,0
Mediterranean,B1,3,13,5,noun,3.99,0,0,1,0,0
medium,B1,3,6,2,noun,4.61,0,0,1,0,0
meet,A1,1,4,1,noun,5.27,0,0,1,0,0
meeting,A1,1,7,2,noun,5.15,0,0,1,0,0
melody,B2,4,6,3,noun,3.81,0,0,1,0,0
melon,A2,2,5,2,noun,3.32,0,0,1,0,0
melt,B1,3,4,1,noun,3.96,0,0,1,0,0
member,A2,2,6,2,noun,5.18,0,0,1,0,0
membership,B1,3,10,3,noun,4.47,0,0,1,0,0
memorable,B1,3,9,4,adjective,3.97,1,0,0,0,0
memorial,B2,4,8,3,noun,4.41,0,0,1,0,0
memorize/memorise,B1,3,17,8,unknown,2.37,0,0,0,1,0
memory,A1,1,6,3,noun,4.81,0,0,1,0,0
mend,B1,3,4,1,noun,3.33,0,0,1,0,0
mental,B1,3,6,2,adjective,4.83,1,0,0,0,0
mentally,B1,3,8,3,adverb,4.2,0,1,0,0,0
mention,A2,2,7,2,noun,4.73,0,0,1,0,0
mention,B1,3,7,2,noun,4.73,0,0,1,0,0
mentor,B2,4,6,2,noun,3.93,0,0,1,0,0
menu,A2,2,4,2,noun,4.26,0,0,1,0,0
merchandise,B2,4,11,4,noun,3.93,0,0,1,0,0
merchant,B1,3,8,2,noun,4.08,0,0,1,0,0
mercy,B2,4,5,2,noun,4.25,0,0,1,0,0
mere,B1,3,4,2,noun,4.13,0,0,1,0,0
merely,B1,3,6,3,adverb,4.37,0,1,0,0,0
merge,B2,4,5,2,verb,3.75,0,0,0,0,1
merger,B2,4,6,2,noun,3.97,0,0,1,0,0
merry,A1,1,5,2,adjective,3.83,1,0,0,0,0
mess,B1,3,4,1,noun,4.57,0,0,1,0,0
mess,B2,4,4,1,noun,4.57,0,0,1,0,0
message,A1,1,7,3,noun,5.0,0,0,1,0,0
message board,B1,3,13,4,unknown,4.8,0,0,0,1,0
messenger,B2,4,9,3,noun,3.95,0,0,1,0,0
messy,B1,3,5,2,adjective,3.87,1,0,0,0,0
metal,A2,2,5,2,noun,4.82,0,0,1,0,0
metaphor,B2,4,8,3,noun,3.73,0,0,1,0,0
meter/metre,A2,2,11,4,unknown,3.59,0,0,0,1,0
method,A2,2,6,2,noun,4.8,0,0,1,0,0
metric,B2,4,6,2,noun,3.88,0,0,1,0,0
micro,B2,4,5,2,adjective,4.08,1,0,0,0,0
microbe,B2,4,7,3,noun,2.63,0,0,1,0,0
microcomputer,B2,4,13,5,noun,2.3,0,0,1,0,0
micrometer/micrometre,B2,4,21,8,unknown,1.31,0,0,0,1,0
microorganism,B2,4,13,4,noun,2.32,0,0,1,0,0
microphone,B2,4,10,4,noun,3.72,0,0,1,0,0
microscope,B2,4,10,4,noun,3.5,0,0,1,0,0
microscopic,B2,4,11,4,adjective,3.37,1,0,0,0,0
microscopy,B2,4,10,4,noun,3.26,0,0,1,0,0
microwave,B2,4,9,4,noun,3.8,0,0,1,0,0
midday,A2,2,6,2,noun,3.37,0,0,1,0,0
middle,A1,1,6,2,noun,5.18,0,0,1,0,0
middle,A2,2,6,2,noun,5.18,0,0,1,0,0
middle-aged,B1,3,11,4,adjective,4.42,1,0,0,0,0
midnight,A2,2,8,2,noun,4.31,0,0,1,0,0
midst,B2,4,5,1,noun,3.89,0,0,1,0,0
might,A2,2,5,1,noun,5.66,0,0,1,0,0
mighty,B2,4,6,2,adjective,4.1,1,0,0,0,0
migration,B2,4,9,3,noun,4.14,0,0,1,0,0
mild,B1,3,4,1,adjective,4.11,1,0,0,0,0
mile,B1,3,4,1,noun,4.59,0,0,1,0,0
military,A2,2,8,4,noun,5.2,0,0,1,0,0
milk,A1,1,4,1,noun,4.66,0,0,1,0,0
mill,B2,4,4,1,noun,4.38,0,0,1,0,0
millimeter/millimetre,B2,4,21,8,unknown,2.49,0,0,0,1,0
million,A2,2,7,2,noun,5.33,0,0,1,0,0
millionaire,B2,4,11,4,noun,3.73,0,0,1,0,0
mimic,B2,4,5,2,noun,3.49,0,0,1,0,0
mind,A1,1,4,1,noun,5.41,0,0,1,0,0
mind,A2,2,4,1,noun,5.41,0,0,1,0,0
mine,B2,4,4,1,noun,5.04,0,0,1,0,0
mine,A1,1,4,1,noun,5.04,0,0,1,0,0
mineral,B1,3,7,3,noun,4.03,0,0,1,0,0
mineral water,A2,2,13,5,unknown,4.02,0,0,0,1,0
miniature,B2,4,9,4,noun,3.72,0,0,1,0,0
minimize/minimise,B1,3,17,8,unknown,3.08,0,0,0,1,0
minimum,B1,3,7,3,noun,4.69,0,0,1,0,0
minister,B2,4,8,3,noun,5.04,0,0,1,0,0
minor,B1,3,5,2,noun,4.62,0,0,1,0,0
minority,B1,3,8,4,noun,4.41,0,0,1,0,0
mint,B2,4,4,1,noun,3.92,0,0,1,0,0
minus,B1,3,5,2,noun,4.0,0,0,1,0,0
minute,A1,1,6,3,noun,4.98,0,0,1,0,0
miracle,B1,3,7,3,noun,4.13,0,0,1,0,0
mirror,A2,2,6,2,noun,4.47,0,0,1,0,0
mischief,B1,3,8,2,noun,3.36,0,0,1,0,0
misconception,B2,4,13,4,noun,3.22,0,0,1,0,0
miserable,B1,3,9,4,adjective,4.07,1,0,0,0,0
misery,B1,3,6,3,noun,3.89,0,0,1,0,0
misfortune,B2,4,10,4,noun,3.38,0,0,1,0,0
mislead,B1,3,7,2,verb,3.22,0,0,0,0,1
misleading,B2,4,10,3,verb,3.9,0,0,0,0,1
Miss,A1,1,4,1,noun,5.22,0,0,1,0,0
miss,A1,1,4,1,noun,5.22,0,0,1,0,0
missile,B2,4,7,3,noun,4.14,0,0,1,0,0
missing,A2,2,7,2,verb,5.05,0,0,0,0,1
mission,B1,3,7,2,noun,4.87,0,0,1,0,0
mist,B2,4,4,1,noun,3.67,0,0,1,0,0
mistake,A2,2,7,3,noun,4.67,0,0,1,0,0
mistreat,B2,4,8,2,verb,2.49,0,0,0,0,1
mistrustful,B2,4,11,3,adjective,2.05,1,0,0,0,0
misty,B1,3,5,2,adjective,3.39,1,0,0,0,0
misunderstand,B2,4,13,4,verb,3.15,0,0,0,0,1
misunderstanding,B1,3,16,5,noun,3.7,0,0,1,0,0
mix,B2,4,3,1,noun,4.71,0,0,1,0,0
mix,A2,2,3,1,noun,4.71,0,0,1,0,0
mixing bowl,B1,3,11,3,unknown,4.0,0,0,0,1,0
mixture,B2,4,7,3,noun,4.18,0,0,1,0,0
mobile,A2,2,6,3,noun,4.85,0,0,1,0,0
mobile,A1,1,6,3,noun,4.85,0,0,1,0,0
mobile phone,A1,1,12,5,unknown,4.72,0,0,0,1,0
mobility,B2,4,8,4,noun,4.05,0,0,1,0,0
mock,B2,4,4,1,noun,3.85,0,0,1,0,0
modal verb/modal,B1,3,16,5,unknown,2.78,0,0,0,1,0
model,B1,3,5,2,noun,5.13,0,0,1,0,0
model,A2,2,5,2,noun,5.13,0,0,1,0,0
modem,B1,3,5,2,noun,3.4,0,0,1,0,0
moderate,B1,3,8,4,noun,4.27,0,0,1,0,0
modern,A2,2,6,2,noun,5.07,0,0,1,0,0
modernization/modernisation,B2,4,27,10,unknown,2.82,0,0,0,1,0
modernize/modernise,B2,4,19,8,unknown,2.4,0,0,0,1,0
modest,B2,4,6,2,adjective,4.03,1,0,0,0,0
modification,B2,4,12,5,noun,3.77,0,0,1,0,0
modify,B1,3,6,3,verb,3.79,0,0,0,0,1
mogul,B2,4,5,2,noun,3.07,0,0,1,0,0
moisture,B1,3,8,3,noun,3.9,0,0,1,0,0
mold/mould,B2,4,10,2,unknown,3.28,0,0,0,1,0
molecule,B1,3,8,4,noun,3.67,0,0,1,0,0
mom,A1,1,3,1,noun,5.12,0,0,1,0,0
moment,A1,1,6,2,noun,5.24,0,0,1,0,0
momentarily,B2,4,11,5,adverb,3.22,0,1,0,0,0
momentary,B2,4,9,4,adjective,3.08,1,0,0,0,0
mommy/mommie,A1,1,12,4,unknown,2.01,0,0,0,1,0
monastery,B2,4,9,4,noun,3.65,0,0,1,0,0
Monday,A1,1,6,2,noun,4.8,0,0,1,0,0
money,A1,1,5,2,noun,5.64,0,0,1,0,0
monitor,B1,3,7,3,noun,4.37,0,0,1,0,0
monk,B1,3,4,1,noun,3.93,0,0,1,0,0
monkey,A1,1,6,2,noun,4.07,0,0,1,0,0
monster,B1,3,7,2,noun,4.49,0,0,1,0,0
month,A1,1,5,1,noun,5.25,0,0,1,0,0
monthly,B1,3,7,2,noun,4.5,0,0,1,0,0
monument,B1,3,8,3,noun,3.9,0,0,1,0,0
mood,A2,2,4,1,noun,4.44,0,0,1,0,0
moody,B2,4,5,2,noun,3.7,0,0,1,0,0
moon,A1,1,4,1,noun,4.7,0,0,1,0,0
moonlight,B2,4,9,2,noun,3.61,0,0,1,0,0
moonscape,B2,4,9,3,unknown,1.59,0,0,0,1,0
moral,B2,4,5,2,noun,4.46,0,0,1,0,0
moral,B1,3,5,2,noun,4.46,0,0,1,0,0
morality,B2,4,8,4,noun,3.86,0,0,1,0,0
morally,B2,4,7,3,adverb,3.63,0,1,0,0,0
more,B1,3,4,1,noun,6.36,0,0,1,0,0
more,A1,1,4,1,noun,6.36,0,0,1,0,0
moreover,B1,3,8,3,adverb,4.16,0,1,0,0,0
morning,A1,1,7,2,noun,5.33,0,0,1,0,0
mortal,B2,4,6,2,noun,3.86,0,0,1,0,0
mortar,B2,4,6,2,noun,3.75,0,0,1,0,0
mortgage,B2,4,8,3,noun,4.39,0,0,1,0,0
mortify,B2,4,7,3,verb,1.81,0,0,0,0,1
mosque,A2,2,6,1,noun,3.89,0,0,1,0,0
mosquito,B1,3,8,3,noun,3.61,0,0,1,0,0
moss,B1,3,4,1,noun,3.89,0,0,1,0,0
most,A2,2,4,1,adjective,6.0,1,0,0,0,0
most,A1,1,4,1,adjective,6.0,1,0,0,0,0
mostly,A2,2,6,2,adverb,4.83,0,1,0,0,0
mother,A1,1,6,2,noun,5.24,0,0,1,0,0
mother-in-law,B2,4,13,4,noun,5.03,0,0,1,0,0
motherland,B1,3,10,3,noun,3.05,0,0,1,0,0
motion,B2,4,6,2,noun,4.59,0,0,1,0,0
motionless,B1,3,10,3,adjective,2.97,1,0,0,0,0
motivate,B1,3,8,4,verb,3.6,0,0,0,0,1
motivated,B2,4,9,4,verb,4.14,0,0,0,0,1
motivation,B1,3,10,4,noun,4.22,0,0,1,0,0
motive,B1,3,6,3,noun,3.94,0,0,1,0,0
motor,B1,3,5,2,noun,4.53,0,0,1,0,0
motorbike,B2,4,9,4,noun,3.19,0,0,1,0,0
motorcycle,B1,3,10,4,noun,4.07,0,0,1,0,0
motorist,B2,4,8,3,noun,3.07,0,0,1,0,0
motorway,A2,2,8,3,noun,3.46,0,0,1,0,0
motto,B1,3,5,2,noun,3.72,0,0,1,0,0
mount,B1,3,5,1,noun,4.47,0,0,1,0,0
mount,B2,4,5,1,noun,4.47,0,0,1,0,0
mountain,A1,1,8,2,noun,4.73,0,0,1,0,0
mountaintop,B1,3,11,3,unknown,2.73,0,0,0,1,0
mourn,B1,3,5,1,verb,3.43,0,0,0,0,1
mournful,B2,4,8,2,adjective,2.73,1,0,0,0,0
mouse,A1,1,5,2,noun,4.31,0,0,1,0,0
mouth,A1,1,5,1,noun,4.83,0,0,1,0,0
move,A1,1,4,1,noun,5.35,0,0,1,0,0
move,A2,2,4,1,noun,5.35,0,0,1,0,0
movement,B1,3,8,3,noun,4.97,0,0,1,0,0
mover,B2,4,5,2,noun,3.21,0,0,1,0,0
movie,A1,1,5,2,noun,5.16,0,0,1,0,0
moving,B2,4,6,2,verb,5.02,0,0,0,0,1
MP3 player,A2,2,10,1,unknown,3.62,0,0,0,1,0
Mr./Mr,A1,1,6,1,unknown,5.39,0,0,0,1,0
Mrs./Mrs,A1,1,8,1,unknown,4.59,0,0,0,1,0
Ms./Ms,A2,2,6,1,unknown,4.37,0,0,0,1,0
much,A1,1,4,1,noun,6.0,0,0,1,0,0
mud,B1,3,3,1,noun,4.13,0,0,1,0,0
muddy,B2,4,5,2,verb,3.6,0,0,0,0,1
mug,A2,2,3,1,noun,3.71,0,0,1,0,0
mule,B1,3,4,1,noun,3.44,0,0,1,0,0
multiple,B2,4,8,3,noun,4.92,0,0,1,0,0
multiply,B2,4,8,3,verb,3.5,0,0,0,0,1
mum,A1,1,3,1,noun,4.41,0,0,1,0,0
mumble,B2,4,6,2,noun,2.91,0,0,1,0,0
murder,A2,2,6,2,noun,4.86,0,0,1,0,0
murder,B1,3,6,2,noun,4.86,0,0,1,0,0
murderer,B1,3,8,3,noun,3.82,0,0,1,0,0
murmur,B2,4,6,2,noun,2.92,0,0,1,0,0
muscle,B1,3,6,2,noun,4.44,0,0,1,0,0
muse,B2,4,4,1,noun,3.59,0,0,1,0,0
museum,A2,2,6,2,noun,4.71,0,0,1,0,0
mushroom,A2,2,8,2,noun,3.63,0,0,1,0,0
music,A1,1,5,2,noun,5.52,0,0,1,0,0
musical,A2,2,7,3,noun,4.51,0,0,1,0,0
musical,B2,4,7,3,noun,4.51,0,0,1,0,0
musician,A1,1,8,3,noun,4.01,0,0,1,0,0
must,A1,1,4,1,noun,5.68,0,0,1,0,0
mustache/moustache,B2,4,18,6,unknown,3.02,0,0,0,1,0
mustard,B1,3,7,2,noun,3.69,0,0,1,0,0
mutability,B2,4,10,5,noun,1.93,0,0,1,0,0
mutable,B2,4,7,3,adjective,2.41,1,0,0,0,0
mutter,B2,4,6,2,noun,2.77,0,0,1,0,0
mutton,B2,4,6,2,noun,3.01,0,0,1,0,0
mutual,B1,3,6,2,adjective,4.26,1,0,0,0,0
my,A1,1,2,1,unknown,6.57,0,0,0,1,0
myself,A2,2,6,2,unknown,5.31,0,0,0,1,0
mysterious,A2,2,10,3,adjective,4.17,1,0,0,0,0
mystery,A2,2,7,3,noun,4.45,0,0,1,0,0
mystify,B2,4,7,3,verb,1.92,0,0,0,0,1
myth,B1,3,4,1,noun,4.08,0,0,1,0,0
nail,B1,3,4,1,noun,4.21,0,0,1,0,0
naked,B1,3,5,2,adjective,4.43,1,0,0,0,0
name,A1,1,4,1,noun,5.61,0,0,1,0,0
name,B1,3,4,1,noun,5.61,0,0,1,0,0
nano,B2,4,4,2,unknown,3.47,0,0,0,1,0
nap,B1,3,3,1,noun,3.82,0,0,1,0,0
napkin,A2,2,6,2,noun,3.16,0,0,1,0,0
narcissistic,B2,4,12,4,adjective,3.22,1,0,0,0,0
narrate,B1,3,7,3,verb,2.79,0,0,0,0,1
narrative,B1,3,9,4,noun,4.39,0,0,1,0,0
narrator,B2,4,8,3,noun,3.81,0,0,1,0,0
narrow,B1,3,6,2,noun,4.39,0,0,1,0,0
narrowly,B2,4,8,3,adverb,3.65,0,1,0,0,0
nasty,B1,3,5,2,adjective,4.22,1,0,0,0,0
nation,A2,2,6,2,noun,4.88,0,0,1,0,0
national,A2,2,8,3,noun,5.51,0,0,1,0,0
nationalist,B1,3,11,4,noun,3.91,0,0,1,0,0
nationality,A1,1,11,5,noun,3.72,0,0,1,0,0
nationwide,B2,4,10,4,adjective,4.07,1,0,0,0,0
native,A2,2,6,3,noun,4.69,0,0,1,0,0
native speaker,B2,4,14,5,unknown,4.28,0,0,0,1,0
natural,A2,2,7,3,noun,5.11,0,0,1,0,0
naturally,B1,3,9,4,adverb,4.48,0,1,0,0,0
nature,A2,2,6,3,noun,4.98,0,0,1,0,0
naughty,B2,4,7,2,adjective,3.83,1,0,0,0,0
naval,B2,4,5,2,adjective,4.24,1,0,0,0,0
navigate,B2,4,8,4,verb,3.68,0,0,0,0,1
navigation,B2,4,10,4,noun,4.03,0,0,1,0,0
navy,B2,4,4,2,noun,4.57,0,0,1,0,0
navy blue,B1,3,9,3,unknown,4.46,0,0,0,1,0
near,B1,3,4,1,verb,5.29,0,0,0,0,1
near,A1,1,4,1,verb,5.29,0,0,0,0,1
nearby,B1,3,6,2,adjective,4.55,1,0,0,0,0
nearly,A2,2,6,2,adverb,5.0,0,1,0,0,0
neat,B2,4,4,1,adjective,3.99,1,0,0,0,0
necessarily,B2,4,11,5,adverb,4.48,0,1,0,0,0
necessary,A2,2,9,4,noun,4.91,0,0,1,0,0
necessity,B2,4,9,4,noun,3.91,0,0,1,0,0
neck,A1,1,4,1,noun,4.63,0,0,1,0,0
necklace,B1,3,8,3,noun,3.85,0,0,1,0,0
nectar,B1,3,6,2,noun,3.25,0,0,1,0,0
need,A1,1,4,1,noun,5.97,0,0,1,0,0
need,B2,4,4,1,noun,5.97,0,0,1,0,0
need,A2,2,4,1,noun,5.97,0,0,1,0,0
needle,B1,3,6,2,noun,3.98,0,0,1,0,0
needless,B2,4,8,2,adjective,3.66,1,0,0,0,0
needy,B2,4,5,2,noun,3.58,0,0,1,0,0
negative,A2,2,8,4,noun,4.79,0,0,1,0,0
negatively,B2,4,10,5,adverb,3.69,0,1,0,0,0
neglect,B2,4,7,2,noun,3.79,0,0,1,0,0
negotiate,B1,3,9,4,verb,3.99,0,0,0,0,1
negotiation,B1,3,11,4,noun,3.78,0,0,1,0,0
neighbor/neighbour,A1,1,18,4,unknown,3.55,0,0,0,1,0
neighborhood/neighbourhood,B1,3,26,6,unknown,3.83,0,0,0,1,0
neighboring/neighbouring,B2,4,24,6,unknown,3.52,0,0,0,1,0
neither,B2,4,7,2,adjective,4.77,1,0,0,0,0
nephew,B1,3,6,2,noun,4.01,0,0,1,0,0
nerve,B2,4,5,2,noun,4.19,0,0,1,0,0
nerves,B2,4,6,2,noun,4.02,0,0,1,0,0
nervous,A2,2,7,2,adjective,4.42,1,0,0,0,0
nervously,B2,4,9,3,adverb,3.27,0,1,0,0,0
nervousness,B1,3,11,3,noun,3.04,0,0,1,0,0
ness,B1,3,4,1,noun,3.6,0,0,1,0,0
net,A2,2,3,1,noun,4.76,0,0,1,0,0
net,B1,3,3,1,noun,4.76,0,0,1,0,0
netsurfer/net surfer,B2,4,20,6,unknown,0.0,0,0,0,1,0
network,B1,3,7,2,noun,5.02,0,0,1,0,0
neurosis,B2,4,8,3,noun,2.57,0,0,1,0,0
neutral,B1,3,7,2,noun,4.24,0,0,1,0,0
never,A1,1,5,2,adverb,5.91,0,1,0,0,0
nevertheless,B1,3,12,4,adverb,4.25,0,1,0,0,0
new,A1,1,3,1,adjective,6.25,1,0,0,0,0
newborn,B1,3,7,2,noun,3.78,0,0,1,0,0
newcomer,B1,3,8,3,noun,3.4,0,0,1,0,0
newly,B1,3,5,2,adverb,4.42,0,1,0,0,0
news,A1,1,4,1,noun,5.44,0,0,1,0,0
newscaster,B2,4,10,3,noun,2.52,0,0,1,0,0
newspaper,A1,1,9,3,noun,4.6,0,0,1,0,0
newsworthy,B2,4,10,3,adjective,2.79,1,0,0,0,0
next,A2,2,4,1,adjective,5.7,1,0,0,0,0
next,B2,4,4,1,adjective,5.7,1,0,0,0,0
next door,B1,3,9,2,unknown,4.99,0,0,0,1,0
next to,A2,2,7,2,unknown,5.69,0,0,0,1,0
next-door,B1,3,9,2,unknown,4.99,0,0,0,1,0
nice,A1,1,4,1,noun,5.37,0,0,1,0,0
nicely,B2,4,6,3,adverb,4.07,0,1,0,0,0
nickname,B1,3,8,3,noun,3.91,0,0,1,0,0
niece,B1,3,5,2,noun,3.82,0,0,1,0,0
night,A1,1,5,1,noun,5.61,0,0,1,0,0
nightclub,B2,4,9,2,noun,3.65,0,0,1,0,0
nightlife,B1,3,9,3,noun,3.15,0,0,1,0,0
nightmare,B2,4,9,3,noun,4.19,0,0,1,0,0
nine,A1,1,4,1,noun,4.87,0,0,1,0,0
nineteen,A1,1,8,3,noun,3.59,0,0,1,0,0
ninety,A1,1,6,3,noun,3.71,0,0,1,0,0
no,A1,1,2,1,noun,6.35,0,0,1,0,0
no one,A2,2,6,3,unknown,6.1,0,0,0,1,0
nobility,B2,4,8,4,noun,3.47,0,0,1,0,0
noble,B2,4,5,2,noun,4.24,0,0,1,0,0
nobleman,B2,4,8,3,noun,3.02,0,0,1,0,0
nobody,A2,2,6,3,noun,4.95,0,0,1,0,0
nod,B1,3,3,1,noun,3.74,0,0,1,0,0
nod,B2,4,3,1,noun,3.74,0,0,1,0,0
noise,A1,1,5,2,noun,4.55,0,0,1,0,0
noisily,B1,3,7,3,adverb,2.49,0,1,0,0,0
noisy,A2,2,5,2,adjective,3.67,1,0,0,0,0
nomad,B2,4,5,2,noun,3.07,0,0,1,0,0
nomination,B2,4,10,4,noun,4.07,0,0,1,0,0
nominee,B2,4,7,3,noun,3.96,0,0,1,0,0
none,B1,3,4,1,noun,4.93,0,0,1,0,0
nonetheless,B1,3,11,4,adverb,4.04,0,1,0,0,0
nonprofessional,B2,4,15,5,adjective,1.72,1,0,0,0,0
nonsense,B1,3,8,3,noun,4.21,0,0,1,0,0
non-smoking,B2,4,11,3,unknown,4.45,0,0,0,1,0
noon,A2,2,4,1,noun,4.11,0,0,1,0,0
nor,B1,3,3,1,unknown,4.78,0,0,0,1,0
normal,A2,2,6,2,noun,5.01,0,0,1,0,0
normally,B1,3,8,3,adverb,4.57,0,1,0,0,0
north,A2,2,5,1,noun,5.34,0,0,1,0,0
northeast,B1,3,9,2,noun,4.06,0,0,1,0,0
northeastern,B1,3,12,3,adjective,3.64,1,0,0,0,0
northern,B1,3,8,2,noun,4.85,0,0,1,0,0
northward,B2,4,9,2,noun,3.22,0,0,1,0,0
northwest,B1,3,9,2,noun,4.14,0,0,1,0,0
northwestern,B1,3,12,3,adjective,3.79,1,0,0,0,0
nose,A1,1,4,1,noun,4.51,0,0,1,0,0
nostril,B2,4,7,2,noun,2.77,0,0,1,0,0
not,A1,1,3,1,adverb,6.69,0,1,0,0,0
note,A1,1,4,1,noun,5.04,0,0,1,0,0
notebook,A1,1,8,3,noun,3.74,0,0,1,0,0
nothing,A1,1,7,2,noun,5.55,0,0,1,0,0
notice,A2,2,6,3,noun,4.9,0,0,1,0,0
notice,B1,3,6,3,noun,4.9,0,0,1,0,0
noticeable,B1,3,10,4,adjective,3.75,1,0,0,0,0
noticeboard,B1,3,11,4,unknown,1.78,0,0,0,1,0
notion,B1,3,6,2,noun,4.17,0,0,1,0,0
notorious,B1,3,9,3,adjective,3.83,1,0,0,0,0
nought,B2,4,6,1,noun,2.51,0,0,1,0,0
noun,A2,2,4,1,noun,3.61,0,0,1,0,0
nourish,B2,4,7,2,verb,2.9,0,0,0,0,1
nourishment,B2,4,11,3,noun,3.03,0,0,1,0,0
novel,A2,2,5,2,noun,4.63,0,0,1,0,0
novelist,B1,3,8,3,noun,3.61,0,0,1,0,0
novelty,B2,4,7,3,noun,3.66,0,0,1,0,0
November,A1,1,8,3,noun,5.1,0,0,1,0,0
now,A1,1,3,1,noun,6.18,0,0,1,0,0
now,B2,4,3,1,noun,6.18,0,0,1,0,0
nowadays,A2,2,8,3,noun,4.11,0,0,1,0,0
nowhere,B1,3,7,3,noun,4.4,0,0,1,0,0
nuclear,B1,3,7,2,adjective,4.73,1,0,0,0,0
nucleus,B1,3,7,2,noun,3.59,0,0,1,0,0
nuisance,B2,4,8,3,noun,3.5,0,0,1,0,0
number,A1,1,6,2,noun,5.62,0,0,1,0,0
numerical,B2,4,9,4,adjective,3.65,1,0,0,0,0
numerous,B1,3,8,3,adjective,4.65,1,0,0,0,0
nurse,A1,1,5,2,noun,4.4,0,0,1,0,0
nurse,B1,3,5,2,noun,4.4,0,0,1,0,0
nursery,B2,4,7,3,noun,3.89,0,0,1,0,0
nut,B2,4,3,1,noun,4.04,0,0,1,0,0
nutrient,B1,3,8,2,noun,3.51,0,0,1,0,0
nutrition,B1,3,9,3,noun,4.1,0,0,1,0,0
nutritious,B1,3,10,3,adjective,3.18,1,0,0,0,0
nutshell,B2,4,8,2,noun,3.43,0,0,1,0,0
oak,A2,2,3,1,noun,4.18,0,0,1,0,0
oath,B2,4,4,1,noun,3.96,0,0,1,0,0
obedience,B2,4,9,4,noun,3.5,0,0,1,0,0
obedient,B2,4,8,3,adjective,3.19,1,0,0,0,0
obey,B2,4,4,2,verb,3.83,0,0,0,0,1
obituary,B2,4,8,4,noun,3.41,0,0,1,0,0
object,B1,3,6,2,noun,4.56,0,0,1,0,0
object,B2,4,6,2,noun,4.56,0,0,1,0,0
objection,B1,3,9,3,noun,3.77,0,0,1,0,0
objective,B2,4,9,4,noun,4.36,0,0,1,0,0
objective,B1,3,9,4,noun,4.36,0,0,1,0,0
obligation,B2,4,10,4,noun,4.07,0,0,1,0,0
observation,B1,3,11,4,noun,4.13,0,0,1,0,0
observe,B1,3,7,3,verb,4.06,0,0,0,0,1
observer,B2,4,8,3,noun,3.91,0,0,1,0,0
obsess,B2,4,6,2,verb,2.9,0,0,0,0,1
obsession,B2,4,9,3,noun,3.9,0,0,1,0,0
obsessive,B2,4,9,4,noun,3.43,0,0,1,0,0
obstacle,B1,3,8,3,noun,3.72,0,0,1,0,0
obtain,B1,3,6,2,verb,4.4,0,0,0,0,1
obvious,B1,3,7,2,adjective,4.63,1,0,0,0,0
obviously,B1,3,9,3,adverb,4.8,0,1,0,0,0
occasion,B1,3,8,3,noun,4.38,0,0,1,0,0
occasional,B1,3,10,4,adjective,4.12,1,0,0,0,0
occasionally,B1,3,12,5,adverb,4.39,0,1,0,0,0
occupation,A2,2,10,4,noun,4.2,0,0,1,0,0
occupy,B1,3,6,3,verb,3.93,0,0,0,0,1
occur,B1,3,5,2,verb,4.47,0,0,0,0,1
ocean,B1,3,5,2,noun,4.7,0,0,1,0,0
o'clock,A1,1,7,2,adverb,4.04,0,1,0,0,0
October,A1,1,7,3,noun,5.11,0,0,1,0,0
odd,B2,4,3,1,adjective,4.42,1,0,0,0,0
of,A1,1,2,1,unknown,7.4,0,0,0,1,0
off,A1,1,3,1,verb,5.93,0,0,0,0,1
off,A2,2,3,1,verb,5.93,0,0,0,0,1
off,B1,3,3,1,verb,5.93,0,0,0,0,1
offend,B2,4,6,2,verb,3.57,0,0,0,0,1
offender,B2,4,8,3,noun,3.7,0,0,1,0,0
offense/offence,B2,4,15,6,unknown,3.78,0,0,0,1,0
offensive,B1,3,9,4,noun,4.46,0,0,1,0,0
offer,A2,2,5,2,noun,5.05,0,0,1,0,0
offhand,B2,4,7,2,adjective,2.63,1,0,0,0,0
office,A1,1,6,3,noun,5.4,0,0,1,0,0
officer,A1,1,7,3,noun,5.03,0,0,1,0,0
official,A2,2,8,3,noun,5.14,0,0,1,0,0
official,B2,4,8,3,noun,5.14,0,0,1,0,0
officially,B1,3,10,4,adverb,4.53,0,1,0,0,0
offshore,B2,4,8,3,adjective,3.91,1,0,0,0,0
often,A1,1,5,2,adverb,5.41,0,1,0,0,0
oil,A2,2,3,1,noun,5.1,0,0,1,0,0
oily,B1,3,4,1,adjective,3.35,1,0,0,0,0
ointment,B2,4,8,2,noun,2.98,0,0,1,0,0
OK/okay,A1,1,7,3,unknown,4.8,0,0,0,1,0
old,A1,1,3,1,noun,5.75,0,0,1,0,0
old-fashioned,B1,3,13,4,adjective,3.93,1,0,0,0,0
olive,B2,4,5,3,noun,4.09,0,0,1,0,0
olive oil,A2,2,9,4,unknown,4.05,0,0,0,1,0
Olympia,B2,4,7,3,noun,3.26,0,0,1,0,0
Olympiad,B2,4,8,3,noun,2.6,0,0,1,0,0
Olympic,A2,2,7,3,adjective,4.49,1,0,0,0,0
Olympics,A1,1,8,3,noun,4.45,0,0,1,0,0
omelet/omelette,A2,2,15,7,unknown,2.42,0,0,0,1,0
on,A2,2,2,1,adjective,6.91,1,0,0,0,0
on,A1,1,2,1,adjective,6.91,1,0,0,0,0
once,A1,1,4,1,adverb,5.53,0,1,0,0,0
once,B2,4,4,1,adverb,5.53,0,1,0,0,0
one,A1,1,3,2,noun,6.47,0,0,1,0,0
one,A2,2,3,2,noun,6.47,0,0,1,0,0
oneself,B1,3,7,3,unknown,3.55,0,0,0,1,0
onion,A2,2,5,2,noun,3.89,0,0,1,0,0
online,A2,2,6,3,adjective,5.19,1,0,0,0,0
only,A1,1,4,2,adjective,6.12,1,0,0,0,0
onstage,B1,3,7,3,adjective,3.47,1,0,0,0,0
onto/on to,B1,3,10,4,unknown,4.77,0,0,0,1,0
open,A1,1,4,2,noun,5.48,0,0,1,0,0
opening,B1,3,7,3,noun,4.94,0,0,1,0,0
openly,B2,4,6,3,adverb,4.11,0,1,0,0,0
opera,A1,1,5,3,noun,4.27,0,0,1,0,0
operate,A2,2,7,4,verb,4.5,0,0,0,0,1
operation,B1,3,9,4,noun,4.92,0,0,1,0,0
operator,B2,4,8,4,noun,4.32,0,0,1,0,0
opinion,A2,2,7,3,noun,4.94,0,0,1,0,0
opponent,B2,4,8,3,noun,4.2,0,0,1,0,0
opportunity,A2,2,11,5,noun,4.95,0,0,1,0,0
oppose,A2,2,6,3,verb,3.94,0,0,0,0,1
opposite,A2,2,8,4,noun,4.62,0,0,1,0,0
opposite,B1,3,8,4,noun,4.62,0,0,1,0,0
opposition,B1,3,10,4,noun,4.57,0,0,1,0,0
oppress,B1,3,7,2,verb,2.88,0,0,0,0,1
oppression,B1,3,10,3,noun,3.79,0,0,1,0,0
optimism,B2,4,8,3,noun,3.66,0,0,1,0,0
optimist,B2,4,8,3,noun,3.02,0,0,1,0,0
optimistic,B2,4,10,4,adjective,3.87,1,0,0,0,0
option,B1,3,6,2,noun,4.8,0,0,1,0,0
optional,B2,4,8,3,adjective,3.91,1,0,0,0,0
or,A1,1,2,1,noun,6.54,0,0,1,0,0
oral,B2,4,4,2,noun,4.26,0,0,1,0,0
oral,B1,3,4,2,noun,4.26,0,0,1,0,0
orange,A1,1,6,3,noun,4.62,0,0,1,0,0
orator,B2,4,6,3,noun,2.9,0,0,1,0,0
orbit,B1,3,5,2,noun,4.03,0,0,1,0,0
orchestra,B1,3,9,3,noun,4.01,0,0,1,0,0
orchestral,B2,4,10,3,adjective,3.26,1,0,0,0,0
orchid,B2,4,6,2,noun,3.3,0,0,1,0,0
order,A1,1,5,2,noun,5.49,0,0,1,0,0
order,A2,2,5,2,noun,5.49,0,0,1,0,0
orderly,B1,3,7,3,noun,3.44,0,0,1,0,0
ordinary,B1,3,8,4,noun,4.42,0,0,1,0,0
organ,B1,3,5,2,noun,4.14,0,0,1,0,0
organic,B1,3,7,3,noun,4.4,0,0,1,0,0
organism,B1,3,8,3,noun,3.59,0,0,1,0,0
organization/organisation,B1,3,25,10,unknown,4.26,0,0,0,1,0
organize/organise,A2,2,17,8,unknown,3.38,0,0,0,1,0
organized/organised,A2,2,19,8,unknown,3.94,0,0,0,1,0
organizer/organiser,B2,4,19,8,unknown,2.98,0,0,0,1,0
origin,B1,3,6,3,noun,4.55,0,0,1,0,0
original,A2,2,8,4,noun,5.16,0,0,1,0,0
original,B2,4,8,4,noun,5.16,0,0,1,0,0
originality,B2,4,11,6,noun,3.34,0,0,1,0,0
originally,B2,4,10,5,adverb,4.69,0,1,0,0,0
originate,B2,4,9,5,verb,3.37,0,0,0,0,1
ornament,B2,4,8,3,noun,3.32,0,0,1,0,0
orphan,A2,2,6,2,noun,3.58,0,0,1,0,0
other,A1,1,5,2,adjective,6.16,1,0,0,0,0
other,A2,2,5,2,adjective,6.16,1,0,0,0,0
otherwise,B1,3,9,4,adjective,4.88,1,0,0,0,0
ought to,B1,3,8,2,unknown,4.35,0,0,0,1,0
ounce,B2,4,5,2,noun,3.8,0,0,1,0,0
our,A1,1,3,1,unknown,6.14,0,0,0,1,0
ours,A1,1,4,1,unknown,4.16,0,0,0,1,0
ourselves,A2,2,9,3,unknown,4.62,0,0,0,1,0
out,A1,1,3,1,noun,6.38,0,0,1,0,0
out of,A2,2,6,2,unknown,6.34,0,0,0,1,0
outback,B2,4,7,2,noun,3.21,0,0,1,0,0
outbreak,B2,4,8,2,noun,3.99,0,0,1,0,0
outcome,B2,4,7,3,noun,4.35,0,0,1,0,0
outdistance,B2,4,11,4,verb,1.24,0,0,0,0,1
outdo,B2,4,5,2,verb,2.72,0,0,0,0,1
outdoor,B1,3,7,2,adjective,4.23,1,0,0,0,0
outdoors,B1,3,8,2,noun,3.71,0,0,1,0,0
outer,B1,3,5,2,adjective,4.25,1,0,0,0,0
outfit,B2,4,6,2,noun,4.22,0,0,1,0,0
outgrow,B2,4,7,2,verb,2.67,0,0,0,0,1
outing,B2,4,6,2,noun,3.5,0,0,1,0,0
outlaw,B1,3,6,2,noun,3.51,0,0,1,0,0
outlet,B2,4,6,2,noun,4.0,0,0,1,0,0
outline,B2,4,7,3,noun,3.92,0,0,1,0,0
outline,B1,3,7,3,noun,3.92,0,0,1,0,0
outlive,B2,4,7,3,verb,2.72,0,0,0,0,1
outlook,B2,4,7,2,noun,4.07,0,0,1,0,0
out-of-date,B1,3,11,4,adjective,5.19,1,0,0,0,0
outpatient,B2,4,10,3,noun,3.32,0,0,1,0,0
output,B2,4,6,2,noun,4.43,0,0,1,0,0
outrage,B2,4,7,3,noun,3.84,0,0,1,0,0
outrageous,B2,4,10,3,adjective,3.77,1,0,0,0,0
outshine,B2,4,8,3,verb,2.51,0,0,0,0,1
outside,B2,4,7,3,noun,5.25,0,0,1,0,0
outside,A1,1,7,3,noun,5.25,0,0,1,0,0
outside,A2,2,7,3,noun,5.25,0,0,1,0,0
outsider,B2,4,8,3,noun,3.55,0,0,1,0,0
outskirts,B2,4,9,2,noun,3.56,0,0,1,0,0
outstanding,B1,3,11,3,adjective,4.5,1,0,0,0,0
outward,B1,3,7,2,adjective,3.52,1,0,0,0,0
outwardly,B2,4,9,3,adverb,3.02,0,1,0,0,0
outweigh,B1,3,8,2,verb,3.27,0,0,0,0,1
oval,B2,4,4,2,noun,3.98,0,0,1,0,0
oven,A2,2,4,2,noun,4.05,0,0,1,0,0
over,A2,2,4,2,noun,6.08,0,0,1,0,0
over,A1,1,4,2,noun,6.08,0,0,1,0,0
overall,B2,4,7,3,noun,4.9,0,0,1,0,0
overboard,B2,4,9,3,adverb,3.43,0,1,0,0,0
overbook,B2,4,8,3,unknown,1.44,0,0,0,1,0
overcoat,B2,4,8,3,noun,2.77,0,0,1,0,0
overcome,B1,3,8,4,verb,4.27,0,0,0,0,1
overemphasize/overemphasise,B2,4,27,12,unknown,0.0,0,0,0,1,0
overestimate,B2,4,12,6,noun,2.83,0,0,1,0,0
overhear,B2,4,8,3,verb,2.65,0,0,0,0,1
overjoyed,B1,3,9,3,verb,2.97,0,0,0,0,1
overlap,B2,4,7,3,noun,3.7,0,0,1,0,0
overlook,B2,4,8,3,noun,3.53,0,0,1,0,0
overly,B2,4,6,3,adverb,3.83,0,1,0,0,0
overnight,B1,3,9,3,adjective,4.19,1,0,0,0,0
overseas,B2,4,8,3,adjective,4.29,1,0,0,0,0
overseas,A2,2,8,3,adjective,4.29,1,0,0,0,0
overshadow,B2,4,10,4,verb,2.71,0,0,0,0,1
oversize,B2,4,8,4,adjective,2.68,1,0,0,0,0
overstep,B2,4,8,3,verb,2.38,0,0,0,0,1
overtake,B2,4,8,4,verb,3.3,0,0,0,0,1
overthrow,B2,4,9,3,noun,3.61,0,0,1,0,0
overtime,B2,4,8,4,noun,3.94,0,0,1,0,0
overturn,B2,4,8,3,noun,3.22,0,0,1,0,0
overweight,A2,2,10,3,noun,3.74,0,0,1,0,0
overwhelm,B1,3,9,3,verb,3.15,0,0,0,0,1
overwhelming,B1,3,12,4,verb,4.08,0,0,0,0,1
overwork,B1,3,8,3,noun,2.62,0,0,1,0,0
ow,B2,4,2,1,unknown,3.64,0,0,0,1,0
owe,B1,3,3,1,verb,4.13,0,0,0,0,1
owing,B1,3,5,2,verb,3.73,0,0,0,0,1
owing to,B2,4,8,3,unknown,3.73,0,0,0,1,0
owl,B2,4,3,1,noun,3.87,0,0,1,0,0
own,A1,1,3,1,verb,5.74,0,0,0,0,1
own,A2,2,3,1,verb,5.74,0,0,0,0,1
own,B1,3,3,1,verb,5.74,0,0,0,0,1
owner,A1,1,5,2,noun,4.83,0,0,1,0,0
ox,B2,4,2,1,noun,3.47,0,0,1,0,0
oxygen,B1,3,6,3,noun,4.25,0,0,1,0,0
ozone,B2,4,5,3,noun,3.42,0,0,1,0,0
p.m./P.M./pm/PM,A1,1,15,1,unknown,3.94,0,0,0,1,0
pa,B2,4,2,1,noun,4.46,0,0,1,0,0
pace,B1,3,4,1,noun,4.38,0,0,1,0,0
pacific,A2,2,7,3,noun,4.59,0,0,1,0,0
pack,A2,2,4,1,noun,4.66,0,0,1,0,0
package,B1,3,7,3,noun,4.46,0,0,1,0,0
packed,B2,4,6,2,verb,4.31,0,0,0,0,1
packet,B2,4,6,2,noun,3.77,0,0,1,0,0
packing,B1,3,7,2,noun,4.06,0,0,1,0,0
pad,B2,4,3,1,noun,4.01,0,0,1,0,0
paddle,B1,3,6,2,noun,3.49,0,0,1,0,0
page,A1,1,4,1,noun,5.12,0,0,1,0,0
paid,B1,3,4,1,verb,5.12,0,0,0,0,1
pain,B1,3,4,1,noun,5.03,0,0,1,0,0
painful,B1,3,7,2,adjective,4.32,1,0,0,0,0
paint,A1,1,5,1,noun,4.52,0,0,1,0,0
paintbrush,B2,4,10,2,noun,2.62,0,0,1,0,0
painter,A2,2,7,2,noun,3.93,0,0,1,0,0
painting,A1,1,8,2,noun,4.6,0,0,1,0,0
pair,A1,1,4,1,noun,4.72,0,0,1,0,0
pajamas/pyjamas,B2,4,15,6,unknown,2.8,0,0,0,1,0
pal,A2,2,3,1,noun,3.99,0,0,1,0,0
palace,A1,1,6,3,noun,4.45,0,0,1,0,0
pale,B1,3,4,1,noun,4.08,0,0,1,0,0
pallet,B2,4,6,2,noun,3.12,0,0,1,0,0
palm,B1,3,4,1,noun,4.23,0,0,1,0,0
pan,A2,2,3,1,noun,4.39,0,0,1,0,0
pancake,B2,4,7,3,noun,3.35,0,0,1,0,0
pandemic,B2,4,8,3,noun,3.68,0,0,1,0,0
panel,B2,4,5,2,noun,4.55,0,0,1,0,0
panic,A2,2,5,2,noun,4.26,0,0,1,0,0
panic,B2,4,5,2,noun,4.26,0,0,1,0,0
pants,A1,1,5,1,noun,4.48,0,0,1,0,0
papaya,B2,4,6,2,noun,2.87,0,0,1,0,0
paper,A1,1,5,2,noun,5.07,0,0,1,0,0
paperless,B2,4,9,3,unknown,2.43,0,0,0,1,0
paperwork,B2,4,9,3,noun,3.84,0,0,1,0,0
parachute,B1,3,9,4,noun,3.51,0,0,1,0,0
parade,B2,4,6,3,noun,4.16,0,0,1,0,0
paradise,B1,3,8,4,noun,4.16,0,0,1,0,0
paradox,B2,4,7,3,noun,3.63,0,0,1,0,0
paragraph,A1,1,9,3,noun,4.03,0,0,1,0,0
paralysis,B2,4,9,4,noun,3.48,0,0,1,0,0
paralyze/paralyse,B1,3,17,8,unknown,1.98,0,0,0,1,0
paramedic,B2,4,9,4,noun,3.19,0,0,1,0,0
paratrooper,B2,4,11,4,noun,2.51,0,0,1,0,0
parcel,B1,3,6,2,noun,3.67,0,0,1,0,0
pardon,A1,1,6,2,noun,3.82,0,0,1,0,0
pardon,B1,3,6,2,noun,3.82,0,0,1,0,0
parent,A1,1,6,2,noun,4.57,0,0,1,0,0
parental,B1,3,8,3,adjective,3.78,1,0,0,0,0
park,A1,1,4,1,noun,5.16,0,0,1,0,0
park,A2,2,4,1,noun,5.16,0,0,1,0,0
parking,B1,3,7,2,noun,4.47,0,0,1,0,0
parliament,B2,4,10,3,noun,4.74,0,0,1,0,0
parrot,B1,3,6,2,noun,3.49,0,0,1,0,0
part,A2,2,4,1,noun,5.78,0,0,1,0,0
part,B2,4,4,1,noun,5.78,0,0,1,0,0
partial,B1,3,7,2,noun,4.17,0,0,1,0,0
participant,B1,3,11,4,noun,3.78,0,0,1,0,0
participate,B1,3,11,5,verb,4.42,0,0,0,0,1
participation,B2,4,13,5,noun,4.33,0,0,1,0,0
participle,B1,3,10,4,noun,2.66,0,0,1,0,0
particle,B2,4,8,3,noun,3.9,0,0,1,0,0
particular,B2,4,10,4,noun,5.0,0,0,1,0,0
particularly,B1,3,12,5,adverb,4.96,0,1,0,0,0
partisan,B2,4,8,3,noun,3.81,0,0,1,0,0
partly,A2,2,6,2,adverb,4.3,0,1,0,0,0
partner,A1,1,7,2,noun,4.84,0,0,1,0,0
partnership,B2,4,11,3,noun,4.48,0,0,1,0,0
part-time,B1,3,9,3,adjective,5.66,1,0,0,0,0
party,A1,1,5,2,noun,5.49,0,0,1,0,0
pass,A2,2,4,1,noun,5.05,0,0,1,0,0
passage,A2,2,7,3,noun,4.27,0,0,1,0,0
passenger,A2,2,9,3,noun,4.38,0,0,1,0,0
passion,B1,3,7,2,noun,4.44,0,0,1,0,0
passionate,B2,4,10,4,adjective,4.09,1,0,0,0,0
passionately,B2,4,12,5,adverb,3.33,0,1,0,0,0
passive,B1,3,7,3,noun,4.03,0,0,1,0,0
passport,B1,3,8,2,noun,4.05,0,0,1,0,0
password,B1,3,8,2,noun,4.06,0,0,1,0,0
past,B1,3,4,1,noun,5.36,0,0,1,0,0
past,A1,1,4,1,noun,5.36,0,0,1,0,0
pasta,A2,2,5,2,noun,3.92,0,0,1,0,0
pastor,B2,4,6,2,noun,4.08,0,0,1,0,0
pastoral,B2,4,8,3,noun,3.54,0,0,1,0,0
patch,B2,4,5,1,noun,4.2,0,0,1,0,0
path,A2,2,4,1,noun,4.71,0,0,1,0,0
patience,B1,3,8,3,noun,4.2,0,0,1,0,0
patient,B1,3,7,2,noun,4.77,0,0,1,0,0
patient,A2,2,7,2,noun,4.77,0,0,1,0,0
patiently,B2,4,9,3,adverb,3.48,0,1,0,0,0
patriot,B2,4,7,2,noun,3.73,0,0,1,0,0
patriotic,B2,4,9,3,adjective,3.79,1,0,0,0,0
patriotism,B2,4,10,3,noun,3.59,0,0,1,0,0
patrol,B1,3,6,2,noun,4.14,0,0,1,0,0
patron,B2,4,6,2,noun,3.73,0,0,1,0,0
pattern,B1,3,7,2,noun,4.56,0,0,1,0,0
pause,B1,3,5,2,noun,4.0,0,0,1,0,0
pave,B2,4,4,1,noun,3.21,0,0,1,0,0
pavement,B2,4,8,3,noun,3.61,0,0,1,0,0
paw,B2,4,3,1,noun,3.48,0,0,1,0,0
pawnbroker,B2,4,10,3,noun,2.29,0,0,1,0,0
pawnshop,B2,4,8,2,noun,2.2,0,0,1,0,0
pay,A1,1,3,1,noun,5.4,0,0,1,0,0
payment,B2,4,7,2,noun,4.66,0,0,1,0,0
PC,A2,2,2,1,noun,4.53,0,0,1,0,0
pea,A2,2,3,1,noun,3.54,0,0,1,0,0
peace,A1,1,5,2,noun,5.02,0,0,1,0,0
peaceful,A2,2,8,3,adjective,4.28,1,0,0,0,0
peacefully,B2,4,10,4,adverb,3.63,0,1,0,0,0
peach,B2,4,5,1,noun,3.77,0,0,1,0,0
peak,B2,4,4,1,noun,4.53,0,0,1,0,0
peanut,B1,3,6,2,noun,3.9,0,0,1,0,0
pear,A2,2,4,1,noun,3.47,0,0,1,0,0
pearl,B2,4,5,1,noun,4.14,0,0,1,0,0
pebble,B2,4,6,2,noun,3.34,0,0,1,0,0
peculiar,B1,3,8,3,adjective,3.67,1,0,0,0,0
pedal,B2,4,5,2,noun,3.64,0,0,1,0,0
pedantic,B2,4,8,3,adjective,2.66,1,0,0,0,0
pedestrian,B2,4,10,3,noun,3.71,0,0,1,0,0
pee,B2,4,3,1,noun,3.96,0,0,1,0,0
peel,B2,4,4,1,noun,3.8,0,0,1,0,0
peep,B2,4,4,1,noun,3.39,0,0,1,0,0
peer,B2,4,4,1,noun,4.14,0,0,1,0,0
peg,B2,4,3,1,noun,3.49,0,0,1,0,0
pen,A1,1,3,1,noun,4.38,0,0,1,0,0
penalize/penalise,B2,4,17,8,unknown,2.02,0,0,0,1,0
penalty,B2,4,7,3,noun,4.45,0,0,1,0,0
pence,A2,2,5,2,noun,3.66,0,0,1,0,0
pencil,A1,1,6,2,noun,3.95,0,0,1,0,0
penetrate,B2,4,9,4,verb,3.55,0,0,0,0,1
penfriend/pen friend,A2,2,20,4,unknown,0.0,0,0,0,1,0
penguin,B2,4,7,2,noun,3.78,0,0,1,0,0
penicillin,B2,4,10,4,noun,3.04,0,0,1,0,0
penniless,B1,3,9,3,adjective,2.85,1,0,0,0,0
penny,B1,3,5,2,noun,4.07,0,0,1,0,0
pension,B2,4,7,2,noun,4.22,0,0,1,0,0
pentagon,B2,4,8,3,noun,3.7,0,0,1,0,0
people,A1,1,6,2,noun,6.25,0,0,1,0,0
pepper,A2,2,6,2,noun,4.14,0,0,1,0,0
per,B1,3,3,1,unknown,5.45,0,0,0,1,0
perceive,B2,4,8,3,verb,3.72,0,0,0,0,1
percent/per cent,B1,3,16,4,unknown,4.56,0,0,0,1,0
percentage,B2,4,10,4,noun,4.48,0,0,1,0,0
perception,B2,4,10,3,noun,4.18,0,0,1,0,0
perfect,A2,2,7,2,noun,5.2,0,0,1,0,0
perfectly,A2,2,9,3,adverb,4.61,0,1,0,0,0
perform,A2,2,7,2,verb,4.66,0,0,0,0,1
performance,A2,2,11,4,noun,5.16,0,0,1,0,0
performer,B1,3,9,3,noun,3.8,0,0,1,0,0
perfume,A2,2,7,3,noun,3.75,0,0,1,0,0
perhaps,A2,2,7,2,adverb,5.09,0,1,0,0,0
period,A1,1,6,2,noun,5.21,0,0,1,0,0
permanence,B2,4,10,4,noun,2.76,0,0,1,0,0
permanent,B1,3,9,3,noun,4.57,0,0,1,0,0
permanently,B1,3,11,4,adverb,4.08,0,1,0,0,0
permeate,B2,4,8,3,verb,2.63,0,0,0,0,1
permission,A2,2,10,3,noun,4.5,0,0,1,0,0
permit,B1,3,6,2,noun,4.22,0,0,1,0,0
perseverance,B2,4,12,5,noun,3.34,0,0,1,0,0
persist,B2,4,7,2,verb,3.53,0,0,0,0,1
persistence,B2,4,11,4,noun,3.51,0,0,1,0,0
persistent,B2,4,10,3,adjective,3.9,1,0,0,0,0
person,A1,1,6,2,noun,5.55,0,0,1,0,0
personal,A1,1,8,3,noun,5.2,0,0,1,0,0
personality,A2,2,11,5,noun,4.55,0,0,1,0,0
personally,B1,3,10,4,adverb,4.57,0,1,0,0,0
personification,B2,4,15,6,noun,2.82,0,0,1,0,0
personify,B2,4,9,4,verb,2.21,0,0,0,0,1
personnel,B2,4,9,3,noun,4.56,0,0,1,0,0
perspective,B2,4,11,4,noun,4.56,0,0,1,0,0
perspiration,B2,4,12,4,noun,2.68,0,0,1,0,0
persuade,B1,3,8,3,verb,3.82,0,0,0,0,1
persuasion,B2,4,10,3,noun,3.33,0,0,1,0,0
persuasive,B1,3,10,4,adjective,3.41,1,0,0,0,0
pessimist,B2,4,9,3,noun,2.67,0,0,1,0,0
pessimistic,B2,4,11,4,adjective,3.25,1,0,0,0,0
pet,A1,1,3,1,noun,4.45,0,0,1,0,0
petrified,B2,4,9,3,verb,3.03,0,0,0,0,1
petrol,A2,2,6,2,noun,3.72,0,0,1,0,0
petrol station,A2,2,14,4,unknown,3.7,0,0,0,1,0
petty,B2,4,5,2,noun,4.07,0,0,1,0,0
pH,B2,4,2,1,noun,3.97,0,0,1,0,0
phantom,B1,3,7,2,noun,3.78,0,0,1,0,0
pharmacist,B2,4,10,3,noun,3.34,0,0,1,0,0
pharmacy,B1,3,8,3,noun,3.87,0,0,1,0,0
phase,B2,4,5,2,noun,4.64,0,0,1,0,0
phenomenon,B1,3,10,4,noun,4.13,0,0,1,0,0
philosopher,B1,3,11,4,noun,3.72,0,0,1,0,0
philosophical,B2,4,13,5,adjective,3.95,1,0,0,0,0
philosophy,B1,3,10,4,noun,4.49,0,0,1,0,0
phoenix,B1,3,7,2,noun,4.21,0,0,1,0,0
phone,A1,1,5,2,noun,5.3,0,0,1,0,0
photo,A1,1,5,2,noun,4.97,0,0,1,0,0
photocopy,B1,3,9,4,noun,2.7,0,0,1,0,0
photograph,A2,2,10,3,noun,4.23,0,0,1,0,0
photograph,B2,4,10,3,noun,4.23,0,0,1,0,0
photographer,A2,2,12,4,noun,4.28,0,0,1,0,0
photography,A2,2,11,4,noun,4.45,0,0,1,0,0
phrasal verb,B1,3,12,3,unknown,2.02,0,0,0,1,0
phrase,B1,3,6,2,noun,4.3,0,0,1,0,0
physical,A2,2,8,3,adjective,4.94,1,0,0,0,0
physically,A2,2,10,4,adverb,4.3,0,1,0,0,0
physician,B2,4,9,3,noun,4.18,0,0,1,0,0
physics,B1,3,7,2,noun,4.39,0,0,1,0,0
pi,B2,4,2,1,noun,3.92,0,0,1,0,0
piano,A1,1,5,2,noun,4.31,0,0,1,0,0
pick,B1,3,4,1,noun,5.08,0,0,1,0,0
pick,A1,1,4,1,noun,5.08,0,0,1,0,0
pickle,B2,4,6,2,noun,3.39,0,0,1,0,0
picky,B2,4,5,2,adjective,3.34,1,0,0,0,0
picnic,A1,1,6,2,noun,3.8,0,0,1,0,0
picture,A1,1,7,3,noun,5.13,0,0,1,0,0
picture,B2,4,7,3,noun,5.13,0,0,1,0,0
picturesque,B2,4,11,4,adjective,3.5,1,0,0,0,0
pie,B1,3,3,1,noun,4.19,0,0,1,0,0
piece,A1,1,5,2,noun,5.04,0,0,1,0,0
piety,B1,3,5,2,noun,3.09,0,0,1,0,0
pig,A1,1,3,1,noun,4.14,0,0,1,0,0
pile,A2,2,4,1,noun,4.14,0,0,1,0,0
pilgrim,A2,2,7,2,noun,3.38,0,0,1,0,0
pill,A2,2,4,1,noun,4.03,0,0,1,0,0
pillow,B1,3,6,2,noun,3.96,0,0,1,0,0
pillowcase,B2,4,10,4,noun,2.55,0,0,1,0,0
pilot,A2,2,5,2,noun,4.52,0,0,1,0,0
pin,B2,4,3,1,noun,4.28,0,0,1,0,0
pin,B1,3,3,1,noun,4.28,0,0,1,0,0
pine,B2,4,4,1,noun,4.1,0,0,1,0,0
pineapple,B1,3,9,3,noun,3.58,0,0,1,0,0
pink,A1,1,4,1,noun,4.52,0,0,1,0,0
pink,A2,2,4,1,noun,4.52,0,0,1,0,0
pint,B2,4,4,1,noun,3.66,0,0,1,0,0
pipe,B1,3,4,1,noun,4.25,0,0,1,0,0
piracy,B2,4,6,3,noun,3.52,0,0,1,0,0
pirate,B2,4,6,3,noun,3.96,0,0,1,0,0
pit,B1,3,3,1,noun,4.27,0,0,1,0,0
pitch,B2,4,5,1,noun,4.43,0,0,1,0,0
pity,A2,2,4,2,noun,3.98,0,0,1,0,0
pizza,A1,1,5,2,noun,4.43,0,0,1,0,0
place,A1,1,5,2,noun,5.71,0,0,1,0,0
place,B1,3,5,2,noun,5.71,0,0,1,0,0
plague,B2,4,6,2,noun,3.89,0,0,1,0,0
plain,B1,3,5,1,noun,4.43,0,0,1,0,0
plan,A1,1,4,1,noun,5.29,0,0,1,0,0
plan,B1,3,4,1,noun,5.29,0,0,1,0,0
plane,A1,1,5,2,noun,4.72,0,0,1,0,0
planet,A2,2,6,2,noun,4.68,0,0,1,0,0
planning,B2,4,8,2,noun,4.9,0,0,1,0,0
plant,A2,2,5,1,noun,4.89,0,0,1,0,0
plant,B1,3,5,1,noun,4.89,0,0,1,0,0
plastic,A2,2,7,2,noun,4.51,0,0,1,0,0
plastic,B1,3,7,2,noun,4.51,0,0,1,0,0
plate,A2,2,5,2,noun,4.55,0,0,1,0,0
platform,B1,3,8,2,noun,4.67,0,0,1,0,0
play,A1,1,4,1,noun,5.61,0,0,1,0,0
player,A1,1,6,1,noun,5.19,0,0,1,0,0
playful,A2,2,7,2,adjective,3.53,1,0,0,0,0
playground,A2,2,10,2,noun,3.79,0,0,1,0,0
playmate,B2,4,8,3,noun,2.82,0,0,1,0,0
playwright,B2,4,10,2,noun,3.39,0,0,1,0,0
plead,B2,4,5,1,verb,3.63,0,0,0,0,1
pleasant,A2,2,8,2,adjective,4.22,1,0,0,0,0
pleasantly,B1,3,10,3,adverb,3.35,0,1,0,0,0
please,A1,1,6,2,verb,5.66,0,0,0,0,1
please,B1,3,6,2,verb,5.66,0,0,0,0,1
pleased,A2,2,7,2,verb,4.44,0,0,0,0,1
pleasing,A2,2,8,2,noun,3.75,0,0,1,0,0
pleasure,A1,1,8,3,noun,4.57,0,0,1,0,0
plenty,A2,2,6,2,noun,4.72,0,0,1,0,0
plenty,B1,3,6,2,noun,4.72,0,0,1,0,0
plot,B2,4,4,1,noun,4.58,0,0,1,0,0
pluck,B2,4,5,1,noun,3.13,0,0,1,0,0
plug,B1,3,4,1,noun,4.14,0,0,1,0,0
plug,B2,4,4,1,noun,4.14,0,0,1,0,0
plum,B2,4,4,1,noun,3.55,0,0,1,0,0
plumber,B2,4,7,2,noun,3.36,0,0,1,0,0
plural,A2,2,6,2,noun,3.55,0,0,1,0,0
plus,B1,3,4,1,noun,4.95,0,0,1,0,0
plus,B2,4,4,1,noun,4.95,0,0,1,0,0
plus,A2,2,4,1,noun,4.95,0,0,1,0,0
pneumonia,B2,4,9,3,noun,3.74,0,0,1,0,0
pocket,A1,1,6,2,noun,4.48,0,0,1,0,0
pocket money,B1,3,12,4,unknown,4.45,0,0,0,1,0
poem,A1,1,4,1,noun,4.25,0,0,1,0,0
poet,B1,3,4,1,noun,4.21,0,0,1,0,0
poetry,B1,3,6,2,noun,4.4,0,0,1,0,0
point,A1,1,5,1,noun,5.54,0,0,1,0,0
point,A2,2,5,1,noun,5.54,0,0,1,0,0
point of view,B2,4,13,3,unknown,5.03,0,0,0,1,0
pointless,B2,4,9,2,adjective,3.88,1,0,0,0,0
poison,B1,3,6,2,noun,4.08,0,0,1,0,0
poison,B2,4,6,2,noun,4.08,0,0,1,0,0
poisonous,B1,3,9,3,adjective,3.57,1,0,0,0,0
polar bear,B2,4,10,3,unknown,3.89,0,0,0,1,0
pole,B1,3,4,1,noun,4.23,0,0,1,0,0
police,A2,2,6,3,noun,5.33,0,0,1,0,0
police officer,A2,2,14,6,unknown,4.85,0,0,0,1,0
police station,A2,2,14,5,unknown,4.84,0,0,0,1,0
policeman,A2,2,9,4,noun,3.74,0,0,1,0,0
policewoman,A2,2,11,5,noun,2.54,0,0,1,0,0
policy,B1,3,6,3,noun,5.17,0,0,1,0,0
polio,B2,4,5,2,noun,3.27,0,0,1,0,0
polish,B2,4,6,2,noun,4.29,0,0,1,0,0
polite,A2,2,6,3,adjective,3.92,1,0,0,0,0
politely,B1,3,8,4,adverb,3.47,0,1,0,0,0
politeness,B2,4,10,4,noun,2.93,0,0,1,0,0
political,A2,2,9,4,adjective,5.29,1,0,0,0,0
politically,B2,4,11,5,adverb,4.06,0,1,0,0,0
politician,B1,3,10,4,noun,4.16,0,0,1,0,0
politics,B1,3,8,3,noun,4.87,0,0,1,0,0
polity,B2,4,6,3,noun,2.88,0,0,1,0,0
pollutant,B1,3,9,3,noun,2.69,0,0,1,0,0
pollute,A2,2,7,3,verb,2.86,0,0,0,0,1
pollution,A1,1,9,3,noun,4.2,0,0,1,0,0
polo,B2,4,4,2,noun,3.77,0,0,1,0,0
pond,B1,3,4,1,noun,3.98,0,0,1,0,0
ponder,B2,4,6,2,verb,3.35,0,0,0,0,1
pool,A1,1,4,1,noun,4.67,0,0,1,0,0
poor,A1,1,4,1,noun,5.09,0,0,1,0,0
pop,A1,1,3,1,noun,4.87,0,0,1,0,0
pop,B2,4,3,1,noun,4.87,0,0,1,0,0
popcorn,B1,3,7,2,noun,3.73,0,0,1,0,0
popular,A2,2,7,3,adjective,5.07,1,0,0,0,0
popularity,B2,4,10,5,noun,4.24,0,0,1,0,0
popularize/popularise,B2,4,21,10,unknown,1.92,0,0,0,1,0
population,A2,2,10,4,noun,5.01,0,0,1,0,0
porch,B2,4,5,1,noun,3.85,0,0,1,0,0
pork,B1,3,4,1,noun,4.03,0,0,1,0,0
port,B1,3,4,1,noun,4.73,0,0,1,0,0
portion,B2,4,7,2,noun,4.53,0,0,1,0,0
portrait,A2,2,8,2,noun,4.22,0,0,1,0,0
pose,B2,4,4,1,noun,4.1,0,0,1,0,0
posh,B2,4,4,1,adjective,3.4,1,0,0,0,0
position,A2,2,8,3,noun,5.21,0,0,1,0,0
positive,B1,3,8,4,noun,4.99,0,0,1,0,0
positively,B1,3,10,5,adverb,3.89,0,1,0,0,0
possess,B1,3,7,2,verb,4.02,0,0,0,0,1
possessed,B2,4,9,3,verb,3.85,0,0,0,0,1
possession,B1,3,10,3,noun,4.38,0,0,1,0,0
possessive,B1,3,10,4,noun,3.17,0,0,1,0,0
possibility,B1,3,11,5,noun,4.58,0,0,1,0,0
possible,A2,2,8,3,noun,5.36,0,0,1,0,0
possibly,A2,2,8,3,adverb,4.77,0,1,0,0,0
post,A1,1,4,1,noun,5.43,0,0,1,0,0
post,A2,2,4,1,noun,5.43,0,0,1,0,0
post office,A2,2,11,4,unknown,5.11,0,0,0,1,0
postal,B2,4,6,2,adjective,3.94,1,0,0,0,0
postcard,B1,3,8,2,noun,3.44,0,0,1,0,0
poster,A1,1,6,2,noun,4.19,0,0,1,0,0
postman,B1,3,7,2,noun,3.1,0,0,1,0,0
postpone,B2,4,8,3,verb,3.48,0,0,0,0,1
pot,B1,3,3,1,noun,4.4,0,0,1,0,0
potato,A1,1,6,3,noun,4.11,0,0,1,0,0
potent,B2,4,6,2,adjective,3.74,1,0,0,0,0
potential,B2,4,9,3,noun,5.01,0,0,1,0,0
potential,B1,3,9,3,noun,5.01,0,0,1,0,0
potentially,B2,4,11,4,adverb,4.39,0,1,0,0,0
pottery,B1,3,7,3,noun,3.7,0,0,1,0,0
pound,B1,3,5,1,noun,4.32,0,0,1,0,0
pound,B2,4,5,1,noun,4.32,0,0,1,0,0
pour,A2,2,4,1,verb,4.1,0,0,0,0,1
poverty,B1,3,7,3,noun,4.46,0,0,1,0,0
powder,B1,3,6,2,noun,4.25,0,0,1,0,0
powder,B2,4,6,2,noun,4.25,0,0,1,0,0
power,A2,2,5,2,noun,5.52,0,0,1,0,0
powerful,A2,2,8,3,adjective,4.85,1,0,0,0,0
powerfully,B2,4,10,4,adverb,3.14,0,1,0,0,0
practical,B1,3,9,3,adjective,4.48,1,0,0,0,0
practicality,B2,4,12,5,noun,2.96,0,0,1,0,0
practically,B2,4,11,4,adverb,4.19,0,1,0,0,0
practice,A1,1,8,3,noun,5.06,0,0,1,0,0
practice/practise,A1,1,17,6,unknown,3.51,0,0,0,1,0
praise,B1,3,6,2,noun,4.31,0,0,1,0,0
praise,B2,4,6,2,noun,4.31,0,0,1,0,0
prance,B2,4,6,2,noun,2.39,0,0,1,0,0
prawn,B2,4,5,1,noun,2.87,0,0,1,0,0
pray,A1,1,4,1,verb,4.4,0,0,0,0,1
prayer,B1,3,6,1,noun,4.42,0,0,1,0,0
precede,B2,4,7,3,verb,2.86,0,0,0,0,1
precious,B1,3,8,2,adjective,4.33,1,0,0,0,0
precise,A2,2,7,3,adjective,4.13,1,0,0,0,0
precisely,B2,4,9,4,adverb,4.2,0,1,0,0,0
predicament,B2,4,11,4,noun,3.28,0,0,1,0,0
predicate,B2,4,9,4,noun,2.85,0,0,1,0,0
predicative,B2,4,11,5,adjective,1.89,1,0,0,0,0
predict,A2,2,7,2,verb,4.08,0,0,0,0,1
predictable,B2,4,11,4,adjective,3.76,1,0,0,0,0
prediction,A2,2,10,3,noun,3.96,0,0,1,0,0
predictive,B2,4,10,4,adjective,3.37,1,0,0,0,0
predictor,B2,4,9,3,noun,3.12,0,0,1,0,0
prefect,B2,4,7,2,noun,3.09,0,0,1,0,0
prefer,A2,2,6,2,verb,4.57,0,0,0,0,1
preferable,B2,4,10,4,adjective,3.44,1,0,0,0,0
preferably,B2,4,10,4,adverb,3.71,0,1,0,0,0
preference,B1,3,10,4,noun,4.11,0,0,1,0,0
prefix,B1,3,6,2,noun,3.23,0,0,1,0,0
pregnant,B1,3,8,2,adjective,4.56,1,0,0,0,0
prehistoric,B2,4,11,4,adjective,3.42,1,0,0,0,0
prehuman,B2,4,8,3,unknown,1.1,0,0,0,1,0
preindustrial,B2,4,13,3,unknown,1.87,0,0,0,1,0
prejudge,B2,4,8,3,verb,2.05,0,0,0,0,1
prejudice,B1,3,9,4,noun,3.79,0,0,1,0,0
preliminary,B2,4,11,5,noun,4.16,0,0,1,0,0
preoccupy,B2,4,9,3,verb,1.83,0,0,0,0,1
preparation,B1,3,11,4,noun,4.32,0,0,1,0,0
prepare,A2,2,7,3,verb,4.55,0,0,0,0,1
prepared,B1,3,8,3,verb,4.74,0,0,0,0,1
preposition,B1,3,11,4,noun,2.62,0,0,1,0,0
preschool,B1,3,9,2,noun,3.51,0,0,1,0,0
prescribe,B2,4,9,3,verb,3.39,0,0,0,0,1
prescription,B1,3,12,3,noun,4.0,0,0,1,0,0
presence,B1,3,8,3,noun,4.73,0,0,1,0,0
present,B1,3,7,2,noun,5.18,0,0,1,0,0
present,A1,1,7,2,noun,5.18,0,0,1,0,0
present,B2,4,7,2,noun,5.18,0,0,1,0,0
presentation,B1,3,12,4,noun,4.31,0,0,1,0,0
presenter,B2,4,9,3,noun,3.77,0,0,1,0,0
preservation,B1,3,12,4,noun,4.01,0,0,1,0,0
preserve,B1,3,8,3,noun,4.19,0,0,1,0,0
presidency,B2,4,10,4,noun,4.16,0,0,1,0,0
president,B1,3,9,3,noun,5.45,0,0,1,0,0
presidential,B2,4,12,4,adjective,4.52,1,0,0,0,0
press,B1,3,5,1,noun,5.16,0,0,1,0,0
pressure,A2,2,8,3,noun,5.01,0,0,1,0,0
prestige,B2,4,8,3,noun,3.75,0,0,1,0,0
prestigious,B2,4,11,3,adjective,3.86,1,0,0,0,0
presumably,B2,4,10,4,adverb,4.06,0,1,0,0,0
pretend,B2,4,7,2,noun,4.33,0,0,1,0,0
pretend,A2,2,7,2,noun,4.33,0,0,1,0,0
pretty,A1,1,6,2,adjective,5.38,1,0,0,0,0
pretty,A2,2,6,2,adjective,5.38,1,0,0,0,0
prevail,B2,4,7,2,verb,3.55,0,0,0,0,1
prevent,A2,2,7,2,verb,4.79,0,0,0,0,1
prevention,B2,4,10,3,noun,4.28,0,0,1,0,0
preventive,B2,4,10,4,noun,3.5,0,0,1,0,0
previous,B1,3,8,2,adjective,5.0,1,0,0,0,0
previously,B2,4,10,3,adverb,4.83,0,1,0,0,0
price,A1,1,5,2,noun,5.23,0,0,1,0,0
price,B2,4,5,2,noun,5.23,0,0,1,0,0
priceless,B2,4,9,3,adjective,3.58,1,0,0,0,0
prick,B2,4,5,1,noun,3.6,0,0,1,0,0
pride,A2,2,5,2,noun,4.49,0,0,1,0,0
priest,B1,3,6,1,noun,4.33,0,0,1,0,0
primarily,B1,3,9,4,adverb,4.48,0,1,0,0,0
primary,B2,4,7,3,noun,4.88,0,0,1,0,0
primary school,B1,3,14,4,unknown,4.82,0,0,0,1,0
prime,B2,4,5,2,noun,4.81,0,0,1,0,0
prime minister,B2,4,14,5,unknown,4.61,0,0,0,1,0
primitive,B1,3,9,4,noun,3.8,0,0,1,0,0
prince,A1,1,6,2,noun,4.72,0,0,1,0,0
princess,A1,1,8,2,noun,4.53,0,0,1,0,0
principal,A2,2,9,3,noun,4.52,0,0,1,0,0
principal,B2,4,9,3,noun,4.52,0,0,1,0,0
principle,B1,3,9,3,noun,4.34,0,0,1,0,0
print,B1,3,5,1,noun,4.54,0,0,1,0,0
print,A2,2,5,1,noun,4.54,0,0,1,0,0
printer,A2,2,7,2,noun,3.93,0,0,1,0,0
prior,B2,4,5,1,noun,4.85,0,0,1,0,0
priority,B2,4,8,3,noun,4.41,0,0,1,0,0
prison,B1,3,6,2,noun,4.8,0,0,1,0,0
prisoner,B1,3,8,3,noun,4.2,0,0,1,0,0
privacy,B1,3,7,3,noun,4.36,0,0,1,0,0
private,A2,2,7,3,noun,5.19,0,0,1,0,0
privately,B2,4,9,4,adverb,4.01,0,1,0,0,0
privilege,B2,4,9,4,noun,4.2,0,0,1,0,0
prize,B1,3,5,2,noun,4.59,0,0,1,0,0
pro,A2,2,3,1,noun,4.94,0,0,1,0,0
probability,B1,3,11,5,noun,4.02,0,0,1,0,0
probable,B2,4,8,3,noun,3.79,0,0,1,0,0
probably,A2,2,8,3,adverb,5.37,0,1,0,0,0
probe,B2,4,5,2,noun,3.99,0,0,1,0,0
problem,A1,1,7,2,noun,5.4,0,0,1,0,0
procedure,B2,4,9,4,noun,4.44,0,0,1,0,0
proceed,B1,3,7,2,verb,4.18,0,0,0,0,1
process,B1,3,7,2,noun,5.26,0,0,1,0,0
process,B2,4,7,2,noun,5.26,0,0,1,0,0
proclaim,B1,3,8,2,verb,3.27,0,0,0,0,1
procrastination,B1,3,15,5,noun,2.96,0,0,1,0,0
produce,A2,2,7,3,noun,4.78,0,0,1,0,0
producer,B1,3,8,3,noun,4.44,0,0,1,0,0
product,A2,2,7,2,noun,4.95,0,0,1,0,0
production,A2,2,10,3,noun,5.14,0,0,1,0,0
productive,B1,3,10,4,adjective,4.22,1,0,0,0,0
profession,B1,3,10,3,noun,4.13,0,0,1,0,0
professional,A2,2,12,4,noun,5.05,0,0,1,0,0
professional,B2,4,12,4,noun,5.05,0,0,1,0,0
professor,B1,3,9,3,noun,4.9,0,0,1,0,0
profile,B2,4,7,3,noun,4.82,0,0,1,0,0
profit,B2,4,6,2,noun,4.7,0,0,1,0,0
profitable,B2,4,10,4,adjective,4.03,1,0,0,0,0
program/programme,A1,1,17,5,unknown,4.49,0,0,0,1,0
program/programme,B1,3,17,5,unknown,4.49,0,0,0,1,0
programmer,B2,4,10,3,noun,3.56,0,0,1,0,0
programming,B2,4,11,3,noun,4.37,0,0,1,0,0
progress,B1,3,8,2,noun,4.78,0,0,1,0,0
progress,B2,4,8,2,noun,4.78,0,0,1,0,0
progressive,A2,2,11,4,noun,4.34,0,0,1,0,0
prohibit,B2,4,8,3,verb,3.51,0,0,0,0,1
prohibition,B1,3,11,4,noun,3.77,0,0,1,0,0
project,B2,4,7,2,noun,5.22,0,0,1,0,0
projection,B2,4,10,3,noun,3.79,0,0,1,0,0
prom,B2,4,4,1,noun,3.78,0,0,1,0,0
prominence,B2,4,10,4,noun,3.54,0,0,1,0,0
prominent,B1,3,9,3,adjective,4.33,1,0,0,0,0
promise,A2,2,7,3,noun,4.71,0,0,1,0,0
promise,B1,3,7,3,noun,4.71,0,0,1,0,0
promote,B1,3,7,3,verb,4.56,0,0,0,0,1
promotion,B1,3,9,3,noun,4.41,0,0,1,0,0
prompt,B2,4,6,1,noun,3.86,0,0,1,0,0
promptly,B2,4,8,2,adverb,3.84,0,1,0,0,0
pronoun,B1,3,7,2,noun,3.17,0,0,1,0,0
pronounce,A2,2,9,3,verb,3.66,0,0,0,0,1
pronunciation,A2,2,13,4,noun,3.51,0,0,1,0,0
proof,B1,3,5,1,noun,4.7,0,0,1,0,0
proper,A2,2,6,2,adjective,4.72,1,0,0,0,0
properly,B1,3,8,3,adverb,4.64,0,1,0,0,0
property,B1,3,8,3,noun,5.11,0,0,1,0,0
proponent,B2,4,9,3,noun,3.15,0,0,1,0,0
proportion,B1,3,10,3,noun,4.11,0,0,1,0,0
proposal,B1,3,8,3,noun,4.47,0,0,1,0,0
propose,B1,3,7,3,verb,3.99,0,0,0,0,1
proposed,B2,4,8,3,verb,4.71,0,0,0,0,1
prose,B2,4,5,2,noun,3.72,0,0,1,0,0
prosecute,B2,4,9,4,verb,3.54,0,0,0,0,1
prospect,B2,4,8,2,noun,4.13,0,0,1,0,0
prosper,B2,4,7,2,verb,3.45,0,0,0,0,1
prosperity,B1,3,10,4,noun,3.91,0,0,1,0,0
prosperous,B1,3,10,3,adjective,3.6,1,0,0,0,0
protect,B1,3,7,2,verb,4.92,0,0,0,0,1
protection,B1,3,10,3,noun,4.85,0,0,1,0,0
protective,B1,3,10,4,adjective,4.13,1,0,0,0,0
protest,B1,3,7,2,noun,4.45,0,0,1,0,0
protest,B2,4,7,2,noun,4.45,0,0,1,0,0
proud,B1,3,5,1,adjective,4.78,1,0,0,0,0
proudly,B2,4,7,2,adverb,3.71,0,1,0,0,0
prove,B1,3,5,2,verb,4.77,0,0,0,0,1
proven,B2,4,6,2,verb,4.33,0,0,0,0,1
proverb,B1,3,7,2,noun,3.14,0,0,1,0,0
provide,A2,2,7,3,verb,5.15,0,0,0,0,1
provided,B1,3,8,3,verb,5.02,0,0,0,0,1
province,B2,4,8,3,noun,4.47,0,0,1,0,0
provision,B2,4,9,3,noun,4.14,0,0,1,0,0
proximity,B2,4,9,4,noun,3.88,0,0,1,0,0
psychological,B1,3,13,5,adjective,4.27,1,0,0,0,0
psychologically,B2,4,15,6,adverb,3.35,0,1,0,0,0
psychologist,A2,2,12,4,noun,3.8,0,0,1,0,0
psychology,B2,4,10,4,noun,4.31,0,0,1,0,0
pub,B1,3,3,1,noun,4.23,0,0,1,0,0
public,B1,3,6,2,noun,5.57,0,0,1,0,0
public,A2,2,6,2,noun,5.57,0,0,1,0,0
public transport,B1,3,16,4,unknown,4.63,0,0,0,1,0
publication,B2,4,11,4,noun,4.45,0,0,1,0,0
publicity,B2,4,9,4,noun,4.0,0,0,1,0,0
publicize/publicise,B2,4,19,8,unknown,2.26,0,0,0,1,0
publicly,B1,3,8,3,adverb,4.28,0,1,0,0,0
publish,A2,2,7,2,verb,4.1,0,0,0,0,1
publisher,B1,3,9,3,noun,4.13,0,0,1,0,0
pudding,B2,4,7,2,noun,3.61,0,0,1,0,0
pull,A2,2,4,1,noun,4.82,0,0,1,0,0
pullover,B1,3,8,3,noun,2.61,0,0,1,0,0
pulse,B2,4,5,2,noun,4.06,0,0,1,0,0
pump,B1,3,4,1,noun,4.28,0,0,1,0,0
pumpkin,B2,4,7,2,noun,3.83,0,0,1,0,0
punch,B2,4,5,1,noun,4.32,0,0,1,0,0
punctual,B2,4,8,2,adjective,2.83,1,0,0,0,0
punctuality,B2,4,11,4,noun,2.73,0,0,1,0,0
punctuation,A2,2,11,3,noun,3.29,0,0,1,0,0
punish,B1,3,6,2,verb,3.95,0,0,0,0,1
punishment,B1,3,10,3,noun,4.34,0,0,1,0,0
pupil,B1,3,5,2,noun,3.81,0,0,1,0,0
puppy,B1,3,5,2,noun,4.0,0,0,1,0,0
purchase,B2,4,8,3,noun,4.71,0,0,1,0,0
pure,B1,3,4,1,adjective,4.64,1,0,0,0,0
purify,B1,3,6,3,verb,3.06,0,0,0,0,1
purple,A2,2,6,2,noun,4.32,0,0,1,0,0
purple,A1,1,6,2,noun,4.32,0,0,1,0,0
purpose,A2,2,7,3,noun,4.88,0,0,1,0,0
purposeful,B2,4,10,4,adjective,3.07,1,0,0,0,0
purse,B1,3,5,2,noun,3.95,0,0,1,0,0
pursue,A2,2,6,2,verb,4.26,0,0,0,0,1
pursuit,B2,4,7,2,noun,4.12,0,0,1,0,0
push,B1,3,4,1,noun,4.82,0,0,1,0,0
push,A1,1,4,1,noun,4.82,0,0,1,0,0
put,A1,1,3,1,noun,5.66,0,0,1,0,0
puzzle,B1,3,6,2,noun,3.96,0,0,1,0,0
puzzled,B2,4,7,2,verb,3.28,0,0,0,0,1
quake,B1,3,5,2,noun,3.45,0,0,1,0,0
qualification,B2,4,13,5,noun,3.88,0,0,1,0,0
qualified,B1,3,9,3,verb,4.46,0,0,0,0,1
qualify,B1,3,7,3,verb,4.19,0,0,0,0,1
quality,B1,3,7,3,noun,5.11,0,0,1,0,0
quality,A2,2,7,3,noun,5.11,0,0,1,0,0
quantify,B2,4,8,3,verb,3.24,0,0,0,0,1
quantity,B1,3,8,3,noun,4.07,0,0,1,0,0
quarantine,B2,4,10,4,noun,3.64,0,0,1,0,0
quarrel,B2,4,7,2,noun,3.31,0,0,1,0,0
quarrelsome,B2,4,11,4,adjective,2.22,1,0,0,0,0
quarter,A1,1,7,2,noun,4.72,0,0,1,0,0
queen,A2,2,5,1,noun,4.86,0,0,1,0,0
queer,B2,4,5,1,noun,3.76,0,0,1,0,0
query,B2,4,5,2,noun,3.64,0,0,1,0,0
question,A1,1,8,2,noun,5.35,0,0,1,0,0
question,B2,4,8,2,noun,5.35,0,0,1,0,0
question mark,B1,3,13,3,unknown,4.87,0,0,0,1,0
questionnaire,B1,3,13,4,noun,3.44,0,0,1,0,0
queue,B1,3,5,1,noun,3.78,0,0,1,0,0
queue,B2,4,5,1,noun,3.78,0,0,1,0,0
quick,A2,2,5,1,noun,4.98,0,0,1,0,0
quickly,A1,1,7,2,adverb,5.0,0,1,0,0,0
quiet,A1,1,5,1,noun,4.65,0,0,1,0,0
quiet,B2,4,5,1,noun,4.65,0,0,1,0,0
quietly,A2,2,7,2,adverb,4.15,0,1,0,0,0
quit,B2,4,4,1,verb,4.54,0,0,0,0,1
quit,A2,2,4,1,verb,4.54,0,0,0,0,1
quite,A2,2,5,2,adverb,5.29,0,1,0,0,0
quiz,A2,2,4,1,noun,3.82,0,0,1,0,0
quotable,B2,4,8,3,adjective,2.47,1,0,0,0,0
quotation,B2,4,9,3,noun,3.51,0,0,1,0,0
quote,B2,4,5,2,noun,4.51,0,0,1,0,0
rabbit,A1,1,6,2,noun,4.05,0,0,1,0,0
race,B1,3,4,1,noun,5.08,0,0,1,0,0
racial,B1,3,6,2,adjective,4.3,1,0,0,0,0
racism,B2,4,6,2,noun,4.25,0,0,1,0,0
racist,B2,4,6,2,noun,4.42,0,0,1,0,0
rack,B2,4,4,1,noun,3.9,0,0,1,0,0
racket,A2,2,6,2,noun,3.33,0,0,1,0,0
radar,B2,4,5,2,noun,4.2,0,0,1,0,0
radiate,B2,4,7,3,verb,2.96,0,0,0,0,1
radiation,B1,3,9,3,noun,4.27,0,0,1,0,0
radical,B2,4,7,3,noun,4.33,0,0,1,0,0
radically,B2,4,9,4,adverb,3.54,0,1,0,0,0
radio,A1,1,5,2,noun,5.01,0,0,1,0,0
radium,B2,4,6,2,noun,2.8,0,0,1,0,0
rafter,B2,4,6,2,noun,2.56,0,0,1,0,0
rag,B2,4,3,1,noun,3.55,0,0,1,0,0
rage,B1,3,4,1,noun,4.11,0,0,1,0,0
rail,B1,3,4,1,noun,4.41,0,0,1,0,0
railroad,B1,3,8,2,noun,4.32,0,0,1,0,0
railway,B1,3,7,2,noun,4.46,0,0,1,0,0
rain,A1,1,4,1,noun,4.71,0,0,1,0,0
rainbow,B2,4,7,2,noun,4.07,0,0,1,0,0
raincoat,A2,2,8,2,noun,2.68,0,0,1,0,0
rainfall,B1,3,8,2,noun,3.82,0,0,1,0,0
rainforest,B1,3,10,3,noun,3.39,0,0,1,0,0
rainstorm,B2,4,9,2,noun,2.62,0,0,1,0,0
rainy,A1,1,5,2,adjective,3.74,1,0,0,0,0
raise,A2,2,5,2,noun,4.75,0,0,1,0,0
rally,B2,4,5,2,noun,4.34,0,0,1,0,0
ram,B2,4,3,1,noun,4.19,0,0,1,0,0
ramp,B2,4,4,1,noun,3.83,0,0,1,0,0
range,A2,2,5,2,noun,5.12,0,0,1,0,0
range,B2,4,5,2,noun,5.12,0,0,1,0,0
ranger,B2,4,6,2,noun,3.88,0,0,1,0,0
rank,B1,3,4,1,noun,4.44,0,0,1,0,0
rap,A2,2,3,1,noun,4.12,0,0,1,0,0
rap,B1,3,3,1,noun,4.12,0,0,1,0,0
rape,B2,4,4,1,noun,4.48,0,0,1,0,0
rapid,B1,3,5,2,noun,4.38,0,0,1,0,0
rapidly,B1,3,7,3,adverb,4.34,0,1,0,0,0
rare,B1,3,4,1,adjective,4.77,1,0,0,0,0
rarely,B1,3,6,3,adverb,4.42,0,1,0,0,0
rash,B2,4,4,1,noun,3.67,0,0,1,0,0
raspberry,B1,3,9,3,noun,3.5,0,0,1,0,0
rat,A1,1,3,1,noun,4.17,0,0,1,0,0
rate,A2,2,4,1,noun,5.14,0,0,1,0,0
rate,B2,4,4,1,noun,5.14,0,0,1,0,0
rather,A2,2,6,2,adverb,5.32,0,1,0,0,0
rating,A2,2,6,2,noun,4.45,0,0,1,0,0
ration,B1,3,6,2,noun,3.17,0,0,1,0,0
rational,B1,3,8,3,noun,4.06,0,0,1,0,0
rattle,B2,4,6,2,noun,3.35,0,0,1,0,0
ravage,B2,4,6,3,noun,2.58,0,0,1,0,0
raw,A2,2,3,1,noun,4.53,0,0,1,0,0
ray,A2,2,3,1,noun,4.69,0,0,1,0,0
razor,B1,3,5,2,noun,3.72,0,0,1,0,0
're,A1,1,3,1,unknown,5.23,0,0,0,1,0
reach,B1,3,5,1,noun,4.94,0,0,1,0,0
reach,A2,2,5,1,noun,4.94,0,0,1,0,0
react,B1,3,5,1,verb,4.16,0,0,0,0,1
reaction,B2,4,8,2,noun,4.73,0,0,1,0,0
read,A1,1,4,1,noun,5.54,0,0,1,0,0
reader,A1,1,6,2,noun,4.34,0,0,1,0,0
readily,B2,4,7,3,adverb,3.93,0,1,0,0,0
reading,A1,1,7,2,noun,5.14,0,0,1,0,0
ready,A1,1,5,2,noun,5.28,0,0,1,0,0
real,A1,1,4,1,noun,5.6,0,0,1,0,0
real estate,B2,4,11,4,unknown,4.75,0,0,0,1,0
realistic,B1,3,9,3,adjective,4.16,1,0,0,0,0
reality,B1,3,7,3,noun,4.89,0,0,1,0,0
realization/realisation,B2,4,23,8,unknown,3.09,0,0,0,1,0
realize/realise,A2,2,15,6,unknown,4.16,0,0,0,1,0
really,A1,1,6,2,adverb,5.97,0,1,0,0,0
rear,B2,4,4,1,noun,4.43,0,0,1,0,0
rearrange,B1,3,9,3,verb,3.01,0,0,0,0,1
reason,A1,1,6,2,noun,5.32,0,0,1,0,0
reasonable,B1,3,10,4,adjective,4.59,1,0,0,0,0
reasonably,B2,4,10,4,adverb,4.03,0,1,0,0,0
rebel,B2,4,5,2,noun,4.08,0,0,1,0,0
rebellious,B2,4,10,3,adjective,3.36,1,0,0,0,0
rebuild,B1,3,7,2,verb,3.9,0,0,0,0,1
recall,B1,3,6,2,noun,4.4,0,0,1,0,0
receipt,A2,2,7,2,noun,3.92,0,0,1,0,0
receive,A2,2,7,3,verb,4.85,0,0,0,0,1
recent,A2,2,6,2,noun,5.04,0,0,1,0,0
recently,A2,2,8,3,adverb,5.02,0,1,0,0,0
reception,B1,3,9,3,noun,4.23,0,0,1,0,0
receptionist,A2,2,12,4,noun,3.26,0,0,1,0,0
recession,B2,4,9,3,noun,3.85,0,0,1,0,0
recipe,B2,4,6,3,noun,4.23,0,0,1,0,0
recite,B1,3,6,3,verb,3.28,0,0,0,0,1
reckon,B2,4,6,2,verb,3.76,0,0,0,0,1
reclaim,B1,3,7,2,verb,3.44,0,0,0,0,1
recognition,B2,4,11,4,noun,4.47,0,0,1,0,0
recognize/recognise,B1,3,19,8,unknown,3.82,0,0,0,1,0
recollect,B2,4,9,3,verb,2.69,0,0,0,0,1
recollection,B2,4,12,4,noun,3.28,0,0,1,0,0
recommend,B1,3,9,3,verb,4.61,0,0,0,0,1
recommendable,B2,4,13,5,unknown,1.74,0,0,0,1,0
recommendation,B2,4,14,5,noun,4.09,0,0,1,0,0
reconsider,B2,4,10,4,verb,3.63,0,0,0,0,1
record,B1,3,6,2,noun,5.21,0,0,1,0,0
record,A2,2,6,2,noun,5.21,0,0,1,0,0
recording,B1,3,9,3,noun,4.51,0,0,1,0,0
recover,B1,3,7,3,verb,4.29,0,0,0,0,1
recovery,B1,3,8,4,noun,4.58,0,0,1,0,0
recreation,B2,4,10,3,noun,4.04,0,0,1,0,0
recruit,B2,4,7,2,noun,3.89,0,0,1,0,0
rectangular,B2,4,11,4,adjective,3.62,1,0,0,0,0
recycle,A2,2,7,3,verb,3.35,0,0,0,0,1
recycled,B1,3,8,3,verb,3.56,0,0,0,0,1
recycling,B1,3,9,3,noun,3.76,0,0,1,0,0
red,A1,1,3,1,noun,5.32,0,0,1,0,0
red,A2,2,3,1,noun,5.32,0,0,1,0,0
redo,B2,4,4,2,verb,3.19,0,0,0,0,1
reduce,B1,3,6,3,verb,4.73,0,0,0,0,1
reduction,B1,3,9,3,noun,4.39,0,0,1,0,0
redundant,B2,4,9,3,adjective,3.59,1,0,0,0,0
reed,B2,4,4,1,noun,4.07,0,0,1,0,0
reef,B1,3,4,1,noun,3.83,0,0,1,0,0
refer,A2,2,5,2,verb,4.45,0,0,0,0,1
referee,B1,3,7,3,noun,3.86,0,0,1,0,0
reference,B2,4,9,4,noun,4.74,0,0,1,0,0
referent,B2,4,8,3,noun,2.31,0,0,1,0,0
refinery,B2,4,8,4,noun,3.49,0,0,1,0,0
reflect,A2,2,7,2,verb,4.39,0,0,0,0,1
reflection,B1,3,10,3,noun,4.17,0,0,1,0,0
reflective,B2,4,10,4,adjective,3.58,1,0,0,0,0
reform,B2,4,6,2,noun,4.53,0,0,1,0,0
refrain,B2,4,7,2,noun,3.63,0,0,1,0,0
refresh,B2,4,7,2,verb,3.65,0,0,0,0,1
refreshments,B1,3,12,3,noun,3.01,0,0,1,0,0
refrigerator,A2,2,12,5,noun,3.61,0,0,1,0,0
refuge,B2,4,6,3,noun,3.91,0,0,1,0,0
refugee,B2,4,7,3,noun,3.98,0,0,1,0,0
refund,B1,3,6,2,noun,3.94,0,0,1,0,0
refusal,B1,3,7,3,noun,3.83,0,0,1,0,0
refuse,B1,3,6,3,noun,4.39,0,0,1,0,0
refute,B2,4,6,3,verb,3.14,0,0,0,0,1
regain,B1,3,6,2,verb,3.73,0,0,0,0,1
regard,B2,4,6,2,noun,4.36,0,0,1,0,0
regard,B1,3,6,2,noun,4.36,0,0,1,0,0
regarding,B1,3,9,3,verb,4.67,0,0,0,0,1
regardless,B2,4,10,3,adjective,4.48,1,0,0,0,0
reggae,B2,4,6,2,noun,3.47,0,0,1,0,0
regime,B2,4,6,3,noun,4.3,0,0,1,0,0
region,B1,3,6,2,noun,5.0,0,0,1,0,0
regional,B1,3,8,3,adjective,4.72,1,0,0,0,0
register,B1,3,8,3,noun,4.59,0,0,1,0,0
registration,B1,3,12,4,noun,4.32,0,0,1,0,0
regret,B2,4,6,2,noun,4.37,0,0,1,0,0
regret,A2,2,6,2,noun,4.37,0,0,1,0,0
regrettably,B2,4,11,4,adverb,2.88,0,1,0,0,0
regular,A2,2,7,3,noun,4.95,0,0,1,0,0
regularly,A2,2,9,4,adverb,4.52,0,1,0,0,0
regulate,B2,4,8,4,verb,3.87,0,0,0,0,1
regulation,B1,3,10,4,noun,4.38,0,0,1,0,0
rehearsal,B2,4,9,3,noun,3.68,0,0,1,0,0
reinforce,B2,4,9,3,verb,3.68,0,0,0,0,1
reinforcement,B2,4,13,4,noun,3.43,0,0,1,0,0
reject,B1,3,6,2,noun,4.03,0,0,1,0,0
rejection,B2,4,9,3,noun,3.9,0,0,1,0,0
rejoin,B2,4,6,2,verb,3.19,0,0,0,0,1
relate,B1,3,6,3,verb,4.24,0,0,0,0,1
related,B2,4,7,3,verb,5.1,0,0,0,0,1
relation,B1,3,8,3,noun,4.31,0,0,1,0,0
relationship,B1,3,12,4,noun,5.15,0,0,1,0,0
relative,B1,3,8,4,noun,4.48,0,0,1,0,0
relatively,B1,3,10,5,adverb,4.66,0,1,0,0,0
relativity,B2,4,10,5,noun,3.34,0,0,1,0,0
relax,A2,2,5,2,verb,4.29,0,0,0,0,1
relaxation,B2,4,10,4,noun,3.71,0,0,1,0,0
relaxed,A2,2,7,3,verb,4.01,0,0,0,0,1
relaxing,B1,3,8,3,verb,3.9,0,0,0,0,1
relay,B2,4,5,2,noun,3.86,0,0,1,0,0
release,A2,2,7,3,noun,5.09,0,0,1,0,0
release,B1,3,7,3,noun,5.09,0,0,1,0,0
relevant,B2,4,8,3,adjective,4.61,1,0,0,0,0
reliable,B1,3,8,3,adjective,4.29,1,0,0,0,0
relic,B2,4,5,2,noun,3.37,0,0,1,0,0
relief,B2,4,6,2,noun,4.55,0,0,1,0,0
relieve,B2,4,7,3,verb,3.77,0,0,0,0,1
relieved,B2,4,8,3,verb,3.95,0,0,0,0,1
religion,B1,3,8,3,noun,4.74,0,0,1,0,0
religious,B1,3,9,3,noun,4.85,0,0,1,0,0
reluctant,B2,4,9,3,adjective,3.81,1,0,0,0,0
rely,B1,3,4,1,verb,4.29,0,0,0,0,1
remain,A2,2,6,2,verb,4.83,0,0,0,0,1
remainder,B1,3,9,3,noun,4.03,0,0,1,0,0
remaining,B2,4,9,3,verb,4.63,0,0,0,0,1
remains,B2,4,7,2,noun,4.8,0,0,1,0,0
remark,B2,4,6,2,noun,3.66,0,0,1,0,0
remark,B1,3,6,2,noun,3.66,0,0,1,0,0
remarkable,B1,3,10,4,adjective,4.29,1,0,0,0,0
remarkably,B2,4,10,4,adverb,3.77,0,1,0,0,0
remedy,B1,3,6,3,noun,3.82,0,0,1,0,0
remember,A1,1,8,3,verb,5.38,0,0,0,0,1
remembrance,B1,3,11,4,noun,3.61,0,0,1,0,0
remind,A2,2,6,2,verb,4.37,0,0,0,0,1
reminder,B2,4,8,3,noun,4.12,0,0,1,0,0
remote,A2,2,6,3,noun,4.41,0,0,1,0,0
remote control,B1,3,14,5,unknown,4.37,0,0,0,1,0
remove,B1,3,6,3,noun,4.71,0,0,1,0,0
renew,B1,3,5,2,verb,3.73,0,0,0,0,1
rent,A2,2,4,1,noun,4.58,0,0,1,0,0
rental,B2,4,6,2,noun,4.1,0,0,1,0,0
reorganize/reorganise,B2,4,21,8,unknown,2.12,0,0,0,1,0
repaint,B2,4,7,2,verb,2.61,0,0,0,0,1
repair,A2,2,6,2,noun,4.41,0,0,1,0,0
repay,B1,3,5,2,verb,3.66,0,0,0,0,1
repeat,A1,1,6,2,noun,4.49,0,0,1,0,0
repeatedly,B1,3,10,4,adverb,4.21,0,1,0,0,0
repertoire,B2,4,10,4,noun,3.43,0,0,1,0,0
repetition,B2,4,10,4,noun,3.48,0,0,1,0,0
replace,A2,2,7,3,verb,4.58,0,0,0,0,1
replacement,B2,4,11,4,noun,4.44,0,0,1,0,0
replica,B2,4,7,3,noun,3.67,0,0,1,0,0
reply,A2,2,5,2,noun,4.5,0,0,1,0,0
reply,B1,3,5,2,noun,4.5,0,0,1,0,0
report,A2,2,6,2,noun,5.32,0,0,1,0,0
report,B1,3,6,2,noun,5.32,0,0,1,0,0
reporter,A1,1,8,3,noun,4.35,0,0,1,0,0
represent,A2,2,9,3,verb,4.58,0,0,0,0,1
representative,B1,3,14,6,noun,4.57,0,0,1,0,0
repress,B2,4,7,2,verb,2.82,0,0,0,0,1
repression,B2,4,10,3,noun,3.51,0,0,1,0,0
reprint,B2,4,7,2,noun,3.39,0,0,1,0,0
reproduce,B1,3,9,4,verb,3.63,0,0,0,0,1
reprove,B2,4,7,3,verb,1.79,0,0,0,0,1
republic,B1,3,8,3,noun,4.6,0,0,1,0,0
reputation,B1,3,10,4,noun,4.47,0,0,1,0,0
request,A2,2,7,2,noun,4.76,0,0,1,0,0
request,B1,3,7,2,noun,4.76,0,0,1,0,0
require,B1,3,7,3,verb,4.78,0,0,0,0,1
requirement,B1,3,11,4,noun,4.26,0,0,1,0,0
rescue,B1,3,6,2,noun,4.48,0,0,1,0,0
research,A2,2,8,2,noun,5.39,0,0,1,0,0
research,B2,4,8,2,noun,5.39,0,0,1,0,0
researcher,B1,3,10,3,noun,3.92,0,0,1,0,0
resemble,B1,3,8,3,verb,3.73,0,0,0,0,1
reservation,B1,3,11,4,noun,3.95,0,0,1,0,0
reserve,B1,3,7,3,noun,4.6,0,0,1,0,0
residence,B2,4,9,4,noun,4.36,0,0,1,0,0
resident,B1,3,8,3,noun,4.38,0,0,1,0,0
resident,B2,4,8,3,noun,4.38,0,0,1,0,0
residential,B1,3,11,4,adjective,4.33,1,0,0,0,0
resign,B2,4,6,2,verb,3.97,0,0,0,0,1
resignation,B2,4,11,4,noun,4.02,0,0,1,0,0
resist,B1,3,6,2,verb,4.2,0,0,0,0,1
resistance,B2,4,10,4,noun,4.55,0,0,1,0,0
resolution,B2,4,10,4,noun,4.59,0,0,1,0,0
resolve,B1,3,7,3,noun,4.17,0,0,1,0,0
resonant,B2,4,8,3,adjective,3.13,1,0,0,0,0
resort,B1,3,6,2,noun,4.37,0,0,1,0,0
resource,B1,3,8,3,noun,4.39,0,0,1,0,0
respect,B1,3,7,2,noun,5.03,0,0,1,0,0
respectable,B1,3,11,4,adjective,3.71,1,0,0,0,0
respectably,B2,4,11,4,adverb,2.12,0,1,0,0,0
respected,B2,4,9,3,verb,4.11,0,0,0,0,1
respiration,B2,4,11,4,noun,3.05,0,0,1,0,0
respiratory,B2,4,11,5,adjective,3.81,1,0,0,0,0
respond,B1,3,7,2,verb,4.53,0,0,0,0,1
response,A2,2,8,3,noun,5.03,0,0,1,0,0
responsibility,B1,3,14,6,noun,4.75,0,0,1,0,0
responsible,B1,3,11,4,adjective,4.88,1,0,0,0,0
rest,B1,3,4,1,noun,5.23,0,0,1,0,0
restaurant,A1,1,10,3,noun,4.68,0,0,1,0,0
restore,B1,3,7,3,verb,4.18,0,0,0,0,1
restrict,B1,3,8,2,verb,3.8,0,0,0,0,1
restriction,B2,4,11,3,noun,3.76,0,0,1,0,0
result,A1,1,6,2,noun,5.18,0,0,1,0,0
result,B1,3,6,2,noun,5.18,0,0,1,0,0
resume,B2,4,6,3,noun,4.12,0,0,1,0,0
retail,B1,3,6,2,noun,4.55,0,0,1,0,0
retailer,B2,4,8,3,noun,3.75,0,0,1,0,0
retain,B1,3,6,2,verb,4.16,0,0,0,0,1
retard,B2,4,6,2,noun,3.37,0,0,1,0,0
retell,B1,3,6,2,verb,2.24,0,0,0,0,1
retina,B2,4,6,3,noun,3.4,0,0,1,0,0
retire,A2,2,6,3,verb,4.05,0,0,0,0,1
retired,A2,2,7,3,verb,4.44,0,0,0,0,1
retirement,B2,4,10,4,noun,4.53,0,0,1,0,0
retreat,B2,4,7,2,noun,4.13,0,0,1,0,0
retrieve,B2,4,8,3,verb,3.69,0,0,0,0,1
retrospect,B1,3,10,3,noun,3.29,0,0,1,0,0
return,A2,2,6,2,noun,5.19,0,0,1,0,0
reunification,B1,3,13,5,noun,3.09,0,0,1,0,0
reunify,B1,3,7,3,verb,1.93,0,0,0,0,1
reunion,A2,2,7,2,noun,3.93,0,0,1,0,0
reveal,A2,2,6,2,verb,4.43,0,0,0,0,1
revelation,B2,4,10,4,noun,3.96,0,0,1,0,0
revenge,B2,4,7,3,noun,4.28,0,0,1,0,0
revenue,B2,4,7,3,noun,4.64,0,0,1,0,0
reverence,B2,4,9,4,noun,3.22,0,0,1,0,0
reverse,B2,4,7,3,noun,4.37,0,0,1,0,0
review,A1,1,6,2,noun,5.12,0,0,1,0,0
review,B2,4,6,2,noun,5.12,0,0,1,0,0
revise,B1,3,6,3,noun,3.48,0,0,1,0,0
revision,B1,3,8,3,noun,3.82,0,0,1,0,0
revival,B2,4,7,3,noun,3.93,0,0,1,0,0
revive,B2,4,6,3,verb,3.68,0,0,0,0,1
revolution,B2,4,10,4,noun,4.56,0,0,1,0,0
revolutionary,B2,4,13,6,noun,4.17,0,0,1,0,0
revolutionize/revolutionise,B2,4,27,12,unknown,2.24,0,0,0,1,0
revolve,B2,4,7,3,verb,3.24,0,0,0,0,1
reward,B1,3,6,2,noun,4.33,0,0,1,0,0
reward,B2,4,6,2,noun,4.33,0,0,1,0,0
rewrite,B1,3,7,3,noun,3.47,0,0,1,0,0
rhinoceros,B2,4,10,4,noun,2.85,0,0,1,0,0
rhyme,B2,4,5,2,noun,3.56,0,0,1,0,0
rhythm,A2,2,6,1,noun,4.05,0,0,1,0,0
rhythmic,B2,4,8,2,adjective,3.39,1,0,0,0,0
rib,B2,4,3,1,noun,3.59,0,0,1,0,0
ribbon,A1,1,6,2,noun,3.81,0,0,1,0,0
rice,A1,1,4,1,noun,4.55,0,0,1,0,0
rich,A1,1,4,1,noun,4.91,0,0,1,0,0
rid,B1,3,3,1,verb,4.5,0,0,0,0,1
riddle,B2,4,6,2,noun,3.44,0,0,1,0,0
riddle,B1,3,6,2,noun,3.44,0,0,1,0,0
ride,A1,1,4,1,noun,4.85,0,0,1,0,0
rider,B2,4,5,2,noun,4.02,0,0,1,0,0
ridge,B2,4,5,2,noun,4.12,0,0,1,0,0
ridiculous,B1,3,10,4,adjective,4.46,1,0,0,0,0
right,A1,1,5,1,noun,5.96,0,0,1,0,0
right,A2,2,5,1,noun,5.96,0,0,1,0,0
righteousness,B2,4,13,3,noun,3.48,0,0,1,0,0
right-hand,A2,2,10,2,adjective,5.3,1,0,0,0,0
rightly,B2,4,7,2,adverb,3.73,0,1,0,0,0
rim,B2,4,3,1,noun,3.85,0,0,1,0,0
ring,A2,2,4,1,noun,4.81,0,0,1,0,0
ring,A1,1,4,1,noun,4.81,0,0,1,0,0
rip,B2,4,3,1,noun,4.26,0,0,1,0,0
ripe,B1,3,4,1,adjective,3.67,1,0,0,0,0
rise,B1,3,4,1,noun,4.81,0,0,1,0,0
risk,B1,3,4,1,noun,5.05,0,0,1,0,0
risk,B2,4,4,1,noun,5.05,0,0,1,0,0
risky,B2,4,5,2,adjective,3.94,1,0,0,0,0
rite,B2,4,4,1,noun,3.63,0,0,1,0,0
ritual,B2,4,6,2,noun,4.02,0,0,1,0,0
rival,B2,4,5,2,noun,4.18,0,0,1,0,0
river,A1,1,5,2,noun,5.03,0,0,1,0,0
road,A2,2,4,1,noun,5.24,0,0,1,0,0
roadside,B1,3,8,3,noun,3.45,0,0,1,0,0
roam,B2,4,4,1,verb,3.46,0,0,0,0,1
roar,B2,4,4,1,noun,3.7,0,0,1,0,0
roast,B2,4,5,1,noun,3.87,0,0,1,0,0
roast,A2,2,5,1,noun,3.87,0,0,1,0,0
rob,A2,2,3,1,verb,4.35,0,0,0,0,1
robbery,A2,2,7,3,noun,3.97,0,0,1,0,0
robin,A2,2,5,2,noun,4.33,0,0,1,0,0
robot,B1,3,5,2,noun,4.24,0,0,1,0,0
rock,A2,2,4,1,noun,5.03,0,0,1,0,0
rock,B2,4,4,1,noun,5.03,0,0,1,0,0
rocket,B2,4,6,2,noun,4.31,0,0,1,0,0
rocky,B2,4,5,2,adjective,4.16,1,0,0,0,0
role,A1,1,4,1,noun,5.16,0,0,1,0,0
roll,A2,2,4,1,noun,4.75,0,0,1,0,0
roll,B2,4,4,1,noun,4.75,0,0,1,0,0
rolling,B1,3,7,2,noun,4.47,0,0,1,0,0
romance,A2,2,7,3,noun,4.32,0,0,1,0,0
romantic,A2,2,8,3,noun,4.43,0,0,1,0,0
roof,A2,2,4,1,noun,4.55,0,0,1,0,0
room,A1,1,4,1,noun,5.39,0,0,1,0,0
room,B1,3,4,1,noun,5.39,0,0,1,0,0
roommate,B2,4,8,3,noun,3.81,0,0,1,0,0
root,A2,2,4,1,noun,4.41,0,0,1,0,0
rope,A2,2,4,1,noun,4.06,0,0,1,0,0
rose,A1,1,4,1,noun,4.82,0,0,1,0,0
rosy,B2,4,4,2,adjective,3.28,1,0,0,0,0
rotten,B1,3,6,2,adjective,3.81,1,0,0,0,0
rough,B1,3,5,1,noun,4.49,0,0,1,0,0
roughly,A2,2,7,2,adverb,4.36,0,1,0,0,0
round,B1,3,5,1,noun,5.14,0,0,1,0,0
round,A2,2,5,1,noun,5.14,0,0,1,0,0
round,B2,4,5,1,noun,5.14,0,0,1,0,0
roundabout,A2,2,10,3,noun,3.33,0,0,1,0,0
route,B2,4,5,2,noun,4.67,0,0,1,0,0
routine,B1,3,7,3,noun,4.37,0,0,1,0,0
row,A1,1,3,1,noun,4.6,0,0,1,0,0
row,B2,4,3,1,noun,4.6,0,0,1,0,0
royal,A2,2,5,1,noun,4.85,0,0,1,0,0
royalty,B2,4,7,2,noun,3.8,0,0,1,0,0
rub,B2,4,3,1,noun,3.97,0,0,1,0,0
rubber,B1,3,6,2,noun,4.23,0,0,1,0,0
rubbish,B1,3,7,2,noun,3.87,0,0,1,0,0
rubble,B2,4,6,2,noun,3.44,0,0,1,0,0
rude,A1,1,4,1,adjective,4.25,1,0,0,0,0
rudely,B1,3,6,3,adverb,2.89,0,1,0,0,0
rug,B2,4,3,1,noun,3.72,0,0,1,0,0
rugby,A2,2,5,2,noun,4.4,0,0,1,0,0
ruin,B1,3,4,1,noun,4.31,0,0,1,0,0
ruin,A2,2,4,1,noun,4.31,0,0,1,0,0
ruinous,B2,4,7,2,adjective,2.69,1,0,0,0,0
rule,A1,1,4,1,noun,4.94,0,0,1,0,0
rule,B2,4,4,1,noun,4.94,0,0,1,0,0
ruler,A1,1,5,2,noun,3.84,0,0,1,0,0
rumor/rumour,A2,2,12,4,unknown,3.22,0,0,0,1,0
run,A1,1,3,1,noun,5.49,0,0,1,0,0
runaway,B1,3,7,3,noun,3.54,0,0,1,0,0
runner,A2,2,6,2,noun,4.18,0,0,1,0,0
running,A2,2,7,2,noun,5.23,0,0,1,0,0
runway,B1,3,6,2,noun,3.92,0,0,1,0,0
rural,B2,4,5,2,adjective,4.59,1,0,0,0,0
rush,A2,2,4,1,noun,4.48,0,0,1,0,0
rush,B1,3,4,1,noun,4.48,0,0,1,0,0
rush hour,B2,4,9,2,unknown,4.4,0,0,0,1,0
rusty,B2,4,5,2,adjective,3.61,1,0,0,0,0
's,A1,1,2,1,unknown,5.86,0,0,0,1,0
sack,B2,4,4,1,noun,3.91,0,0,1,0,0
sacred,B1,3,6,2,adjective,4.24,1,0,0,0,0
sad,A1,1,3,1,adjective,4.84,1,0,0,0,0
sadly,A2,2,5,2,adverb,4.18,0,1,0,0,0
sadness,B1,3,7,2,noun,3.88,0,0,1,0,0
safari,B1,3,6,3,noun,3.63,0,0,1,0,0
safe,A2,2,4,2,noun,5.07,0,0,1,0,0
safeguard,B1,3,9,3,noun,3.55,0,0,1,0,0
safeguard,B2,4,9,3,noun,3.55,0,0,1,0,0
safely,B1,3,6,3,adverb,4.22,0,1,0,0,0
safety,B1,3,6,3,noun,4.97,0,0,1,0,0
sag,B2,4,3,1,noun,3.25,0,0,1,0,0
sage,B2,4,4,1,noun,3.83,0,0,1,0,0
sail,B2,4,4,1,noun,4.01,0,0,1,0,0
sailing,A2,2,7,2,noun,3.99,0,0,1,0,0
sailor,A1,1,6,2,noun,3.78,0,0,1,0,0
sake,A2,2,4,1,noun,4.4,0,0,1,0,0
salad,A1,1,5,2,noun,4.15,0,0,1,0,0
salary,B2,4,6,3,noun,4.36,0,0,1,0,0
sale,A1,1,4,1,noun,4.99,0,0,1,0,0
salesman,B1,3,8,3,noun,3.64,0,0,1,0,0
salesmanship,B2,4,12,4,noun,2.19,0,0,1,0,0
salesperson,B2,4,11,4,noun,2.84,0,0,1,0,0
saleswoman,B2,4,10,4,noun,2.28,0,0,1,0,0
salmon,B1,3,6,2,noun,4.01,0,0,1,0,0
salon,B2,4,5,2,noun,3.87,0,0,1,0,0
salsa,B2,4,5,2,noun,3.53,0,0,1,0,0
salt,A2,2,4,1,noun,4.6,0,0,1,0,0
salty,B2,4,5,2,adjective,3.74,1,0,0,0,0
same,A1,1,4,1,noun,5.8,0,0,1,0,0
sample,A2,2,6,2,noun,4.53,0,0,1,0,0
sand,B1,3,4,1,noun,4.44,0,0,1,0,0
sandal,B1,3,6,2,noun,2.91,0,0,1,0,0
sandstone,B2,4,9,3,noun,3.57,0,0,1,0,0
sandwich,A1,1,8,2,noun,4.13,0,0,1,0,0
sandy,A2,2,5,2,adjective,4.19,1,0,0,0,0
sanitary,B2,4,8,4,adjective,3.37,1,0,0,0,0
sanitation,B2,4,10,4,noun,3.57,0,0,1,0,0
satellite,B1,3,9,4,noun,4.33,0,0,1,0,0
satisfaction,B1,3,12,4,noun,4.16,0,0,1,0,0
satisfactory,B2,4,12,5,adjective,3.57,1,0,0,0,0
satisfied,B1,3,9,3,verb,4.28,0,0,0,0,1
satisfy,A2,2,7,3,verb,3.98,0,0,0,0,1
Saturday,A1,1,8,3,noun,4.87,0,0,1,0,0
sauce,A2,2,5,2,noun,4.3,0,0,1,0,0
saucepan,B1,3,8,3,noun,3.01,0,0,1,0,0
saucer,B1,3,6,2,noun,3.06,0,0,1,0,0
sausage,A2,2,7,3,noun,3.8,0,0,1,0,0
save,A1,1,4,1,noun,5.14,0,0,1,0,0
saving/savings,B2,4,14,4,unknown,4.21,0,0,0,1,0
saw,A1,1,3,1,noun,5.34,0,0,1,0,0
saw,B2,4,3,1,noun,5.34,0,0,1,0,0
say,B2,4,3,1,noun,5.89,0,0,1,0,0
say,A1,1,3,1,noun,5.89,0,0,1,0,0
scale,A2,2,5,2,noun,4.83,0,0,1,0,0
scan,B1,3,4,1,noun,4.07,0,0,1,0,0
scan,B2,4,4,1,noun,4.07,0,0,1,0,0
scandal,B2,4,7,2,noun,4.17,0,0,1,0,0
scar,B2,4,4,1,noun,3.77,0,0,1,0,0
scarcely,B2,4,8,3,adverb,3.33,0,1,0,0,0
scare,B1,3,5,2,noun,4.07,0,0,1,0,0
scared,B1,3,6,2,verb,4.6,0,0,0,0,1
scarf,A2,2,5,1,noun,3.68,0,0,1,0,0
scarlet,B2,4,7,2,noun,3.64,0,0,1,0,0
scary,B1,3,5,2,adjective,4.37,1,0,0,0,0
scatter,B1,3,7,2,noun,3.39,0,0,1,0,0
scene,A2,2,5,2,noun,4.97,0,0,1,0,0
scenery,A2,2,7,3,noun,3.68,0,0,1,0,0
scenic,B1,3,6,2,adjective,3.67,1,0,0,0,0
scent,B2,4,5,1,noun,3.82,0,0,1,0,0
schedule,A2,2,8,3,noun,4.67,0,0,1,0,0
schedule,B2,4,8,3,noun,4.67,0,0,1,0,0
scheduled,B2,4,9,3,verb,4.45,0,0,0,0,1
scheme,B2,4,6,2,noun,4.57,0,0,1,0,0
scholar,B1,3,7,2,noun,3.96,0,0,1,0,0
scholarship,B1,3,11,3,noun,4.15,0,0,1,0,0
scholasticism,B2,4,13,4,noun,2.01,0,0,1,0,0
school,A1,1,6,1,noun,5.71,0,0,1,0,0
schoolchild,A2,2,11,2,noun,1.69,0,0,1,0,0
schoolgirl,B2,4,10,2,noun,3.1,0,0,1,0,0
schoolmate,B1,3,10,3,noun,2.32,0,0,1,0,0
schoolteacher,B1,3,13,3,noun,2.98,0,0,1,0,0
schoolwork,A2,2,10,2,noun,2.75,0,0,1,0,0
science,A1,1,7,2,noun,5.12,0,0,1,0,0
science fiction,B1,3,15,4,unknown,4.36,0,0,0,1,0
scientific,A2,2,10,3,adjective,4.67,1,0,0,0,0
scientifically,B2,4,14,5,adverb,3.45,0,1,0,0,0
scientist,A1,1,9,2,noun,4.21,0,0,1,0,0
scissors,A2,2,8,2,noun,3.58,0,0,1,0,0
scold,B1,3,5,1,noun,2.81,0,0,1,0,0
scooter,B2,4,7,2,noun,3.57,0,0,1,0,0
scope,B1,3,5,2,noun,4.26,0,0,1,0,0
score,B1,3,5,2,noun,4.83,0,0,1,0,0
scramble,B2,4,8,2,noun,3.39,0,0,1,0,0
scratch,B1,3,7,1,noun,4.16,0,0,1,0,0
scratch,B2,4,7,1,noun,4.16,0,0,1,0,0
scream,A2,2,6,1,noun,4.14,0,0,1,0,0
scream,B1,3,6,1,noun,4.14,0,0,1,0,0
screen,A2,2,6,1,noun,4.85,0,0,1,0,0
screen,B2,4,6,1,noun,4.85,0,0,1,0,0
screw,A2,2,5,1,noun,4.25,0,0,1,0,0
screw,B2,4,5,1,noun,4.25,0,0,1,0,0
scribble,B2,4,8,2,noun,2.73,0,0,1,0,0
script,A2,2,6,1,noun,4.36,0,0,1,0,0
scrooge,B2,4,7,2,noun,2.96,0,0,1,0,0
scuba,B2,4,5,2,noun,3.31,0,0,1,0,0
sculpture,B1,3,9,3,noun,3.92,0,0,1,0,0
scythe,B2,4,6,2,noun,2.78,0,0,1,0,0
sea,A1,1,3,1,noun,5.06,0,0,1,0,0
seafood,A2,2,7,2,noun,3.65,0,0,1,0,0
seal,B2,4,4,1,noun,4.3,0,0,1,0,0
search,A2,2,6,1,noun,4.96,0,0,1,0,0
search,B1,3,6,1,noun,4.96,0,0,1,0,0
seaside,A2,2,7,3,noun,3.58,0,0,1,0,0
season,B1,3,6,2,noun,5.48,0,0,1,0,0
seasonal,B2,4,8,3,noun,3.98,0,0,1,0,0
seat,A1,1,4,1,noun,4.82,0,0,1,0,0
seawater,B1,3,8,3,noun,3.12,0,0,1,0,0
seaweed,B1,3,7,2,noun,3.22,0,0,1,0,0
second,A1,1,6,2,noun,5.63,0,0,1,0,0
second,B1,3,6,2,noun,5.63,0,0,1,0,0
second,A2,2,6,2,noun,5.63,0,0,1,0,0
second person,B2,4,13,4,unknown,5.29,0,0,0,1,0
secondary,B2,4,9,4,noun,4.53,0,0,1,0,0
secondary school,B1,3,16,5,unknown,4.5,0,0,0,1,0
second-hand,B1,3,11,3,unknown,5.2,0,0,0,1,0
secondly,B2,4,8,3,adverb,3.85,0,1,0,0,0
secret,B1,3,6,2,noun,4.92,0,0,1,0,0
secret,A2,2,6,2,noun,4.92,0,0,1,0,0
secretary,A2,2,9,4,noun,4.95,0,0,1,0,0
secretly,B1,3,8,3,adverb,4.01,0,1,0,0,0
section,A1,1,7,2,noun,5.0,0,0,1,0,0
sector,B2,4,6,2,noun,4.66,0,0,1,0,0
secure,B1,3,6,3,verb,4.64,0,0,0,0,1
security,B1,3,8,4,noun,5.2,0,0,1,0,0
see,A1,1,3,1,noun,6.1,0,0,1,0,0
seed,A2,2,4,1,noun,4.37,0,0,1,0,0
seek,A2,2,4,1,noun,4.61,0,0,1,0,0
seem,A2,2,4,1,verb,5.08,0,0,0,0,1
seesaw,B2,4,6,2,noun,2.47,0,0,1,0,0
segment,B2,4,7,2,noun,4.26,0,0,1,0,0
seize,B1,3,5,2,verb,3.8,0,0,0,0,1
seldom,B2,4,6,2,adverb,3.63,0,1,0,0,0
select,B1,3,6,2,verb,4.45,0,0,0,0,1
select,B2,4,6,2,verb,4.45,0,0,0,0,1
selection,B1,3,9,3,noun,4.62,0,0,1,0,0
self,A1,1,4,1,noun,5.25,0,0,1,0,0
self-confidence,B2,4,15,5,noun,4.55,0,0,1,0,0
self-confident,B2,4,14,4,adjective,4.37,1,0,0,0,0
selfish,B1,3,7,2,adjective,4.11,1,0,0,0,0
selfless,B2,4,8,2,adjective,3.3,1,0,0,0,0
self-service,B1,3,12,4,noun,5.05,0,0,1,0,0
sell,A1,1,4,1,noun,4.98,0,0,1,0,0
seller,B2,4,6,2,noun,4.01,0,0,1,0,0
semester,A2,2,8,3,noun,4.03,0,0,1,0,0
semicolon,B2,4,9,4,noun,2.48,0,0,1,0,0
semi-final,B2,4,10,4,unknown,4.44,0,0,0,1,0
seminar,B2,4,7,3,noun,3.77,0,0,1,0,0
senator,B2,4,7,3,noun,4.58,0,0,1,0,0
send,A2,2,4,1,verb,5.11,0,0,0,0,1
senior,A2,2,6,2,noun,4.92,0,0,1,0,0
sensation,B1,3,9,3,noun,3.9,0,0,1,0,0
sense,A2,2,5,2,noun,5.19,0,0,1,0,0
sense,B2,4,5,2,noun,5.19,0,0,1,0,0
sensible,B2,4,8,3,adjective,3.98,1,0,0,0,0
sensitive,B2,4,9,4,noun,4.46,0,0,1,0,0
sentence,A1,1,8,3,noun,4.58,0,0,1,0,0
sentence,B2,4,8,3,noun,4.58,0,0,1,0,0
separate,A2,2,8,4,noun,4.83,0,0,1,0,0
separate,B2,4,8,4,noun,4.83,0,0,1,0,0
separately,B2,4,10,5,adverb,4.08,0,1,0,0,0
separation,B1,3,10,4,noun,4.13,0,0,1,0,0
September,A1,1,9,3,noun,5.15,0,0,1,0,0
sequence,B1,3,8,3,noun,4.35,0,0,1,0,0
serene,B2,4,6,3,adjective,3.27,1,0,0,0,0
serial,B2,4,6,2,noun,4.23,0,0,1,0,0
series,B1,3,6,2,noun,5.35,0,0,1,0,0
serious,B1,3,7,2,adjective,5.1,1,0,0,0,0
seriously,A2,2,9,3,adverb,4.94,0,1,0,0,0
servant,B2,4,7,2,noun,4.09,0,0,1,0,0
serve,A2,2,5,2,noun,4.85,0,0,1,0,0
server,B1,3,6,2,noun,4.46,0,0,1,0,0
service,B1,3,7,3,noun,5.49,0,0,1,0,0
session,B1,3,7,2,noun,4.72,0,0,1,0,0
set,A2,2,3,1,noun,5.59,0,0,1,0,0
set,A1,1,3,1,noun,5.59,0,0,1,0,0
setback,B2,4,7,2,noun,3.37,0,0,1,0,0
setting,B1,3,7,2,noun,4.77,0,0,1,0,0
settle,B1,3,6,2,noun,4.37,0,0,1,0,0
settlement,B1,3,10,3,noun,4.49,0,0,1,0,0
settler,B1,3,7,2,noun,3.15,0,0,1,0,0
seven,A1,1,5,2,noun,5.08,0,0,1,0,0
seventeen,A1,1,9,3,noun,3.87,0,0,1,0,0
seventy,A1,1,7,3,noun,3.78,0,0,1,0,0
several,A2,2,7,3,adjective,5.39,1,0,0,0,0
severe,B1,3,6,3,adjective,4.56,1,0,0,0,0
severely,B1,3,8,4,adverb,4.1,0,1,0,0,0
sew,A2,2,3,1,verb,3.45,0,0,0,0,1
sex,B1,3,3,1,noun,5.22,0,0,1,0,0
sexism,B2,4,6,2,noun,3.52,0,0,1,0,0
sexual,B2,4,6,2,adjective,4.82,1,0,0,0,0
sexy,B2,4,4,2,adjective,4.42,1,0,0,0,0
shabby,B2,4,6,2,adjective,3.28,1,0,0,0,0
shade,A2,2,5,2,noun,4.16,0,0,1,0,0
shadow,A2,2,6,2,noun,4.44,0,0,1,0,0
shadow,B1,3,6,2,noun,4.44,0,0,1,0,0
shadowy,B1,3,7,3,adjective,3.24,1,0,0,0,0
shake,A1,1,5,2,noun,4.33,0,0,1,0,0
shake,B1,3,5,2,noun,4.33,0,0,1,0,0
shaken,B2,4,6,2,verb,3.6,0,0,0,0,1
Shakespearean,B2,4,13,4,noun,2.88,0,0,1,0,0
shaky,B2,4,5,2,adjective,3.45,1,0,0,0,0
shall,A2,2,5,1,unknown,5.03,0,0,0,1,0
shallow,B1,3,7,2,noun,4.04,0,0,1,0,0
shame,B1,3,5,2,noun,4.55,0,0,1,0,0
shameful,B1,3,8,3,adjective,3.57,1,0,0,0,0
shampoo,A2,2,7,2,noun,3.58,0,0,1,0,0
shape,A2,2,5,2,noun,4.72,0,0,1,0,0
shape,B1,3,5,2,noun,4.72,0,0,1,0,0
share,A2,2,5,2,noun,5.2,0,0,1,0,0
share,A1,1,5,2,noun,5.2,0,0,1,0,0
sharp,B1,3,5,1,noun,4.48,0,0,1,0,0
sharp,B2,4,5,1,noun,4.48,0,0,1,0,0
sharply,B2,4,7,2,adverb,3.89,0,1,0,0,0
shatter,B2,4,7,2,verb,3.22,0,0,0,0,1
shave,B1,3,5,2,noun,3.83,0,0,1,0,0
she,A1,1,3,1,unknown,6.26,0,0,0,1,0
shed,B2,4,4,1,noun,4.23,0,0,1,0,0
sheep,A1,1,5,1,noun,4.19,0,0,1,0,0
sheer,B1,3,5,1,verb,4.01,0,0,0,0,1
sheet,B1,3,5,1,noun,4.4,0,0,1,0,0
shelf,A1,1,5,1,noun,4.02,0,0,1,0,0
shell,A2,2,5,1,noun,4.39,0,0,1,0,0
shell,B2,4,5,1,noun,4.39,0,0,1,0,0
shelter,B1,3,7,2,noun,4.25,0,0,1,0,0
sheriff,B1,3,7,2,noun,4.16,0,0,1,0,0
shield,B2,4,6,1,noun,4.3,0,0,1,0,0
shift,B2,4,5,1,noun,4.57,0,0,1,0,0
shift,B1,3,5,1,noun,4.57,0,0,1,0,0
shine,A2,2,5,2,noun,4.17,0,0,1,0,0
shiny,B1,3,5,2,adjective,3.88,1,0,0,0,0
ship,A1,1,4,1,noun,4.93,0,0,1,0,0
ship,B1,3,4,1,noun,4.93,0,0,1,0,0
shipping,B2,4,8,2,noun,4.52,0,0,1,0,0
shipwreck,B2,4,9,2,noun,3.11,0,0,1,0,0
shirt,A1,1,5,1,noun,4.63,0,0,1,0,0
shiver,B1,3,6,2,noun,3.05,0,0,1,0,0
shock,A2,2,5,1,noun,4.46,0,0,1,0,0
shock,B2,4,5,1,noun,4.46,0,0,1,0,0
shocked,B1,3,7,2,verb,4.27,0,0,0,0,1
shocking,B1,3,8,2,verb,4.1,0,0,0,0,1
shoe,A1,1,4,1,noun,4.24,0,0,1,0,0
shoot,A2,2,5,1,noun,4.73,0,0,1,0,0
shooting,B2,4,8,2,noun,4.78,0,0,1,0,0
shop,A1,1,4,1,noun,4.88,0,0,1,0,0
shop,B1,3,4,1,noun,4.88,0,0,1,0,0
shop assistant,A2,2,14,4,unknown,4.49,0,0,0,1,0
shopkeeper,B2,4,10,3,noun,2.88,0,0,1,0,0
shoplift,B2,4,8,2,verb,2.09,0,0,0,0,1
shoplifter,B2,4,10,3,noun,2.33,0,0,1,0,0
shoplifting,B2,4,11,3,noun,2.98,0,0,1,0,0
shopper,B1,3,7,2,noun,3.19,0,0,1,0,0
shopping,A1,1,8,2,noun,4.68,0,0,1,0,0
shore,A2,2,5,2,noun,4.33,0,0,1,0,0
short,A1,1,5,1,noun,5.33,0,0,1,0,0
short/shorts,A2,2,12,2,unknown,4.05,0,0,0,1,0
shortage,B1,3,8,3,noun,3.91,0,0,1,0,0
shortly,B1,3,7,2,adverb,4.47,0,1,0,0,0
shortness,B2,4,9,2,noun,2.88,0,0,1,0,0
short-term,B2,4,10,2,adjective,4.98,1,0,0,0,0
shot,A2,2,4,1,noun,5.22,0,0,1,0,0
should,A1,1,6,1,unknown,5.99,0,0,0,1,0
shoulder,A1,1,8,2,noun,4.5,0,0,1,0,0
shout,A2,2,5,1,noun,4.06,0,0,1,0,0
shout,B1,3,5,1,noun,4.06,0,0,1,0,0
show,A2,2,4,1,noun,5.68,0,0,1,0,0
show,A1,1,4,1,noun,5.68,0,0,1,0,0
showbiz,B2,4,7,2,unknown,3.03,0,0,0,1,0
showcase,B2,4,8,3,noun,3.92,0,0,1,0,0
shower,A1,1,6,2,noun,4.5,0,0,1,0,0
shower,B2,4,6,2,noun,4.5,0,0,1,0,0
shrimp,B1,3,6,1,noun,3.79,0,0,1,0,0
shrink,B2,4,6,1,noun,3.73,0,0,1,0,0
shrug,B2,4,5,1,noun,3.3,0,0,1,0,0
shut,B1,3,4,1,verb,4.78,0,0,0,0,1
shut,A2,2,4,1,verb,4.78,0,0,0,0,1
shy,A1,1,3,1,noun,4.16,0,0,1,0,0
sick,A1,1,4,1,noun,4.88,0,0,1,0,0
sickness,B1,3,8,2,noun,3.83,0,0,1,0,0
side,A1,1,4,1,noun,5.5,0,0,1,0,0
sidewalk,B1,3,8,3,noun,3.68,0,0,1,0,0
sigh,B1,3,4,1,noun,3.95,0,0,1,0,0
sigh,B2,4,4,1,noun,3.95,0,0,1,0,0
sight,A1,1,5,1,noun,4.54,0,0,1,0,0
sightseeing,A2,2,11,2,noun,3.14,0,0,1,0,0
sign,A1,1,4,1,noun,5.08,0,0,1,0,0
sign,B1,3,4,1,noun,5.08,0,0,1,0,0
signal,B1,3,6,2,noun,4.62,0,0,1,0,0
signature,B1,3,9,4,noun,4.25,0,0,1,0,0
significance,B1,3,12,5,noun,4.18,0,0,1,0,0
significant,A2,2,11,4,adjective,4.98,1,0,0,0,0
significantly,B2,4,13,5,adverb,4.54,0,1,0,0,0
signify,B2,4,7,3,verb,3.22,0,0,0,0,1
signpost,B1,3,8,2,noun,2.46,0,0,1,0,0
silence,A2,2,7,3,noun,4.46,0,0,1,0,0
silent,B1,3,6,2,adjective,4.45,1,0,0,0,0
silently,A2,2,8,3,adverb,3.58,0,1,0,0,0
silk,B1,3,4,1,noun,4.11,0,0,1,0,0
silly,A2,2,5,2,noun,4.39,0,0,1,0,0
silver,A2,2,6,2,noun,4.81,0,0,1,0,0
silverware,B2,4,10,4,noun,3.08,0,0,1,0,0
similar,A2,2,7,3,adjective,5.21,1,0,0,0,0
similarity,B1,3,10,5,noun,3.58,0,0,1,0,0
similarly,B1,3,9,4,adverb,4.3,0,1,0,0,0
simple,A2,2,6,2,noun,5.08,0,0,1,0,0
simplification,B2,4,14,5,noun,2.98,0,0,1,0,0
simplify,B1,3,8,3,verb,3.46,0,0,0,0,1
simply,A2,2,6,2,adverb,5.08,0,1,0,0,0
simultaneous,B2,4,12,4,adjective,3.53,1,0,0,0,0
simultaneously,B1,3,14,5,adverb,4.17,0,1,0,0,0
since,B2,4,5,2,unknown,5.75,0,0,0,1,0
since,B1,3,5,2,unknown,5.75,0,0,0,1,0
since,A2,2,5,2,unknown,5.75,0,0,0,1,0
sincere,B2,4,7,3,adjective,3.84,1,0,0,0,0
sincerity,B2,4,9,4,noun,3.34,0,0,1,0,0
sing,A1,1,4,1,verb,4.54,0,0,0,0,1
singer,A1,1,6,2,noun,4.52,0,0,1,0,0
singing,A2,2,7,2,noun,4.59,0,0,1,0,0
single,A2,2,6,2,noun,5.41,0,0,1,0,0
single,B1,3,6,2,noun,5.41,0,0,1,0,0
singular,A2,2,8,3,noun,3.74,0,0,1,0,0
sink,A2,2,4,1,noun,4.21,0,0,1,0,0
sink,B1,3,4,1,noun,4.21,0,0,1,0,0
sir,A1,1,3,1,noun,5.06,0,0,1,0,0
sister,A1,1,6,2,noun,4.95,0,0,1,0,0
sister-in-law,B2,4,13,4,noun,4.83,0,0,1,0,0
sit,A1,1,3,1,verb,4.9,0,0,0,0,1
site,A1,1,4,1,noun,5.22,0,0,1,0,0
sitting room,A2,2,12,3,unknown,4.75,0,0,0,1,0
situation,A2,2,9,3,noun,5.09,0,0,1,0,0
six,A1,1,3,1,noun,5.29,0,0,1,0,0
sixteen,A1,1,7,2,noun,3.95,0,0,1,0,0
sixty,A1,1,5,2,noun,3.93,0,0,1,0,0
size,A1,1,4,1,noun,5.13,0,0,1,0,0
skate,A2,2,5,2,noun,3.74,0,0,1,0,0
skate,B1,3,5,2,noun,3.74,0,0,1,0,0
skateboard,B2,4,10,3,noun,3.21,0,0,1,0,0
skateboarder,B2,4,12,4,noun,2.43,0,0,1,0,0
skateboarding,A2,2,13,4,noun,3.15,0,0,1,0,0
skating,A2,2,7,2,noun,3.84,0,0,1,0,0
skeleton,B1,3,8,3,noun,3.8,0,0,1,0,0
sketch,B2,4,6,1,noun,4.04,0,0,1,0,0
ski,A2,2,3,1,noun,4.13,0,0,1,0,0
ski,B1,3,3,1,noun,4.13,0,0,1,0,0
skiing,A2,2,6,1,noun,3.84,0,0,1,0,0
skill,A1,1,5,1,noun,4.42,0,0,1,0,0
skilled,B2,4,7,2,adjective,4.13,1,0,0,0,0
skillful/skilful,B2,4,16,4,unknown,2.71,0,0,0,1,0
skillfully/skilfully,B2,4,20,6,unknown,2.34,0,0,0,1,0
skim,B2,4,4,1,noun,3.17,0,0,1,0,0
skin,B1,3,4,1,noun,4.91,0,0,1,0,0
skip,B2,4,4,1,noun,4.21,0,0,1,0,0
skirt,A1,1,5,1,noun,3.96,0,0,1,0,0
sky,A1,1,3,1,noun,4.72,0,0,1,0,0
skylark,B2,4,7,2,noun,2.47,0,0,1,0,0
skyscraper,B1,3,10,3,noun,3.2,0,0,1,0,0
skyward,B2,4,7,2,adjective,2.69,1,0,0,0,0
slam,B2,4,4,1,noun,4.02,0,0,1,0,0
slang,B2,4,5,1,noun,3.55,0,0,1,0,0
slap,B2,4,4,1,noun,3.97,0,0,1,0,0
slash,B2,4,5,1,noun,3.65,0,0,1,0,0
slaughter,B2,4,9,2,noun,3.84,0,0,1,0,0
slave,A2,2,5,2,noun,4.31,0,0,1,0,0
slavery,B1,3,7,3,noun,4.21,0,0,1,0,0
sleep,B1,3,5,1,noun,5.05,0,0,1,0,0
sleep,A1,1,5,1,noun,5.05,0,0,1,0,0
sleepless,A2,2,9,2,adjective,3.18,1,0,0,0,0
sleepy,A2,2,6,2,adjective,3.68,1,0,0,0,0
sleeve,B1,3,6,2,noun,3.93,0,0,1,0,0
slice,A2,2,5,2,noun,4.0,0,0,1,0,0
slice,B2,4,5,2,noun,4.0,0,0,1,0,0
slide,A2,2,5,2,noun,4.3,0,0,1,0,0
slide,B2,4,5,2,noun,4.3,0,0,1,0,0
slight,B2,4,6,1,noun,4.22,0,0,1,0,0
slight,B1,3,6,1,noun,4.22,0,0,1,0,0
slightly,B1,3,8,2,adverb,4.75,0,1,0,0,0
slim,A2,2,4,1,verb,4.05,0,0,0,0,1
slip,B1,3,4,1,noun,4.28,0,0,1,0,0
sliver,B2,4,6,2,noun,2.99,0,0,1,0,0
slogan,B1,3,6,2,noun,3.72,0,0,1,0,0
slope,B1,3,5,2,noun,3.9,0,0,1,0,0
sloppy,B2,4,6,2,adjective,3.59,1,0,0,0,0
slot,B1,3,4,1,noun,4.09,0,0,1,0,0
slow,A1,1,4,1,verb,4.85,0,0,0,0,1
slow,B1,3,4,1,verb,4.85,0,0,0,0,1
slowly,A2,2,6,2,adverb,4.63,0,1,0,0,0
small,A1,1,5,1,noun,5.51,0,0,1,0,0
smart,A1,1,5,1,noun,4.83,0,0,1,0,0
smash,B2,4,5,1,noun,4.09,0,0,1,0,0
smell,A1,1,5,1,noun,4.49,0,0,1,0,0
smell,B1,3,5,1,noun,4.49,0,0,1,0,0
smile,A1,1,5,2,noun,4.64,0,0,1,0,0
smile,B1,3,5,2,noun,4.64,0,0,1,0,0
smith,A1,1,5,1,noun,4.89,0,0,1,0,0
smoke,A1,1,5,2,noun,4.67,0,0,1,0,0
smoke,A2,2,5,2,noun,4.67,0,0,1,0,0
smoker,B1,3,6,2,noun,3.37,0,0,1,0,0
smokestack,B2,4,10,3,noun,2.2,0,0,1,0,0
smoking,A1,1,7,2,noun,4.52,0,0,1,0,0
smooth,A2,2,6,1,noun,4.4,0,0,1,0,0
smoothly,A2,2,8,2,adverb,3.68,0,1,0,0,0
snack,A2,2,5,1,noun,3.9,0,0,1,0,0
snake,A1,1,5,2,noun,4.23,0,0,1,0,0
snap,B2,4,4,1,noun,4.21,0,0,1,0,0
sneak,B2,4,5,1,noun,3.99,0,0,1,0,0
sneer,B2,4,5,1,noun,2.7,0,0,1,0,0
sneeze,B1,3,6,2,noun,3.19,0,0,1,0,0
sneeze,B2,4,6,2,noun,3.19,0,0,1,0,0
sniff,B2,4,5,1,noun,3.44,0,0,1,0,0
snore,B2,4,5,2,noun,2.76,0,0,1,0,0
snow,A1,1,4,1,noun,4.66,0,0,1,0,0
snow,A2,2,4,1,noun,4.66,0,0,1,0,0
snowball,B2,4,8,2,noun,3.18,0,0,1,0,0
snowboard,B1,3,9,2,noun,3.01,0,0,1,0,0
snowboarding,A2,2,12,3,noun,3.15,0,0,1,0,0
snowstorm,B1,3,9,2,noun,2.89,0,0,1,0,0
snowy,A1,1,5,2,adjective,3.46,1,0,0,0,0
so,A2,2,2,1,noun,6.52,0,0,1,0,0
so,A1,1,2,1,noun,6.52,0,0,1,0,0
soak,B2,4,4,1,noun,3.61,0,0,1,0,0
soaked,B2,4,6,2,verb,3.66,0,0,0,0,1
soaking,B2,4,7,2,noun,3.43,0,0,1,0,0
soap,A2,2,4,1,noun,4.18,0,0,1,0,0
soap opera,B1,3,10,4,unknown,3.92,0,0,0,1,0
soar,B2,4,4,1,noun,3.39,0,0,1,0,0
sob,B2,4,3,1,noun,3.27,0,0,1,0,0
so-called,B2,4,9,3,adjective,5.54,1,0,0,0,0
soccer,A1,1,6,2,noun,4.48,0,0,1,0,0
sociable,B2,4,8,3,noun,2.97,0,0,1,0,0
social,A1,1,6,2,noun,5.42,0,0,1,0,0
social networking,B1,3,17,5,unknown,3.93,0,0,0,1,0
socialize/socialise,B2,4,19,8,unknown,2.49,0,0,0,1,0
socially,B1,3,8,3,adverb,3.96,0,1,0,0,0
society,A2,2,7,3,noun,5.17,0,0,1,0,0
sock,A2,2,4,1,noun,3.61,0,0,1,0,0
soda,A2,2,4,2,noun,4.04,0,0,1,0,0
sofa,A1,1,4,2,noun,3.81,0,0,1,0,0
soft,A2,2,4,1,adjective,4.68,1,0,0,0,0
soft drink,A2,2,10,2,unknown,4.48,0,0,0,1,0
softly,A2,2,6,2,adverb,3.77,0,1,0,0,0
softness,B2,4,8,2,noun,2.99,0,0,1,0,0
software,A2,2,8,3,noun,4.77,0,0,1,0,0
soil,B2,4,4,1,noun,4.42,0,0,1,0,0
soil,B1,3,4,1,noun,4.42,0,0,1,0,0
solar,B2,4,5,2,adjective,4.53,1,0,0,0,0
soldier,A2,2,7,2,noun,4.46,0,0,1,0,0
solid,B1,3,5,2,noun,4.73,0,0,1,0,0
solidity,B2,4,8,4,noun,2.63,0,0,1,0,0
soliloquy,B2,4,9,4,noun,2.45,0,0,1,0,0
solo,B2,4,4,2,noun,4.61,0,0,1,0,0
solution,A2,2,8,3,noun,4.84,0,0,1,0,0
solve,A1,1,5,2,verb,4.42,0,0,0,0,1
solvent,B2,4,7,2,noun,3.44,0,0,1,0,0
some,A1,1,4,1,adjective,6.2,1,0,0,0,0
somebody,A2,2,8,4,noun,4.8,0,0,1,0,0
someday,A2,2,7,3,adverb,4.05,0,1,0,0,0
somehow,B1,3,7,3,adverb,4.53,0,1,0,0,0
someone,A1,1,7,3,noun,5.63,0,0,1,0,0
someplace,B1,3,9,4,adverb,3.14,0,1,0,0,0
something,A1,1,9,3,unknown,5.81,0,0,0,1,0
sometime,B1,3,8,4,adjective,4.16,1,0,0,0,0
sometimes,B1,3,9,4,adverb,5.28,0,1,0,0,0
somewhat,B2,4,8,3,adverb,4.55,0,1,0,0,0
somewhere,A2,2,9,4,noun,4.74,0,0,1,0,0
son,A1,1,3,1,noun,5.28,0,0,1,0,0
song,A1,1,4,1,noun,5.26,0,0,1,0,0
son-in-law,B2,4,10,3,noun,5.06,0,0,1,0,0
sonnet,B2,4,6,2,noun,2.96,0,0,1,0,0
soon,A1,1,4,1,adverb,5.32,0,1,0,0,0
soothe,B1,3,6,2,verb,3.18,0,0,0,0,1
sophisticated,B2,4,13,5,verb,4.05,0,0,0,0,1
sophomore,B1,3,9,4,noun,3.69,0,0,1,0,0
sore,B1,3,4,1,noun,3.99,0,0,1,0,0
sorrow,B1,3,6,2,noun,3.73,0,0,1,0,0
sorry,A1,1,5,2,adjective,5.18,1,0,0,0,0
sort,B1,3,4,1,noun,5.0,0,0,1,0,0
sort,B2,4,4,1,noun,5.0,0,0,1,0,0
soul,B1,3,4,1,noun,4.81,0,0,1,0,0
sound,B2,4,5,1,noun,5.15,0,0,1,0,0
sound,A2,2,5,1,noun,5.15,0,0,1,0,0
soundtrack,B2,4,10,2,noun,3.93,0,0,1,0,0
soup,A1,1,4,1,noun,4.15,0,0,1,0,0
sour,B1,3,4,1,noun,3.88,0,0,1,0,0
source,A2,2,6,2,noun,5.15,0,0,1,0,0
south,A2,2,5,1,noun,5.4,0,0,1,0,0
southeast,B1,3,9,2,noun,4.15,0,0,1,0,0
southern,B1,3,8,2,adjective,4.84,1,0,0,0,0
southward,B2,4,9,2,noun,3.07,0,0,1,0,0
southwest,B1,3,9,2,noun,4.1,0,0,1,0,0
souvenir,B1,3,8,3,noun,3.36,0,0,1,0,0
Soviet,B2,4,6,2,noun,4.54,0,0,1,0,0
soybean,B2,4,7,2,noun,3.09,0,0,1,0,0
spa,B2,4,3,1,noun,3.96,0,0,1,0,0
space,A2,2,5,2,noun,5.23,0,0,1,0,0
spaceship,A2,2,9,3,noun,3.36,0,0,1,0,0
spaghetti,A2,2,9,3,noun,3.65,0,0,1,0,0
span,B2,4,4,1,noun,4.07,0,0,1,0,0
spare,B2,4,5,2,noun,4.28,0,0,1,0,0
sparerib,B2,4,8,3,noun,0.0,0,0,1,0,0
spark,B2,4,5,1,noun,3.99,0,0,1,0,0
sparkle,B1,3,7,2,noun,3.38,0,0,1,0,0
sparkling,B2,4,9,2,noun,3.56,0,0,1,0,0
sparrow,B2,4,7,2,noun,3.48,0,0,1,0,0
speak,A1,1,5,1,verb,5.03,0,0,0,0,1
speaker,A2,2,7,2,noun,4.49,0,0,1,0,0
special,A1,1,7,2,noun,5.34,0,0,1,0,0
specialist,B1,3,10,3,noun,4.28,0,0,1,0,0
specialize/specialise,B1,3,21,8,unknown,2.7,0,0,0,1,0
specially,B1,3,9,3,adverb,4.01,0,1,0,0,0
specialty,B2,4,9,3,noun,3.89,0,0,1,0,0
species,B2,4,7,2,noun,4.85,0,0,1,0,0
specific,A2,2,8,3,noun,5.03,0,0,1,0,0
specifically,B2,4,12,5,adverb,4.65,0,1,0,0,0
specify,B2,4,7,3,verb,3.78,0,0,0,0,1
spectacle,B2,4,9,3,noun,3.61,0,0,1,0,0
spectacular,B1,3,11,4,noun,4.06,0,0,1,0,0
spectator,B1,3,9,3,noun,3.51,0,0,1,0,0
speech,A1,1,6,1,noun,4.85,0,0,1,0,0
speed,A2,2,5,1,noun,5.0,0,0,1,0,0
speed,B1,3,5,1,noun,5.0,0,0,1,0,0
speeder,B2,4,7,2,noun,2.27,0,0,1,0,0
spell,A1,1,5,1,noun,4.37,0,0,1,0,0
spell,A2,2,5,1,noun,4.37,0,0,1,0,0
spellbound,B2,4,10,2,verb,2.66,0,0,0,0,1
spelling,B1,3,8,2,noun,4.0,0,0,1,0,0
spend,A1,1,5,1,verb,4.97,0,0,0,0,1
sphere,B1,3,6,2,noun,3.91,0,0,1,0,0
spice,B1,3,5,2,noun,3.94,0,0,1,0,0
spicy,B1,3,5,2,adjective,3.8,1,0,0,0,0
spider,B1,3,6,2,noun,4.25,0,0,1,0,0
spill,A2,2,5,1,noun,3.84,0,0,1,0,0
spin,B2,4,4,1,noun,4.38,0,0,1,0,0
spinach,B1,3,7,2,noun,3.48,0,0,1,0,0
spiral,B1,3,6,2,noun,3.85,0,0,1,0,0
spirit,B1,3,6,2,noun,4.79,0,0,1,0,0
spiritual,B1,3,9,3,noun,4.4,0,0,1,0,0
spite,B2,4,5,2,noun,4.04,0,0,1,0,0
splash,B2,4,6,1,noun,3.85,0,0,1,0,0
splash,A2,2,6,1,noun,3.85,0,0,1,0,0
splatter,B2,4,8,2,noun,2.77,0,0,1,0,0
split,A2,2,5,1,noun,4.65,0,0,1,0,0
split,B1,3,5,1,noun,4.65,0,0,1,0,0
split,B2,4,5,1,noun,4.65,0,0,1,0,0
spoil,B1,3,5,1,noun,3.81,0,0,1,0,0
spokesman,B2,4,9,3,noun,3.79,0,0,1,0,0
spokeswoman,B2,4,11,4,noun,3.12,0,0,1,0,0
sponge,B1,3,6,2,noun,3.59,0,0,1,0,0
sponsor,B1,3,7,2,noun,4.04,0,0,1,0,0
sponsor,B2,4,7,2,noun,4.04,0,0,1,0,0
spoon,A2,2,5,1,noun,3.88,0,0,1,0,0
sport,A1,1,5,1,noun,4.73,0,0,1,0,0
sports,B1,3,6,1,noun,4.94,0,0,1,0,0
sports center/sports centre,A2,2,27,6,unknown,4.39,0,0,0,1,0
sportsmanship,B1,3,13,3,noun,3.01,0,0,1,0,0
spot,A1,1,4,1,noun,4.89,0,0,1,0,0
spot,B2,4,4,1,noun,4.89,0,0,1,0,0
spray,B2,4,5,1,noun,4.18,0,0,1,0,0
spread,A2,2,6,1,noun,4.81,0,0,1,0,0
spread,B2,4,6,1,noun,4.81,0,0,1,0,0
spreadsheet,B2,4,11,2,noun,3.31,0,0,1,0,0
spring,A1,1,6,1,noun,4.92,0,0,1,0,0
sprint,B2,4,6,1,noun,3.96,0,0,1,0,0
spur,B2,4,4,1,noun,3.66,0,0,1,0,0
spy,A1,1,3,1,noun,4.24,0,0,1,0,0
squad,B2,4,5,1,noun,4.67,0,0,1,0,0
square,A2,2,6,2,noun,4.84,0,0,1,0,0
squash,B2,4,6,1,noun,3.63,0,0,1,0,0
squeeze,B2,4,7,2,noun,3.94,0,0,1,0,0
stab,B2,4,4,1,noun,3.78,0,0,1,0,0
stability,B2,4,9,4,noun,4.31,0,0,1,0,0
stable,B1,3,6,2,noun,4.48,0,0,1,0,0
stack,B2,4,5,1,noun,4.05,0,0,1,0,0
stadium,A2,2,7,2,noun,4.63,0,0,1,0,0
staff,A2,2,5,1,noun,5.08,0,0,1,0,0
stage,A1,1,5,2,noun,5.1,0,0,1,0,0
stagger,B2,4,7,2,noun,2.82,0,0,1,0,0
stain,B2,4,5,1,noun,3.7,0,0,1,0,0
stair,A2,2,5,1,noun,3.26,0,0,1,0,0
stake,B2,4,5,2,noun,4.15,0,0,1,0,0
stall,B1,3,5,1,noun,3.79,0,0,1,0,0
stammer,B2,4,7,2,noun,2.49,0,0,1,0,0
stamp,A2,2,5,1,noun,4.11,0,0,1,0,0
stamp,B2,4,5,1,noun,4.11,0,0,1,0,0
stand,A1,1,5,1,noun,5.14,0,0,1,0,0
stand,A2,2,5,1,noun,5.14,0,0,1,0,0
standard,B2,4,8,2,noun,5.03,0,0,1,0,0
standard,B1,3,8,2,noun,5.03,0,0,1,0,0
standby,B2,4,7,2,noun,3.42,0,0,1,0,0
standstill,B2,4,10,2,noun,3.05,0,0,1,0,0
stanza,B2,4,6,2,noun,3.01,0,0,1,0,0
star,A1,1,4,1,noun,5.19,0,0,1,0,0
star,B1,3,4,1,noun,5.19,0,0,1,0,0
stare,B1,3,5,2,noun,3.91,0,0,1,0,0
start,A1,1,5,1,noun,5.56,0,0,1,0,0
startle,B2,4,7,2,noun,2.69,0,0,1,0,0
starvation,B2,4,10,3,noun,3.52,0,0,1,0,0
starve,B2,4,6,2,verb,3.52,0,0,0,0,1
starving,B2,4,8,2,noun,3.79,0,0,1,0,0
state,B2,4,5,2,noun,5.78,0,0,1,0,0
state,A2,2,5,2,noun,5.78,0,0,1,0,0
statement,A2,2,9,3,noun,4.97,0,0,1,0,0
statesman,B2,4,9,3,noun,3.46,0,0,1,0,0
statewide,B2,4,9,4,adjective,3.63,1,0,0,0,0
station,A1,1,7,2,noun,5.01,0,0,1,0,0
statistics,B2,4,10,3,noun,4.6,0,0,1,0,0
statue,A2,2,6,2,noun,4.09,0,0,1,0,0
status,B1,3,6,2,noun,4.87,0,0,1,0,0
stay,B1,3,4,1,noun,5.33,0,0,1,0,0
stay,A1,1,4,1,noun,5.33,0,0,1,0,0
steadily,B1,3,8,3,adverb,3.84,0,1,0,0,0
steady,B1,3,6,2,noun,4.31,0,0,1,0,0
steak,A2,2,5,1,noun,3.97,0,0,1,0,0
steal,A2,2,5,1,noun,4.41,0,0,1,0,0
steam,B1,3,5,1,noun,4.52,0,0,1,0,0
steel,B1,3,5,1,noun,4.71,0,0,1,0,0
steely,B2,4,6,2,adjective,2.82,1,0,0,0,0
steep,B1,3,5,1,noun,3.99,0,0,1,0,0
steer,B2,4,5,1,noun,3.72,0,0,1,0,0
steering wheel,B2,4,14,3,unknown,3.83,0,0,0,1,0
stem,B1,3,4,1,noun,4.3,0,0,1,0,0
step,A2,2,4,1,noun,5.13,0,0,1,0,0
step,A1,1,4,1,noun,5.13,0,0,1,0,0
stepfather,B2,4,10,3,noun,3.24,0,0,1,0,0
stepmother,B2,4,10,3,noun,3.16,0,0,1,0,0
stereotype,B2,4,10,4,noun,3.43,0,0,1,0,0
stern,B2,4,5,1,noun,3.9,0,0,1,0,0
stew,B2,4,4,1,noun,3.48,0,0,1,0,0
stick,B2,4,5,1,noun,4.76,0,0,1,0,0
stick,B1,3,5,1,noun,4.76,0,0,1,0,0
sticker,B1,3,7,2,noun,3.71,0,0,1,0,0
sticky,B1,3,6,2,adjective,3.8,1,0,0,0,0
stiff,B2,4,5,1,noun,3.9,0,0,1,0,0
still,A1,1,5,1,noun,5.92,0,0,1,0,0
still,A2,2,5,1,noun,5.92,0,0,1,0,0
stimulant,B2,4,9,3,noun,3.06,0,0,1,0,0
stimulate,B2,4,9,4,verb,3.67,0,0,0,0,1
stimulation,B2,4,11,4,noun,3.7,0,0,1,0,0
stingy,B2,4,6,2,adjective,3.03,1,0,0,0,0
stink,B2,4,5,1,noun,3.46,0,0,1,0,0
stir,B1,3,4,1,noun,3.96,0,0,1,0,0
stitch,B2,4,6,1,noun,3.64,0,0,1,0,0
stock,B2,4,5,1,noun,4.93,0,0,1,0,0
stock market,B2,4,12,3,unknown,4.77,0,0,0,1,0
stockpile,B2,4,9,3,noun,3.12,0,0,1,0,0
stomach,A2,2,7,2,noun,4.42,0,0,1,0,0
stomachache,A2,2,11,4,noun,2.09,0,0,1,0,0
stone,A1,1,5,2,noun,4.8,0,0,1,0,0
stonework,B2,4,9,3,noun,2.53,0,0,1,0,0
stool,B2,4,5,1,noun,3.52,0,0,1,0,0
stop,A1,1,4,1,noun,5.52,0,0,1,0,0
stopover,B2,4,8,3,noun,2.7,0,0,1,0,0
stopwatch,B2,4,9,2,noun,2.59,0,0,1,0,0
storage,B1,3,7,3,noun,4.57,0,0,1,0,0
store,A1,1,5,2,noun,5.02,0,0,1,0,0
store,B2,4,5,2,noun,5.02,0,0,1,0,0
storm,A2,2,5,1,noun,4.66,0,0,1,0,0
stormy,B1,3,6,2,adjective,3.46,1,0,0,0,0
story,A1,1,5,2,noun,5.45,0,0,1,0,0
storyteller,B1,3,11,4,noun,3.08,0,0,1,0,0
stove,A2,2,5,2,noun,3.71,0,0,1,0,0
straight,A2,2,8,1,noun,5.04,0,0,1,0,0
straight,A1,1,8,1,noun,5.04,0,0,1,0,0
straighten,B2,4,10,2,verb,3.27,0,0,0,0,1
straightforward,B2,4,15,3,adjective,3.83,1,0,0,0,0
strain,B1,3,6,1,noun,4.15,0,0,1,0,0
strain,B2,4,6,1,noun,4.15,0,0,1,0,0
strait,B2,4,6,1,noun,3.6,0,0,1,0,0
strand,B2,4,6,1,noun,3.68,0,0,1,0,0
strange,A1,1,7,2,adjective,4.64,1,0,0,0,0
strangely,B1,3,9,3,adverb,3.67,0,1,0,0,0
stranger,A2,2,8,2,noun,4.28,0,0,1,0,0
strangle,B2,4,8,2,verb,3.04,0,0,0,0,1
strategic,B1,3,9,3,adjective,4.43,1,0,0,0,0
strategy,A2,2,8,3,noun,4.74,0,0,1,0,0
straw,B1,3,5,1,noun,3.99,0,0,1,0,0
strawberry,B1,3,10,3,noun,3.72,0,0,1,0,0
stream,B1,3,6,1,noun,4.62,0,0,1,0,0
street,A1,1,6,1,noun,5.28,0,0,1,0,0
strength,A2,2,8,1,noun,4.8,0,0,1,0,0
strengthen,B1,3,10,2,verb,4.04,0,0,0,0,1
stress,B1,3,6,1,noun,4.73,0,0,1,0,0
stress,B2,4,6,1,noun,4.73,0,0,1,0,0
stressed,B1,3,8,2,verb,4.18,0,0,0,0,1
stressful,B1,3,9,2,adjective,3.88,1,0,0,0,0
stretch,B1,3,7,1,noun,4.35,0,0,1,0,0
stricken,B1,3,8,2,adjective,3.52,1,0,0,0,0
strict,A1,1,6,1,adjective,4.23,1,0,0,0,0
strictly,B2,4,8,2,adverb,4.16,0,1,0,0,0
stride,B2,4,6,2,noun,3.43,0,0,1,0,0
strike,A2,2,6,2,noun,4.66,0,0,1,0,0
strike,B1,3,6,2,noun,4.66,0,0,1,0,0
striking,B2,4,8,2,noun,4.2,0,0,1,0,0
string,A2,2,6,1,noun,4.4,0,0,1,0,0
strip,B1,3,5,1,noun,4.36,0,0,1,0,0
strip,B2,4,5,1,noun,4.36,0,0,1,0,0
stripe,B1,3,6,2,noun,3.51,0,0,1,0,0
strive,B2,4,6,2,verb,3.72,0,0,0,0,1
stroke,B2,4,6,2,noun,4.27,0,0,1,0,0
strong,A1,1,6,1,adjective,5.22,1,0,0,0,0
strongly,A2,2,8,2,adverb,4.47,0,1,0,0,0
structure,A2,2,9,3,noun,4.84,0,0,1,0,0
struggle,B1,3,8,2,noun,4.62,0,0,1,0,0
struggle,B2,4,8,2,noun,4.62,0,0,1,0,0
stubborn,B1,3,8,2,adjective,3.76,1,0,0,0,0
stubbornly,B2,4,10,3,adverb,2.92,0,1,0,0,0
stuck,B1,3,5,1,verb,4.68,0,0,0,0,1
student,A1,1,7,2,noun,5.02,0,0,1,0,0
studio,B1,3,6,2,noun,4.66,0,0,1,0,0
study,A2,2,5,2,noun,5.26,0,0,1,0,0
study,A1,1,5,2,noun,5.26,0,0,1,0,0
stuff,A2,2,5,1,noun,5.14,0,0,1,0,0
stuff,B2,4,5,1,noun,5.14,0,0,1,0,0
stuffed,B1,3,7,2,verb,3.96,0,0,0,0,1
stumble,B1,3,7,2,noun,3.42,0,0,1,0,0
stun,B1,3,4,1,verb,3.37,0,0,0,0,1
stunning,B1,3,8,2,verb,4.27,0,0,0,0,1
stupid,B1,3,6,2,noun,4.94,0,0,1,0,0
style,A2,2,5,2,noun,5.11,0,0,1,0,0
stylish,B1,3,7,2,adjective,3.7,1,0,0,0,0
stylist,B2,4,7,2,noun,3.4,0,0,1,0,0
subconscious,B1,3,12,3,noun,3.39,0,0,1,0,0
subcontinent,B2,4,12,4,noun,2.93,0,0,1,0,0
subculture,B2,4,10,4,noun,2.98,0,0,1,0,0
subdivision,B2,4,11,4,noun,3.63,0,0,1,0,0
subject,A1,1,7,2,noun,4.96,0,0,1,0,0
subjunctive,B2,4,11,4,noun,2.55,0,0,1,0,0
submarine,B1,3,9,4,noun,3.81,0,0,1,0,0
submit,B2,4,6,2,verb,4.28,0,0,0,0,1
subplot,B2,4,7,2,unknown,2.69,0,0,0,1,0
subside,B2,4,7,3,verb,2.88,0,0,0,0,1
substance,B2,4,9,3,noun,4.23,0,0,1,0,0
substantial,B1,3,11,3,adjective,4.33,1,0,0,0,0
substitute,B1,3,10,4,noun,4.17,0,0,1,0,0
substitute,B2,4,10,4,noun,4.17,0,0,1,0,0
subtitle,B2,4,8,3,noun,3.23,0,0,1,0,0
subtle,B2,4,6,2,adjective,4.08,1,0,0,0,0
subtract,B2,4,8,2,verb,3.1,0,0,0,0,1
suburb,B2,4,6,2,noun,3.81,0,0,1,0,0
subway,A1,1,6,2,noun,4.05,0,0,1,0,0
succeed,A2,2,7,2,verb,4.29,0,0,0,0,1
success,A2,2,7,2,noun,5.06,0,0,1,0,0
successful,A1,1,10,3,adjective,4.94,1,0,0,0,0
successfully,A2,2,12,4,adverb,4.45,0,1,0,0,0
successive,B2,4,10,4,adjective,3.85,1,0,0,0,0
such,A2,2,4,1,adjective,5.84,1,0,0,0,0
suck,B2,4,4,1,noun,4.42,0,0,1,0,0
sudden,A2,2,6,2,adjective,4.4,1,0,0,0,0
suddenly,B1,3,8,3,adverb,4.69,0,1,0,0,0
sue,B2,4,3,1,noun,4.22,0,0,1,0,0
suffer,B1,3,6,2,verb,4.45,0,0,0,0,1
suffering,B2,4,9,3,noun,4.53,0,0,1,0,0
sufficient,B1,3,10,3,adjective,4.32,1,0,0,0,0
sufficiently,B2,4,12,4,adverb,3.8,0,1,0,0,0
suffix,B1,3,6,2,noun,3.05,0,0,1,0,0
sugar,A1,1,5,2,noun,4.68,0,0,1,0,0
suggest,A2,2,7,2,verb,4.75,0,0,0,0,1
suggestion,A1,1,10,3,noun,4.23,0,0,1,0,0
suicide,B1,3,7,3,noun,4.62,0,0,1,0,0
suit,A2,2,4,1,noun,4.7,0,0,1,0,0
suitable,A2,2,8,3,adjective,4.38,1,0,0,0,0
suitably,B2,4,8,3,adverb,3.13,0,1,0,0,0
suitcase,A2,2,8,3,noun,3.55,0,0,1,0,0
sulfur/sulphur,B2,4,14,4,unknown,2.99,0,0,0,1,0
sum,A1,1,3,1,noun,4.34,0,0,1,0,0
summarize/summarise,B1,3,19,8,unknown,2.51,0,0,0,1,0
summary,A2,2,7,3,noun,4.37,0,0,1,0,0
summer,A1,1,6,2,noun,5.23,0,0,1,0,0
summit,B1,3,6,2,noun,4.3,0,0,1,0,0
sun,A1,1,3,1,noun,4.97,0,0,1,0,0
sunbathe,B1,3,8,3,verb,2.24,0,0,0,0,1
sunbeam,B2,4,7,2,noun,2.65,0,0,1,0,0
Sunday,A1,1,6,2,noun,4.92,0,0,1,0,0
sundial,B1,3,7,2,noun,2.46,0,0,1,0,0
sunflower,A2,2,9,3,noun,3.36,0,0,1,0,0
sunglasses,A2,2,10,3,noun,3.72,0,0,1,0,0
sunlight,A2,2,8,2,noun,3.86,0,0,1,0,0
sunny,A1,1,5,2,adjective,4.07,1,0,0,0,0
sunrise,B1,3,7,3,noun,3.82,0,0,1,0,0
sunset,B1,3,6,2,noun,4.04,0,0,1,0,0
sunshine,A1,1,8,3,noun,4.16,0,0,1,0,0
super,A1,1,5,2,noun,5.08,0,0,1,0,0
superb,B2,4,6,2,adjective,3.96,1,0,0,0,0
superintendent,B2,4,14,5,noun,3.97,0,0,1,0,0
superior,B1,3,8,3,noun,4.46,0,0,1,0,0
superlative,A2,2,11,5,noun,2.79,0,0,1,0,0
supermarket,A1,1,11,4,noun,3.78,0,0,1,0,0
supernatural,B2,4,12,5,noun,3.89,0,0,1,0,0
superstar,A2,2,9,3,noun,3.83,0,0,1,0,0
superstition,B1,3,12,4,noun,3.21,0,0,1,0,0
supervise,B2,4,9,4,verb,3.32,0,0,0,0,1
supervision,B2,4,11,4,noun,3.94,0,0,1,0,0
supervisor,B2,4,10,4,noun,3.95,0,0,1,0,0
supper,A2,2,6,2,noun,3.74,0,0,1,0,0
supplement,B2,4,10,3,noun,4.03,0,0,1,0,0
supplier,B2,4,8,2,noun,3.84,0,0,1,0,0
supply,B1,3,6,2,noun,4.81,0,0,1,0,0
supply,B2,4,6,2,noun,4.81,0,0,1,0,0
support,A2,2,7,2,noun,5.53,0,0,1,0,0
support,B1,3,7,2,noun,5.53,0,0,1,0,0
supporter,B1,3,9,3,noun,4.07,0,0,1,0,0
supportive,B1,3,10,4,adjective,4.05,1,0,0,0,0
suppose,B1,3,7,3,verb,4.56,0,0,0,0,1
supposedly,B1,3,10,4,adverb,3.96,0,1,0,0,0
suppress,B2,4,8,2,verb,3.66,0,0,0,0,1
sure,A1,1,4,1,adjective,5.67,1,0,0,0,0
sure,A2,2,4,1,adjective,5.67,1,0,0,0,0
surely,B1,3,6,3,adverb,4.55,0,1,0,0,0
surf,A1,1,4,1,noun,3.86,0,0,1,0,0
surf,A2,2,4,1,noun,3.86,0,0,1,0,0
surface,B1,3,7,3,noun,4.83,0,0,1,0,0
surfing,A2,2,7,2,noun,3.72,0,0,1,0,0
surge,B2,4,5,2,noun,3.82,0,0,1,0,0
surgeon,B1,3,7,2,noun,4.13,0,0,1,0,0
surgery,B1,3,7,3,noun,4.63,0,0,1,0,0
surname,A2,2,7,3,noun,3.5,0,0,1,0,0
surprise,A1,1,8,3,noun,4.75,0,0,1,0,0
surprise,B1,3,8,3,noun,4.75,0,0,1,0,0
surprised,A2,2,9,3,verb,4.68,0,0,0,0,1
surprising,A2,2,10,3,verb,4.28,0,0,0,0,1
surprisingly,B1,3,12,4,adverb,4.09,0,1,0,0,0
surrender,B2,4,9,3,noun,4.09,0,0,1,0,0
surround,B1,3,8,2,noun,3.79,0,0,1,0,0
surrounding,B1,3,11,3,verb,4.49,0,0,0,0,1
surroundings,B2,4,12,3,noun,3.79,0,0,1,0,0
surveillance,B2,4,12,4,noun,4.17,0,0,1,0,0
survey,A1,1,6,2,noun,4.69,0,0,1,0,0
survival,B1,3,8,3,noun,4.37,0,0,1,0,0
survive,A2,2,7,3,verb,4.52,0,0,0,0,1
survivor,B1,3,8,3,noun,4.0,0,0,1,0,0
suspect,B1,3,7,2,noun,4.51,0,0,1,0,0
suspect,B2,4,7,2,noun,4.51,0,0,1,0,0
suspend,B2,4,7,2,verb,3.68,0,0,0,0,1
suspicion,B1,3,9,3,noun,3.97,0,0,1,0,0
suspicious,B2,4,10,3,adjective,4.09,1,0,0,0,0
suspiciously,B2,4,12,4,adverb,3.08,0,1,0,0,0
sustain,B2,4,7,2,verb,3.93,0,0,0,0,1
swallow,A2,2,7,2,noun,3.87,0,0,1,0,0
swan,B2,4,4,1,noun,3.84,0,0,1,0,0
swarm,B1,3,5,1,noun,3.44,0,0,1,0,0
swear,B1,3,5,1,verb,4.51,0,0,0,0,1
sweat,B1,3,5,1,noun,4.14,0,0,1,0,0
sweat,A2,2,5,1,noun,4.14,0,0,1,0,0
sweater,A2,2,7,2,noun,3.78,0,0,1,0,0
sweatshirt,B1,3,10,2,noun,3.19,0,0,1,0,0
sweep,B2,4,5,1,noun,3.97,0,0,1,0,0
sweet,A1,1,5,1,noun,4.91,0,0,1,0,0
sweet,A2,2,5,1,noun,4.91,0,0,1,0,0
sweetheart,A2,2,10,2,noun,3.74,0,0,1,0,0
swell,B1,3,5,1,noun,3.64,0,0,1,0,0
swift,B2,4,5,1,noun,4.15,0,0,1,0,0
swim,A1,1,4,1,noun,4.21,0,0,1,0,0
swimmer,B1,3,7,2,noun,3.49,0,0,1,0,0
swimming,A1,1,8,2,noun,4.43,0,0,1,0,0
swimming costume,A2,2,16,5,unknown,3.99,0,0,0,1,0
swimming pool,A1,1,13,3,unknown,4.23,0,0,0,1,0
swimsuit,A2,2,8,2,noun,3.28,0,0,1,0,0
swing,B2,4,5,1,noun,4.34,0,0,1,0,0
switch,B1,3,6,1,noun,4.6,0,0,1,0,0
swollen,B1,3,7,2,verb,3.57,0,0,0,0,1
sword,B1,3,5,1,noun,4.37,0,0,1,0,0
syllable,B2,4,8,3,noun,3.32,0,0,1,0,0
symbol,A2,2,6,2,noun,4.31,0,0,1,0,0
symbolic,B2,4,8,3,adjective,3.86,1,0,0,0,0
sympathetic,B2,4,11,4,adjective,3.81,1,0,0,0,0
sympathize/sympathise,B2,4,21,8,unknown,2.55,0,0,0,1,0
sympathy,B1,3,8,3,noun,4.01,0,0,1,0,0
symphony,A2,2,8,3,noun,3.77,0,0,1,0,0
symptom,B1,3,7,2,noun,3.64,0,0,1,0,0
syndrome,B1,3,8,3,noun,4.23,0,0,1,0,0
synonym,B2,4,7,3,noun,3.13,0,0,1,0,0
system,A2,2,6,2,noun,5.56,0,0,1,0,0
systematic,B1,3,10,4,adjective,3.87,1,0,0,0,0
table,A1,1,5,2,noun,5.05,0,0,1,0,0
table tennis,A2,2,12,4,unknown,4.27,0,0,0,1,0
tablecloth,B2,4,10,3,noun,2.69,0,0,1,0,0
tablespoon,A2,2,10,3,noun,3.15,0,0,1,0,0
tablet,B1,3,6,2,noun,4.05,0,0,1,0,0
tabloid,B2,4,7,2,noun,3.25,0,0,1,0,0
tack,B2,4,4,1,noun,3.37,0,0,1,0,0
tackle,B2,4,6,2,noun,4.15,0,0,1,0,0
tactile,B2,4,7,3,adjective,3.1,1,0,0,0,0
tag,B2,4,3,1,noun,4.44,0,0,1,0,0
tail,B2,4,4,1,noun,4.34,0,0,1,0,0
take,B1,3,4,1,noun,5.92,0,0,1,0,0
take,A1,1,4,1,noun,5.92,0,0,1,0,0
takeaway,B1,3,8,3,noun,3.32,0,0,1,0,0
takeoff/take-off,B1,3,16,5,unknown,3.35,0,0,0,1,0
tale,B1,3,4,1,noun,4.29,0,0,1,0,0
talent,A2,2,6,2,noun,4.64,0,0,1,0,0
talented,B1,3,8,3,adjective,4.3,1,0,0,0,0
talk,B1,3,4,1,noun,5.42,0,0,1,0,0
talk,A1,1,4,1,noun,5.42,0,0,1,0,0
talkative,B1,3,9,4,adjective,2.97,1,0,0,0,0
tall,A1,1,4,1,noun,4.52,0,0,1,0,0
tame,B2,4,4,1,verb,3.56,0,0,0,0,1
tan,B2,4,3,1,noun,4.01,0,0,1,0,0
tank,B1,3,4,1,noun,4.57,0,0,1,0,0
tanned,B2,4,6,2,verb,3.13,0,0,0,0,1
tap,A2,2,3,1,noun,4.28,0,0,1,0,0
tap,B2,4,3,1,noun,4.28,0,0,1,0,0
tape,A2,2,4,1,noun,4.44,0,0,1,0,0
tape,B1,3,4,1,noun,4.44,0,0,1,0,0
target,A2,2,6,2,noun,4.82,0,0,1,0,0
task,A2,2,4,1,noun,4.65,0,0,1,0,0
taste,B1,3,5,2,noun,4.73,0,0,1,0,0
tasteless,B1,3,9,3,adjective,3.03,1,0,0,0,0
tasty,B1,3,5,2,adjective,3.84,1,0,0,0,0
tatter,B2,4,6,2,noun,1.28,0,0,1,0,0
tattoo,B2,4,6,2,noun,4.14,0,0,1,0,0
taunt,B2,4,5,1,noun,2.96,0,0,1,0,0
tax,B1,3,3,1,noun,5.14,0,0,1,0,0
taxi,A1,1,4,2,noun,4.19,0,0,1,0,0
tea,A1,1,3,1,noun,4.73,0,0,1,0,0
teach,A1,1,5,1,noun,4.67,0,0,1,0,0
teacher,A1,1,7,2,noun,4.88,0,0,1,0,0
teaching,B1,3,8,2,noun,4.72,0,0,1,0,0
team,A1,1,4,1,noun,5.67,0,0,1,0,0
teammate,B1,3,8,3,noun,3.84,0,0,1,0,0
teamwork,B1,3,8,2,noun,3.48,0,0,1,0,0
tear,A2,2,4,1,noun,4.35,0,0,1,0,0
tear,B1,3,4,1,noun,4.35,0,0,1,0,0
tease,B1,3,5,2,noun,3.59,0,0,1,0,0
tease,B2,4,5,2,noun,3.59,0,0,1,0,0
teaspoon,B2,4,8,2,noun,3.3,0,0,1,0,0
technical,B2,4,9,3,noun,4.75,0,0,1,0,0
technically,B2,4,11,4,adverb,4.1,0,1,0,0,0
technique,B1,3,9,3,noun,4.47,0,0,1,0,0
technological,B1,3,13,5,adjective,4.06,1,0,0,0,0
technology,A1,1,10,4,noun,5.09,0,0,1,0,0
teen,B1,3,4,1,noun,4.33,0,0,1,0,0
teenage,A2,2,7,3,adjective,4.14,1,0,0,0,0
teenager,A2,2,8,3,noun,4.09,0,0,1,0,0
telecommunications,B1,3,18,7,noun,3.83,0,0,1,0,0
telegram,B1,3,8,3,noun,3.55,0,0,1,0,0
telephone,A1,1,9,4,noun,4.41,0,0,1,0,0
telephone,A2,2,9,4,noun,4.41,0,0,1,0,0
telescope,B2,4,9,4,noun,3.75,0,0,1,0,0
television,A1,1,10,4,noun,4.79,0,0,1,0,0
tell,A1,1,4,1,noun,5.53,0,0,1,0,0
teller,B1,3,6,2,noun,3.49,0,0,1,0,0
temper,B1,3,6,2,noun,3.81,0,0,1,0,0
temperate,B2,4,9,4,adjective,3.33,1,0,0,0,0
temperature,A2,2,11,5,noun,4.64,0,0,1,0,0
temple,A1,1,6,2,noun,4.45,0,0,1,0,0
temporarily,B2,4,11,5,adverb,4.06,0,1,0,0,0
temporary,B1,3,9,4,noun,4.48,0,0,1,0,0
tempt,B1,3,5,1,verb,3.22,0,0,0,0,1
temptation,B2,4,10,3,noun,3.72,0,0,1,0,0
ten,A1,1,3,1,noun,5.05,0,0,1,0,0
tend,B1,3,4,1,verb,4.57,0,0,0,0,1
tendency,B1,3,8,3,noun,3.96,0,0,1,0,0
tender,B2,4,6,2,noun,4.09,0,0,1,0,0
tenderly,B2,4,8,3,adverb,2.78,0,1,0,0,0
tenderness,B2,4,10,3,noun,3.24,0,0,1,0,0
tennis,A1,1,6,2,noun,4.35,0,0,1,0,0
tense,B1,3,5,2,noun,3.95,0,0,1,0,0
tension,B1,3,7,2,noun,4.22,0,0,1,0,0
tent,B1,3,4,1,noun,4.05,0,0,1,0,0
term,B1,3,4,1,noun,5.23,0,0,1,0,0
terminal,B1,3,8,3,noun,4.31,0,0,1,0,0
terrace,B2,4,7,3,noun,3.88,0,0,1,0,0
terrible,A1,1,8,3,adjective,4.71,1,0,0,0,0
terribly,B1,3,8,3,adverb,3.91,0,1,0,0,0
terrific,B1,3,8,3,adjective,3.9,1,0,0,0,0
terrified,B1,3,9,3,verb,3.94,0,0,0,0,1
terrify,A2,2,7,3,verb,2.8,0,0,0,0,1
terrifying,B2,4,10,3,verb,3.95,0,0,0,0,1
territory,B2,4,9,4,noun,4.6,0,0,1,0,0
terror,B1,3,6,2,noun,4.26,0,0,1,0,0
terrorism,B1,3,9,3,noun,4.24,0,0,1,0,0
terrorist,A2,2,9,3,noun,4.35,0,0,1,0,0
terrorist,B1,3,9,3,noun,4.35,0,0,1,0,0
test,A1,1,4,1,noun,5.19,0,0,1,0,0
test,B2,4,4,1,noun,5.19,0,0,1,0,0
testify,B2,4,7,3,verb,3.84,0,0,0,0,1
testimony,B2,4,9,4,noun,4.17,0,0,1,0,0
text,A2,2,4,1,noun,5.01,0,0,1,0,0
text message,A2,2,12,4,unknown,4.7,0,0,0,1,0
textbook,A2,2,8,2,noun,3.77,0,0,1,0,0
than,A1,1,4,1,unknown,6.13,0,0,0,1,0
thank,A1,1,5,1,verb,5.48,0,0,0,0,1
thankful,B1,3,8,2,adjective,3.93,1,0,0,0,0
thanks,A1,1,6,1,noun,5.43,0,0,1,0,0
that,B2,4,4,1,unknown,7.01,0,0,0,1,0
that,A1,1,4,1,unknown,7.01,0,0,0,1,0
the,A1,1,3,1,unknown,7.73,0,0,0,1,0
theater/theatre,A1,1,15,4,unknown,4.13,0,0,0,1,0
theft,B1,3,5,1,noun,4.13,0,0,1,0,0
their,A1,1,5,1,unknown,6.33,0,0,0,1,0
theirs,A2,2,6,1,unknown,3.96,0,0,0,1,0
them,A1,1,4,1,unknown,6.19,0,0,0,1,0
theme,B2,4,5,2,noun,4.62,0,0,1,0,0
themselves,A2,2,10,3,unknown,5.16,0,0,0,1,0
then,A1,1,4,1,noun,6.07,0,0,1,0,0
theorist,B2,4,8,2,noun,3.16,0,0,1,0,0
theory,B1,3,6,2,noun,4.88,0,0,1,0,0
therapist,B2,4,9,3,noun,3.97,0,0,1,0,0
therapy,B2,4,7,3,noun,4.52,0,0,1,0,0
there,A1,1,5,2,noun,6.31,0,0,1,0,0
thereafter,B2,4,10,3,adverb,3.97,0,1,0,0,0
therefore,A2,2,9,4,adverb,4.87,0,1,0,0,0
thermometer,B2,4,11,4,noun,3.22,0,0,1,0,0
these,A1,1,5,2,unknown,6.04,0,0,0,1,0
thesis,B2,4,6,2,noun,4.05,0,0,1,0,0
they,A1,1,4,1,unknown,6.5,0,0,0,1,0
thick,A1,1,5,1,noun,4.46,0,0,1,0,0
thickly,B2,4,7,2,adverb,2.63,0,1,0,0,0
thickness,B2,4,9,2,noun,3.75,0,0,1,0,0
thief,A2,2,5,1,noun,3.88,0,0,1,0,0
thigh,B2,4,5,1,noun,3.73,0,0,1,0,0
thin,A1,1,4,1,verb,4.47,0,0,0,0,1
thing,A1,1,5,1,noun,5.72,0,0,1,0,0
think,A1,1,5,1,noun,6.08,0,0,1,0,0
thinker,B2,4,7,2,noun,3.39,0,0,1,0,0
third,A2,2,5,1,noun,5.32,0,0,1,0,0
third person,B2,4,12,3,unknown,5.12,0,0,0,1,0
thirdly,B2,4,7,2,adverb,3.06,0,1,0,0,0
thirst,B2,4,6,1,noun,3.64,0,0,1,0,0
thirst,B1,3,6,1,noun,3.64,0,0,1,0,0
thirsty,A2,2,7,2,adjective,3.74,1,0,0,0,0
thirteen,A1,1,8,2,noun,3.89,0,0,1,0,0
thirty,A1,1,6,2,noun,4.38,0,0,1,0,0
this,A1,1,4,1,unknown,6.82,0,0,0,1,0
thorough,B1,3,8,2,adjective,3.97,1,0,0,0,0
thoroughly,B2,4,10,3,adverb,4.09,0,1,0,0,0
those,A1,1,5,2,unknown,5.9,0,0,0,1,0
though,B2,4,6,1,adverb,5.5,0,1,0,0,0
though,A2,2,6,1,adverb,5.5,0,1,0,0,0
thought,A2,2,7,1,noun,5.59,0,0,1,0,0
thoughtful,B2,4,10,2,adjective,3.83,1,0,0,0,0
thoughtless,B2,4,11,2,adjective,2.9,1,0,0,0,0
thousand,A2,2,8,2,noun,4.64,0,0,1,0,0
thread,B2,4,6,1,noun,4.44,0,0,1,0,0
threat,B1,3,6,1,noun,4.6,0,0,1,0,0
threaten,B2,4,8,2,verb,3.94,0,0,0,0,1
threatening,B1,3,11,3,verb,4.19,0,0,0,0,1
three,A1,1,5,1,noun,5.78,0,0,1,0,0
thrill,B2,4,6,1,noun,3.72,0,0,1,0,0
thrilled,B2,4,8,2,verb,3.94,0,0,0,0,1
thriller,B1,3,8,2,noun,3.91,0,0,1,0,0
thrilling,B2,4,9,2,verb,3.61,0,0,0,0,1
throat,B2,4,6,1,noun,4.3,0,0,1,0,0
through,B1,3,7,1,adjective,5.87,1,0,0,0,0
through,A1,1,7,1,adjective,5.87,1,0,0,0,0
throughout,B1,3,10,2,adverb,4.99,0,1,0,0,0
throw,A1,1,5,1,noun,4.83,0,0,1,0,0
throw,A2,2,5,1,noun,4.83,0,0,1,0,0
thumb,B1,3,5,1,noun,4.01,0,0,1,0,0
thump,B1,3,5,1,noun,2.97,0,0,1,0,0
thunder,B1,3,7,2,noun,4.14,0,0,1,0,0
thunderous,B1,3,10,3,adjective,2.77,1,0,0,0,0
thunderstorm,A2,2,12,3,noun,3.25,0,0,1,0,0
Thursday,A1,1,8,2,noun,4.62,0,0,1,0,0
thus,B1,3,4,1,noun,4.91,0,0,1,0,0
tick,B1,3,4,1,noun,3.8,0,0,1,0,0
ticket,A1,1,6,2,noun,4.61,0,0,1,0,0
tickle,B2,4,6,2,noun,3.24,0,0,1,0,0
tide,B1,3,4,1,noun,4.05,0,0,1,0,0
tidy,A2,2,4,2,noun,3.53,0,0,1,0,0
tie,A2,2,3,1,noun,4.51,0,0,1,0,0
tie,B1,3,3,1,noun,4.51,0,0,1,0,0
tiger,A1,1,5,2,noun,4.3,0,0,1,0,0
tight,A1,1,5,1,adjective,4.57,1,0,0,0,0
tight,B2,4,5,1,adjective,4.57,1,0,0,0,0
tighten,B1,3,7,2,verb,3.51,0,0,0,0,1
tightly,B1,3,7,2,adverb,3.76,0,1,0,0,0
tightrope,B2,4,9,3,noun,2.72,0,0,1,0,0
tights,A2,2,6,1,noun,3.29,0,0,1,0,0
tile,B1,3,4,1,noun,3.72,0,0,1,0,0
till,B1,3,4,1,noun,4.79,0,0,1,0,0
till,A2,2,4,1,noun,4.79,0,0,1,0,0
time,A1,1,4,1,noun,6.29,0,0,1,0,0
time,B2,4,4,1,noun,6.29,0,0,1,0,0
timeless,B2,4,8,3,adjective,3.53,1,0,0,0,0
timeliness,B2,4,10,4,noun,2.67,0,0,1,0,0
timely,B1,3,6,3,adjective,3.85,1,0,0,0,0
times,B2,4,5,2,noun,5.56,0,0,1,0,0
timetable,A2,2,9,4,noun,3.44,0,0,1,0,0
timing,B2,4,6,2,noun,4.29,0,0,1,0,0
tin,B1,3,3,1,noun,4.03,0,0,1,0,0
tiny,B1,3,4,2,adjective,4.62,1,0,0,0,0
tip,A2,2,3,1,noun,4.55,0,0,1,0,0
tip,B2,4,3,1,noun,4.55,0,0,1,0,0
tiptoe,B2,4,6,2,noun,2.64,0,0,1,0,0
tire,B1,3,4,1,noun,4.02,0,0,1,0,0
tired,A1,1,5,2,verb,4.71,0,0,0,0,1
tiredness,B2,4,9,3,noun,2.92,0,0,1,0,0
tiresome,B2,4,8,4,adjective,3.08,1,0,0,0,0
tiring,B1,3,6,2,verb,3.37,0,0,0,0,1
tissue,B1,3,6,2,noun,4.32,0,0,1,0,0
title,A2,2,5,2,noun,5.1,0,0,1,0,0
to,A1,1,2,1,unknown,7.43,0,0,0,1,0
toast,A2,2,5,1,noun,3.96,0,0,1,0,0
tobacco,B1,3,7,3,noun,4.19,0,0,1,0,0
today,A1,1,5,2,noun,5.55,0,0,1,0,0
toe,A2,2,3,1,noun,4.07,0,0,1,0,0
toenail,B2,4,7,2,noun,2.59,0,0,1,0,0
together,A1,1,8,3,adjective,5.46,1,0,0,0,0
toil,B2,4,4,1,noun,3.03,0,0,1,0,0
toilet,A1,1,6,2,noun,4.31,0,0,1,0,0
tolerant,B2,4,8,3,adjective,3.58,1,0,0,0,0
tolerate,B2,4,8,4,verb,3.84,0,0,0,0,1
toll,B2,4,4,1,noun,4.08,0,0,1,0,0
tomato,A1,1,6,3,noun,3.85,0,0,1,0,0
tomb,B2,4,4,1,noun,3.89,0,0,1,0,0
tomorrow,A1,1,8,3,noun,5.02,0,0,1,0,0
ton,B2,4,3,1,noun,4.29,0,0,1,0,0
tone,A2,2,4,1,noun,4.49,0,0,1,0,0
tongue,B1,3,6,2,noun,4.37,0,0,1,0,0
tonight,A1,1,7,2,noun,5.03,0,0,1,0,0
tonight,A2,2,7,2,noun,5.03,0,0,1,0,0
too,A1,1,3,1,adverb,5.95,0,1,0,0,0
tool,A1,1,4,1,noun,4.56,0,0,1,0,0
tooth,A1,1,5,1,noun,4.08,0,0,1,0,0
toothache,A2,2,9,3,noun,2.76,0,0,1,0,0
toothbrush,A2,2,10,2,noun,3.38,0,0,1,0,0
toothpaste,B1,3,10,3,noun,3.37,0,0,1,0,0
top,B1,3,3,1,noun,5.57,0,0,1,0,0
top,A1,1,3,1,noun,5.57,0,0,1,0,0
topic,A1,1,5,2,noun,4.49,0,0,1,0,0
torch,B2,4,5,1,noun,3.74,0,0,1,0,0
tornado,B1,3,7,3,noun,3.82,0,0,1,0,0
tortoiseshell,B2,4,13,4,noun,2.36,0,0,1,0,0
torture,B2,4,7,3,noun,4.15,0,0,1,0,0
toss,B1,3,4,1,noun,3.91,0,0,1,0,0
total,B1,3,5,2,noun,5.21,0,0,1,0,0
totally,B1,3,7,3,adverb,4.83,0,1,0,0,0
touch,A1,1,5,1,noun,4.91,0,0,1,0,0
touch,B1,3,5,1,noun,4.91,0,0,1,0,0
tough,B2,4,5,1,noun,4.77,0,0,1,0,0
tour,A2,2,4,1,noun,4.99,0,0,1,0,0
tour,B1,3,4,1,noun,4.99,0,0,1,0,0
tour guide,A2,2,10,3,unknown,4.55,0,0,0,1,0
tourism,B1,3,7,2,noun,4.28,0,0,1,0,0
tourist,A2,2,7,2,noun,4.2,0,0,1,0,0
tournament,B1,3,10,3,noun,4.56,0,0,1,0,0
toward/towards,A2,2,14,4,unknown,4.56,0,0,0,1,0
towel,A1,1,5,2,noun,3.94,0,0,1,0,0
tower,A1,1,5,2,noun,4.5,0,0,1,0,0
town,A1,1,4,1,noun,5.24,0,0,1,0,0
toxic,B2,4,5,2,adjective,4.24,1,0,0,0,0
toy,A1,1,3,1,noun,4.3,0,0,1,0,0
trace,B1,3,5,2,noun,4.19,0,0,1,0,0
trace,B2,4,5,2,noun,4.19,0,0,1,0,0
track,A2,2,5,1,noun,5.02,0,0,1,0,0
track,B2,4,5,1,noun,5.02,0,0,1,0,0
tracksuit,B1,3,9,2,unknown,2.7,0,0,0,1,0
trade,A2,2,5,2,noun,5.12,0,0,1,0,0
trade,B2,4,5,2,noun,5.12,0,0,1,0,0
trader,B2,4,6,2,noun,3.77,0,0,1,0,0
tradition,A2,2,9,3,noun,4.5,0,0,1,0,0
traditional,A2,2,11,4,adjective,4.84,1,0,0,0,0
traditionally,B1,3,13,5,adverb,4.06,0,1,0,0,0
traffic,A2,2,7,2,noun,4.85,0,0,1,0,0
traffic jam,B1,3,11,3,unknown,4.09,0,0,0,1,0
traffic light,A2,2,13,3,unknown,4.73,0,0,0,1,0
tragedy,B1,3,7,3,noun,4.14,0,0,1,0,0
tragic,B1,3,6,2,adjective,4.08,1,0,0,0,0
trail,B1,3,5,1,noun,4.45,0,0,1,0,0
trail,B2,4,5,1,noun,4.45,0,0,1,0,0
trailer,B2,4,7,2,noun,4.32,0,0,1,0,0
train,A1,1,5,1,noun,4.96,0,0,1,0,0
train,A2,2,5,1,noun,4.96,0,0,1,0,0
trainee,B2,4,7,2,noun,3.43,0,0,1,0,0
trainer,B2,4,7,2,noun,4.08,0,0,1,0,0
training,A2,2,8,2,noun,5.18,0,0,1,0,0
trait,B2,4,5,1,noun,3.69,0,0,1,0,0
traitor,B2,4,7,2,noun,3.69,0,0,1,0,0
tram,A2,2,4,1,noun,3.46,0,0,1,0,0
tramp,B2,4,5,1,noun,3.21,0,0,1,0,0
trample,B2,4,7,2,noun,2.83,0,0,1,0,0
transcript,B2,4,10,2,noun,3.7,0,0,1,0,0
transfer,B2,4,8,2,noun,4.72,0,0,1,0,0
transfer,B1,3,8,2,noun,4.72,0,0,1,0,0
transform,B1,3,9,2,verb,4.04,0,0,0,0,1
transformation,B1,3,14,4,noun,4.21,0,0,1,0,0
transfusion,B2,4,11,3,noun,3.13,0,0,1,0,0
transient,B2,4,9,2,noun,3.37,0,0,1,0,0
transistor,B2,4,10,3,noun,3.21,0,0,1,0,0
transition,B2,4,10,3,noun,4.46,0,0,1,0,0
transitional,B1,3,12,4,adjective,3.64,1,0,0,0,0
transitive,B2,4,10,4,noun,2.76,0,0,1,0,0
translate,B1,3,9,3,verb,3.93,0,0,0,0,1
translation,B2,4,11,3,noun,4.39,0,0,1,0,0
translator,B2,4,10,3,noun,3.67,0,0,1,0,0
transmission,B2,4,12,3,noun,4.33,0,0,1,0,0
transmit,B2,4,8,2,verb,3.67,0,0,0,0,1
transparent,B2,4,11,3,adjective,4.01,1,0,0,0,0
transport,B1,3,9,2,noun,4.68,0,0,1,0,0
transport,B2,4,9,2,noun,4.68,0,0,1,0,0
transportation,B1,3,14,4,noun,4.57,0,0,1,0,0
trap,A2,2,4,1,noun,4.33,0,0,1,0,0
trash,B1,3,5,1,noun,4.42,0,0,1,0,0
travel,A2,2,6,2,noun,5.0,0,0,1,0,0
travel,A1,1,6,2,noun,5.0,0,0,1,0,0
travel agent,B1,3,12,4,unknown,4.59,0,0,0,1,0
traveler/traveller,A2,2,18,6,unknown,3.23,0,0,0,1,0
traverse,B2,4,8,3,noun,3.4,0,0,1,0,0
tray,B2,4,4,1,noun,3.75,0,0,1,0,0
tread,B2,4,5,1,noun,3.52,0,0,1,0,0
treasure,A2,2,8,3,noun,4.17,0,0,1,0,0
treat,B1,3,5,1,noun,4.75,0,0,1,0,0
treat,B2,4,5,1,noun,4.75,0,0,1,0,0
treatment,B1,3,9,2,noun,5.01,0,0,1,0,0
treaty,B2,4,6,2,noun,4.31,0,0,1,0,0
tree,A1,1,4,1,noun,4.85,0,0,1,0,0
trek,B2,4,4,1,noun,3.96,0,0,1,0,0
tremble,B1,3,7,2,noun,3.04,0,0,1,0,0
tremendous,B1,3,10,3,adjective,4.07,1,0,0,0,0
tremendously,B2,4,12,4,adverb,3.41,0,1,0,0,0
tremor,B2,4,6,2,noun,3.05,0,0,1,0,0
trend,B1,3,5,1,noun,4.51,0,0,1,0,0
trial,B2,4,5,1,noun,4.87,0,0,1,0,0
triangle,B2,4,8,2,noun,3.93,0,0,1,0,0
tribe,B2,4,5,2,noun,4.12,0,0,1,0,0
trick,A2,2,5,1,noun,4.48,0,0,1,0,0
trick,B2,4,5,1,noun,4.48,0,0,1,0,0
tricky,B2,4,6,2,adjective,3.96,1,0,0,0,0
trigger,B1,3,7,2,noun,4.25,0,0,1,0,0
trim,B1,3,4,1,noun,3.89,0,0,1,0,0
trio,B2,4,4,1,noun,3.94,0,0,1,0,0
trip,A1,1,4,1,noun,4.9,0,0,1,0,0
trip,B2,4,4,1,noun,4.9,0,0,1,0,0
triumph,B1,3,7,1,noun,3.96,0,0,1,0,0
trivial,B2,4,7,2,adjective,3.66,1,0,0,0,0
trolley,B2,4,7,2,noun,3.44,0,0,1,0,0
troop,B2,4,5,1,noun,3.69,0,0,1,0,0
trophy,B2,4,6,2,noun,4.17,0,0,1,0,0
tropic,B2,4,6,2,noun,2.83,0,0,1,0,0
tropical,B1,3,8,3,adjective,4.18,1,0,0,0,0
trouble,A2,2,7,2,noun,4.79,0,0,1,0,0
trouble,B1,3,7,2,noun,4.79,0,0,1,0,0
troublesome,B2,4,11,4,adjective,3.39,1,0,0,0,0
trousers,A1,1,8,2,noun,3.7,0,0,1,0,0
truck,A1,1,5,1,noun,4.64,0,0,1,0,0
TRUE,A1,1,4,1,noun,5.4,0,0,1,0,0
truly,A2,2,5,2,adverb,4.87,0,1,0,0,0
trumpet,B1,3,7,2,noun,3.58,0,0,1,0,0
trunk,B2,4,5,1,noun,4.03,0,0,1,0,0
trust,B2,4,5,1,noun,5.13,0,0,1,0,0
trust,A2,2,5,1,noun,5.13,0,0,1,0,0
trustworthy,B1,3,11,3,adjective,3.51,1,0,0,0,0
trusty,B2,4,6,2,noun,3.03,0,0,1,0,0
truth,A2,2,5,1,noun,5.05,0,0,1,0,0
truthful,B2,4,8,2,adjective,3.42,1,0,0,0,0
truthfulness,B2,4,12,3,noun,2.59,0,0,1,0,0
try,A1,1,3,1,noun,5.5,0,0,1,0,0
try,A2,2,3,1,noun,5.5,0,0,1,0,0
T-shirt/tee-shirt,A1,1,17,3,unknown,3.69,0,0,0,1,0
tub,B2,4,3,1,noun,3.85,0,0,1,0,0
tube,A1,1,4,1,noun,4.36,0,0,1,0,0
tuberculosis,B2,4,12,5,noun,3.58,0,0,1,0,0
Tuesday,A1,1,7,2,noun,4.63,0,0,1,0,0
tug,B2,4,3,1,noun,3.5,0,0,1,0,0
tuition,B2,4,7,2,noun,3.97,0,0,1,0,0
tulip,B2,4,5,2,noun,3.18,0,0,1,0,0
tumble,B1,3,6,2,noun,3.41,0,0,1,0,0
tumor/tumour,B2,4,12,4,unknown,3.29,0,0,0,1,0
tuna,B1,3,4,2,noun,3.64,0,0,1,0,0
tune,A2,2,4,1,noun,4.27,0,0,1,0,0
tunnel,B2,4,6,2,noun,4.24,0,0,1,0,0
turbulence,B1,3,10,4,noun,3.55,0,0,1,0,0
turbulent,B2,4,9,3,adjective,3.47,1,0,0,0,0
turkey,A1,1,6,2,noun,4.56,0,0,1,0,0
turn,A1,1,4,1,noun,5.32,0,0,1,0,0
turning,B1,3,7,2,noun,4.71,0,0,1,0,0
turtle,B1,3,6,2,noun,3.91,0,0,1,0,0
tutor,B2,4,5,2,noun,3.67,0,0,1,0,0
TV,A1,1,2,1,noun,5.2,0,0,1,0,0
twelve,A1,1,6,2,noun,4.35,0,0,1,0,0
twenty,A1,1,6,2,noun,4.65,0,0,1,0,0
twice,A2,2,5,2,adverb,4.84,0,1,0,0,0
twin,B1,3,4,1,noun,4.34,0,0,1,0,0
twinkle,B2,4,7,2,noun,3.17,0,0,1,0,0
twist,B1,3,5,1,noun,4.22,0,0,1,0,0
twisted,B2,4,7,2,verb,3.98,0,0,0,0,1
two,A1,1,3,1,noun,6.1,0,0,1,0,0
type,A1,1,4,2,noun,5.27,0,0,1,0,0
type,B1,3,4,2,noun,5.27,0,0,1,0,0
typhoid,B2,4,7,2,noun,2.94,0,0,1,0,0
typical,B1,3,7,3,adjective,4.59,1,0,0,0,0
typically,B1,3,9,4,adverb,4.62,0,1,0,0,0
tyranny,B2,4,7,3,noun,3.52,0,0,1,0,0
tyrant,B2,4,6,2,noun,3.36,0,0,1,0,0
ugly,A1,1,4,2,adjective,4.42,1,0,0,0,0
ultimate,B2,4,8,4,noun,4.53,0,0,1,0,0
ultimately,B2,4,10,5,adverb,4.57,0,1,0,0,0
umbrella,A1,1,8,3,noun,3.89,0,0,1,0,0
unable,B1,3,6,3,adjective,4.61,1,0,0,0,0
unacceptable,B2,4,12,5,adjective,3.87,1,0,0,0,0
unafraid,B1,3,8,3,adjective,2.71,1,0,0,0,0
unashamedly,B2,4,11,5,adverb,2.36,0,1,0,0,0
unattractive,B2,4,12,5,adjective,3.36,1,0,0,0,0
unauthorized/unauthorised,B2,4,25,10,unknown,2.9,0,0,0,1,0
unavailable,B2,4,11,5,adjective,3.63,1,0,0,0,0
unaware,B2,4,7,4,adjective,3.87,1,0,0,0,0
unbearable,B2,4,10,4,adjective,3.47,1,0,0,0,0
unbeatable,B2,4,10,4,adjective,3.18,1,0,0,0,0
unbelievable,B1,3,12,5,adjective,4.08,1,0,0,0,0
uncertain,A2,2,9,3,adjective,3.99,1,0,0,0,0
uncertainty,B1,3,11,4,noun,4.03,0,0,1,0,0
unchanged,B2,4,9,3,adjective,3.74,1,0,0,0,0
uncharacteristic,B2,4,16,6,adjective,2.58,1,0,0,0,0
uncle,A1,1,5,2,noun,4.45,0,0,1,0,0
unclear,B1,3,7,2,adjective,3.93,1,0,0,0,0
unclearly,B2,4,9,3,adverb,1.32,0,1,0,0,0
uncomfortable,A2,2,13,5,adjective,4.19,1,0,0,0,0
uncomfortably,B2,4,13,5,adverb,3.0,0,1,0,0,0
uncommon,B2,4,8,3,adjective,3.87,1,0,0,0,0
unconcerned,B2,4,11,4,adjective,2.74,1,0,0,0,0
unconscious,B2,4,11,3,noun,3.94,0,0,1,0,0
uncontrollable,B1,3,14,5,adjective,3.16,1,0,0,0,0
uncover,B1,3,7,3,verb,3.48,0,0,0,0,1
under,A1,1,5,2,adjective,5.73,1,0,0,0,0
underage,B1,3,8,4,adjective,3.47,1,0,0,0,0
underestimate,B2,4,13,6,noun,3.69,0,0,1,0,0
undergo,B1,3,7,3,verb,3.81,0,0,0,0,1
undergraduate,B2,4,13,5,noun,3.85,0,0,1,0,0
underground,B2,4,11,3,noun,4.32,0,0,1,0,0
underline,A1,1,9,4,noun,2.98,0,0,1,0,0
underline,B1,3,9,4,noun,2.98,0,0,1,0,0
underneath,B2,4,10,3,adverb,4.08,0,1,0,0,0
underneath,B1,3,10,3,adverb,4.08,0,1,0,0,0
underpants,B1,3,10,3,noun,2.92,0,0,1,0,0
undersea,B2,4,8,3,adjective,2.86,1,0,0,0,0
understand,A2,2,10,3,verb,5.37,0,0,0,0,1
understandable,B2,4,14,5,adjective,3.74,1,0,0,0,0
understanding,B2,4,13,4,noun,4.82,0,0,1,0,0
undertake,B2,4,9,4,verb,3.73,0,0,0,0,1
underwater,A2,2,10,4,adjective,3.92,1,0,0,0,0
underwater,B2,4,10,4,adjective,3.92,1,0,0,0,0
underwear,B2,4,9,3,noun,3.96,0,0,1,0,0
undo,B1,3,4,2,verb,3.57,0,0,0,0,1
undoubtedly,B2,4,11,4,adverb,3.88,0,1,0,0,0
undreamed,B2,4,9,3,adjective,1.69,1,0,0,0,0
undress,B1,3,7,2,noun,2.87,0,0,1,0,0
undressed,B2,4,9,3,verb,2.96,0,0,0,0,1
unease,B2,4,6,3,noun,2.78,0,0,1,0,0
uneasily,B2,4,8,4,adverb,2.33,0,1,0,0,0
uneasy,A2,2,6,3,adjective,3.45,1,0,0,0,0
unemployed,B1,3,10,3,noun,3.9,0,0,1,0,0
unemployment,B1,3,12,4,noun,4.22,0,0,1,0,0
unenthusiastic,B2,4,14,5,adjective,2.25,1,0,0,0,0
uneven,B2,4,6,3,adjective,3.55,1,0,0,0,0
unexpected,B1,3,10,4,adjective,4.23,1,0,0,0,0
unexpectedly,B1,3,12,5,adverb,3.71,0,1,0,0,0
unfair,A2,2,6,2,adjective,4.17,1,0,0,0,0
unfairly,B1,3,8,3,adverb,3.36,0,1,0,0,0
unfamiliar,B2,4,10,4,adjective,3.62,1,0,0,0,0
unfashionable,B2,4,13,5,adjective,2.44,1,0,0,0,0
unfit,B1,3,5,2,verb,3.52,0,0,0,0,1
unfold,B1,3,6,2,verb,3.45,0,0,0,0,1
unforeseen,B2,4,10,4,adjective,3.17,1,0,0,0,0
unforgettable,A2,2,13,5,adjective,3.49,1,0,0,0,0
unfortunate,B1,3,11,5,noun,4.12,0,0,1,0,0
unfortunately,A2,2,13,6,adverb,4.62,0,1,0,0,0
unfriendly,B1,3,10,3,adjective,3.1,1,0,0,0,0
ungodly,B2,4,7,3,adjective,2.91,1,0,0,0,0
unhappiness,B2,4,11,4,noun,3.15,0,0,1,0,0
unhappy,A2,2,7,3,adjective,4.06,1,0,0,0,0
unhealthy,A2,2,9,3,adjective,3.72,1,0,0,0,0
unheard,B1,3,7,2,adjective,3.37,1,0,0,0,0
unhelpful,B2,4,9,3,adjective,2.99,1,0,0,0,0
uniform,A2,2,7,3,noun,4.33,0,0,1,0,0
unify,B1,3,5,3,verb,3.07,0,0,0,0,1
unimaginable,B2,4,12,6,adjective,3.15,1,0,0,0,0
unimaginably,B2,4,12,6,adverb,2.34,0,1,0,0,0
unimportant,A2,2,11,4,adjective,3.23,1,0,0,0,0
uninterested,B1,3,12,5,adjective,3.02,1,0,0,0,0
uninteresting,B1,3,13,5,adjective,2.87,1,0,0,0,0
union,B1,3,5,2,noun,5.08,0,0,1,0,0
unique,B1,3,6,3,adjective,4.75,1,0,0,0,0
unit,A2,2,4,2,noun,4.95,0,0,1,0,0
unite,B1,3,5,3,verb,3.9,0,0,0,0,1
united,B2,4,6,3,verb,5.47,0,0,0,0,1
universal,B2,4,9,4,noun,4.49,0,0,1,0,0
universe,B1,3,8,4,noun,4.59,0,0,1,0,0
university,A2,2,10,5,noun,5.39,0,0,1,0,0
unjustly,B2,4,8,3,adverb,2.93,0,1,0,0,0
unkind,B2,4,6,2,adjective,2.99,1,0,0,0,0
unknown,A2,2,7,2,noun,4.53,0,0,1,0,0
unless,B1,3,6,2,unknown,4.98,0,0,0,1,0
unlike,A2,2,6,3,adjective,4.57,1,0,0,0,0
unlike,B2,4,6,3,adjective,4.57,1,0,0,0,0
unlikely,B1,3,8,4,adjective,4.31,1,0,0,0,0
unlimited,B2,4,9,4,adjective,4.1,1,0,0,0,0
unload,B2,4,6,2,verb,3.24,0,0,0,0,1
unlock,B2,4,6,2,verb,3.9,0,0,0,0,1
unlucky,B1,3,7,3,adjective,3.63,1,0,0,0,0
unmistakable,B2,4,12,5,adjective,3.08,1,0,0,0,0
unmistakably,B2,4,12,5,adverb,2.63,0,1,0,0,0
unnatural,B2,4,9,4,adjective,3.48,1,0,0,0,0
unnecessary,A2,2,11,5,adjective,4.18,1,0,0,0,0
unofficial,B2,4,10,4,adjective,3.66,1,0,0,0,0
unpack,B1,3,6,2,verb,3.04,0,0,0,0,1
unpleasant,A2,2,10,3,adjective,3.8,1,0,0,0,0
unpopular,B2,4,9,4,adjective,3.72,1,0,0,0,0
unpredictable,B1,3,13,5,adjective,3.68,1,0,0,0,0
unrealistic,B2,4,11,4,adjective,3.54,1,0,0,0,0
unreasonable,B2,4,12,5,adjective,3.75,1,0,0,0,0
unrelated,B1,3,9,4,adjective,3.8,1,0,0,0,0
unreliable,B2,4,10,4,adjective,3.53,1,0,0,0,0
unrest,B2,4,6,2,noun,3.61,0,0,1,0,0
unsafe,B2,4,6,3,adjective,3.67,1,0,0,0,0
unsatisfactory,B2,4,14,6,adjective,3.05,1,0,0,0,0
unselfish,B2,4,9,3,adjective,2.72,1,0,0,0,0
unstoppable,B2,4,11,4,adjective,3.48,1,0,0,0,0
unsuccessful,B2,4,12,4,adjective,3.73,1,0,0,0,0
unsuitable,B2,4,10,4,adjective,3.27,1,0,0,0,0
unsure,B2,4,6,3,adjective,3.75,1,0,0,0,0
untalented,B2,4,10,4,adjective,2.18,1,0,0,0,0
unthinkably,B2,4,11,4,adverb,1.51,0,1,0,0,0
untidy,B1,3,6,3,adjective,2.61,1,0,0,0,0
untie,B2,4,5,2,verb,2.51,0,0,0,0,1
until,B1,3,5,2,unknown,5.61,0,0,0,1,0
until,A1,1,5,2,unknown,5.61,0,0,0,1,0
unto,B2,4,4,2,unknown,3.96,0,0,0,1,0
untreated,B2,4,9,3,adjective,3.33,1,0,0,0,0
untrimmed,B2,4,9,3,adjective,1.84,1,0,0,0,0
unusual,A2,2,7,3,adjective,4.45,1,0,0,0,0
unusually,B1,3,9,4,adverb,3.76,0,1,0,0,0
unusualness,B2,4,11,4,noun,1.09,0,0,1,0,0
unwanted,B1,3,8,3,adjective,3.78,1,0,0,0,0
unwell,B1,3,6,2,adjective,3.14,1,0,0,0,0
unwilling,B2,4,9,3,adjective,3.7,1,0,0,0,0
unwise,B2,4,6,3,adjective,3.09,1,0,0,0,0
unworldly,B2,4,9,3,adjective,1.87,1,0,0,0,0
up,A2,2,2,1,verb,6.39,0,0,0,0,1
up,A1,1,2,1,verb,6.39,0,0,0,0,1
upbringing,B2,4,10,3,noun,3.43,0,0,1,0,0
update,B2,4,6,3,noun,4.69,0,0,1,0,0
update,B1,3,6,3,noun,4.69,0,0,1,0,0
upgrade,B2,4,7,3,noun,4.24,0,0,1,0,0
uplifted,B1,3,8,3,verb,2.68,0,0,0,0,1
upload,B1,3,6,2,verb,3.99,0,0,0,0,1
upon,A2,2,4,2,unknown,5.12,0,0,0,1,0
upper,B1,3,5,2,noun,4.72,0,0,1,0,0
upright,B2,4,7,2,noun,3.74,0,0,1,0,0
upset,A2,2,5,2,noun,4.61,0,0,1,0,0
upset,B2,4,5,2,noun,4.61,0,0,1,0,0
upside down,B2,4,11,4,unknown,4.0,0,0,0,1,0
upstairs,B1,3,8,2,noun,3.87,0,0,1,0,0
upstairs,A2,2,8,2,noun,3.87,0,0,1,0,0
up-to-date,B1,3,10,4,adjective,5.19,1,0,0,0,0
upward,B1,3,6,2,adjective,3.71,1,0,0,0,0
urban,B2,4,5,2,adjective,4.65,1,0,0,0,0
urge,B1,3,4,2,noun,4.11,0,0,1,0,0
urge,B2,4,4,2,noun,4.11,0,0,1,0,0
urgent,B1,3,6,2,adjective,4.15,1,0,0,0,0
urgently,B2,4,8,3,adverb,3.48,0,1,0,0,0
us,A1,1,2,1,noun,6.04,0,0,1,0,0
usage,B1,3,5,3,noun,4.23,0,0,1,0,0
use,A2,2,3,2,noun,5.81,0,0,1,0,0
use,A1,1,3,2,noun,5.81,0,0,1,0,0
used,A2,2,4,1,verb,5.8,0,0,0,0,1
used to,B1,3,7,3,unknown,5.79,0,0,0,1,0
useful,A2,2,6,3,adjective,4.72,1,0,0,0,0
useless,B1,3,7,3,adjective,4.22,1,0,0,0,0
user,B2,4,4,2,noun,4.69,0,0,1,0,0
usher,B2,4,5,2,noun,3.51,0,0,1,0,0
usual,A2,2,5,2,adjective,4.62,1,0,0,0,0
usually,A1,1,7,3,adverb,5.15,0,1,0,0,0
utility,B2,4,7,4,noun,4.27,0,0,1,0,0
utilize/utilise,B2,4,15,8,unknown,2.89,0,0,0,1,0
utter,B2,4,5,2,verb,3.85,0,0,0,0,1
utterly,B2,4,7,3,adverb,4.02,0,1,0,0,0
vacancy,B1,3,7,3,noun,3.65,0,0,1,0,0
vacant,B2,4,6,2,adjective,3.8,1,0,0,0,0
vacation,A1,1,8,3,noun,4.4,0,0,1,0,0
vaccine,B2,4,7,3,noun,4.0,0,0,1,0,0
vague,B1,3,5,2,adjective,3.87,1,0,0,0,0
vain,B1,3,4,1,adjective,3.74,1,0,0,0,0
valentine,B2,4,9,4,noun,3.77,0,0,1,0,0
valid,B2,4,5,2,adjective,4.38,1,0,0,0,0
valley,A2,2,6,2,noun,4.72,0,0,1,0,0
valuable,B1,3,8,3,noun,4.51,0,0,1,0,0
value,A2,2,5,2,noun,5.15,0,0,1,0,0
value,B2,4,5,2,noun,5.15,0,0,1,0,0
van,B1,3,3,1,noun,4.78,0,0,1,0,0
vanish,B2,4,6,2,verb,3.39,0,0,0,0,1
vanity,B2,4,6,3,noun,3.74,0,0,1,0,0
variation,B2,4,9,3,noun,4.08,0,0,1,0,0
varied,B2,4,6,2,verb,4.03,0,0,0,0,1
variety,B1,3,7,3,noun,4.75,0,0,1,0,0
various,B1,3,7,2,adjective,5.12,1,0,0,0,0
vary,B1,3,4,2,verb,4.25,0,0,0,0,1
vase,A1,1,4,1,noun,3.54,0,0,1,0,0
vast,B1,3,4,1,adjective,4.49,1,0,0,0,0
vegetable,A1,1,9,4,noun,3.94,0,0,1,0,0
vegetarian,B1,3,10,4,noun,3.78,0,0,1,0,0
vehicle,B1,3,7,3,noun,4.76,0,0,1,0,0
vein,B1,3,4,1,noun,3.77,0,0,1,0,0
venture,B2,4,7,3,noun,4.26,0,0,1,0,0
venue,B2,4,5,2,noun,4.25,0,0,1,0,0
verb,A2,2,4,1,noun,3.72,0,0,1,0,0
verbal,B2,4,6,2,adjective,3.91,1,0,0,0,0
verbally,B2,4,8,3,adverb,3.41,0,1,0,0,0
verse,B2,4,5,2,noun,4.18,0,0,1,0,0
version,B2,4,7,2,noun,5.07,0,0,1,0,0
versus,B2,4,6,2,unknown,4.32,0,0,0,1,0
very,B2,4,4,2,adjective,6.0,1,0,0,0,0
very,A1,1,4,2,adjective,6.0,1,0,0,0,0
vessel,B1,3,6,2,noun,4.27,0,0,1,0,0
vet,B1,3,3,1,noun,3.9,0,0,1,0,0
veteran,B2,4,7,3,noun,4.21,0,0,1,0,0
via,B1,3,3,1,unknown,5.02,0,0,0,1,0
vibrate,B2,4,7,3,verb,3.06,0,0,0,0,1
vibration,B2,4,9,3,noun,3.59,0,0,1,0,0
vice,B1,3,4,1,noun,4.71,0,0,1,0,0
vice president,B1,3,14,5,unknown,4.64,0,0,0,1,0
victim,B1,3,6,2,noun,4.56,0,0,1,0,0
victory,B1,3,7,3,noun,4.73,0,0,1,0,0
video,A1,1,5,2,noun,5.43,0,0,1,0,0
video clip,B1,3,10,3,unknown,4.23,0,0,0,1,0
video game,A2,2,10,4,unknown,5.25,0,0,0,1,0
view,A2,2,4,1,noun,5.19,0,0,1,0,0
view,B1,3,4,1,noun,5.19,0,0,1,0,0
viewer,B2,4,6,2,noun,3.77,0,0,1,0,0
viewpoint,B1,3,9,2,noun,3.64,0,0,1,0,0
vigor/vigour,B2,4,12,4,unknown,2.64,0,0,0,1,0
vigorous,B2,4,8,3,adjective,3.46,1,0,0,0,0
vigorously,B2,4,10,4,adverb,3.39,0,1,0,0,0
villa,B2,4,5,2,noun,4.2,0,0,1,0,0
village,A2,2,7,3,noun,4.82,0,0,1,0,0
villager,B2,4,8,3,noun,2.9,0,0,1,0,0
vinegar,B2,4,7,3,noun,3.64,0,0,1,0,0
violate,B2,4,7,3,verb,3.75,0,0,0,0,1
violence,B1,3,8,3,noun,4.75,0,0,1,0,0
violent,A2,2,7,2,adjective,4.46,1,0,0,0,0
violently,B1,3,9,3,adverb,3.62,0,1,0,0,0
violin,A2,2,6,2,noun,3.74,0,0,1,0,0
virtual,B1,3,7,2,adjective,4.32,1,0,0,0,0
virtual reality,B2,4,15,5,unknown,4.22,0,0,0,1,0
virtually,B2,4,9,3,adverb,4.26,0,1,0,0,0
virtue,B2,4,6,2,noun,3.94,0,0,1,0,0
virus,B1,3,5,2,noun,4.42,0,0,1,0,0
visa,B1,3,4,2,noun,4.13,0,0,1,0,0
visible,B1,3,7,3,adjective,4.39,1,0,0,0,0
visibly,B2,4,7,3,adverb,3.39,0,1,0,0,0
vision,B1,3,6,2,noun,4.63,0,0,1,0,0
visit,A1,1,5,2,noun,5.04,0,0,1,0,0
visitor,A2,2,7,3,noun,4.01,0,0,1,0,0
visual,B1,3,6,2,adjective,4.5,1,0,0,0,0
visually,B1,3,8,3,adverb,3.68,0,1,0,0,0
vital,B2,4,5,2,adjective,4.38,1,0,0,0,0
vitamin,B2,4,7,3,noun,4.01,0,0,1,0,0
vivid,B1,3,5,2,adjective,3.75,1,0,0,0,0
vividly,B1,3,7,3,adverb,3.26,0,1,0,0,0
vocabulary,A2,2,10,5,noun,3.82,0,0,1,0,0
vocalist,B2,4,8,3,noun,3.4,0,0,1,0,0
voice,A2,2,5,2,noun,5.07,0,0,1,0,0
volcano,B1,3,7,3,noun,3.76,0,0,1,0,0
volleyball,A1,1,10,3,noun,3.85,0,0,1,0,0
volume,B1,3,6,3,noun,4.76,0,0,1,0,0
volunteer,B2,4,9,3,noun,4.28,0,0,1,0,0
volunteer,B1,3,9,3,noun,4.28,0,0,1,0,0
vomit,B2,4,5,2,noun,3.53,0,0,1,0,0
vote,A1,1,4,1,noun,5.11,0,0,1,0,0
vote,B1,3,4,1,noun,5.11,0,0,1,0,0
voter,B2,4,5,2,noun,4.11,0,0,1,0,0
vow,B2,4,3,1,noun,3.56,0,0,1,0,0
vowel,B1,3,5,2,noun,3.33,0,0,1,0,0
voyage,B1,3,6,2,noun,3.89,0,0,1,0,0
wage,B2,4,4,1,noun,4.44,0,0,1,0,0
wagon,B1,3,5,2,noun,3.9,0,0,1,0,0
waist,B2,4,5,1,noun,3.96,0,0,1,0,0
waistcoat,B2,4,9,2,noun,2.66,0,0,1,0,0
wait,B2,4,4,1,noun,5.35,0,0,1,0,0
wait,A1,1,4,1,noun,5.35,0,0,1,0,0
waiter,A1,1,6,2,noun,3.61,0,0,1,0,0
waitress,A1,1,8,2,noun,3.56,0,0,1,0,0
wake,A1,1,4,1,noun,4.76,0,0,1,0,0
wake,B1,3,4,1,noun,4.76,0,0,1,0,0
walk,A1,1,4,1,noun,5.08,0,0,1,0,0
walkabout,B2,4,9,3,noun,2.51,0,0,1,0,0
walker,B2,4,6,2,noun,4.42,0,0,1,0,0
walking,A2,2,7,2,noun,4.86,0,0,1,0,0
wall,A1,1,4,1,noun,5.04,0,0,1,0,0
wallboard,B2,4,9,2,noun,1.87,0,0,1,0,0
wallet,A2,2,6,2,noun,4.15,0,0,1,0,0
walnut,B2,4,6,2,noun,3.56,0,0,1,0,0
wander,A2,2,6,2,verb,3.67,0,0,0,0,1
want,B2,4,4,1,noun,6.04,0,0,1,0,0
want,A1,1,4,1,noun,6.04,0,0,1,0,0
war,A1,1,3,1,noun,5.46,0,0,1,0,0
ward,B1,3,4,1,noun,4.37,0,0,1,0,0
wardrobe,B1,3,8,3,noun,3.8,0,0,1,0,0
warm,A1,1,4,1,verb,4.71,0,0,0,0,1
warm,B1,3,4,1,verb,4.71,0,0,0,0,1
warmly,B1,3,6,2,adverb,3.24,0,1,0,0,0
warmth,B1,3,6,1,noun,3.8,0,0,1,0,0
warn,B1,3,4,1,verb,4.02,0,0,0,0,1
warning,B1,3,7,2,noun,4.59,0,0,1,0,0
warranty,B1,3,8,3,noun,3.73,0,0,1,0,0
warrior,B1,3,7,2,noun,4.16,0,0,1,0,0
warship,B2,4,7,2,noun,3.15,0,0,1,0,0
wartime,B2,4,7,3,noun,3.59,0,0,1,0,0
was,A1,1,3,1,noun,6.82,0,0,1,0,0
wash,A1,1,4,1,noun,4.46,0,0,1,0,0
washbowl,B1,3,8,2,noun,1.1,0,0,1,0,0
washing machine,A2,2,15,5,unknown,4.06,0,0,0,1,0
washing-up,A2,2,10,3,noun,4.13,0,0,1,0,0
wasp,B2,4,4,1,noun,3.35,0,0,1,0,0
waste,B1,3,5,2,noun,4.81,0,0,1,0,0
wasteful,B1,3,8,3,adjective,3.27,1,0,0,0,0
watch,A1,1,5,1,noun,5.34,0,0,1,0,0
water,A1,1,5,2,noun,5.52,0,0,1,0,0
water,B2,4,5,2,noun,5.52,0,0,1,0,0
waterfall,B1,3,9,3,noun,3.54,0,0,1,0,0
waterproof,B2,4,10,3,noun,3.55,0,0,1,0,0
wave,A2,2,4,1,noun,4.62,0,0,1,0,0
wave,B1,3,4,1,noun,4.62,0,0,1,0,0
wax,B1,3,3,1,noun,3.92,0,0,1,0,0
way,A1,1,3,1,noun,6.01,0,0,1,0,0
we,A1,1,2,1,unknown,6.54,0,0,0,1,0
weak,A2,2,4,1,adjective,4.66,1,0,0,0,0
weaken,B2,4,6,2,verb,3.49,0,0,0,0,1
weakly,B2,4,6,2,adjective,3.17,1,0,0,0,0
weakness,B1,3,8,2,noun,4.19,0,0,1,0,0
wealth,A2,2,6,1,noun,4.51,0,0,1,0,0
wealthy,B2,4,7,2,adjective,4.21,1,0,0,0,0
weapon,B1,3,6,2,noun,4.54,0,0,1,0,0
wear,A1,1,4,1,noun,4.92,0,0,1,0,0
wearisome,B2,4,9,4,adjective,1.98,1,0,0,0,0
weary,B2,4,5,2,verb,3.61,0,0,0,0,1
weather,A1,1,7,2,noun,4.87,0,0,1,0,0
weather forecast,B1,3,16,5,unknown,4.03,0,0,0,1,0
weave,B2,4,5,2,noun,3.53,0,0,1,0,0
web,A2,2,3,1,noun,4.74,0,0,1,0,0
web page,A2,2,8,3,unknown,4.59,0,0,0,1,0
webcam,B1,3,6,2,noun,3.49,0,0,1,0,0
website,A2,2,7,3,noun,5.09,0,0,1,0,0
wed,B2,4,3,1,noun,3.66,0,0,1,0,0
wedding,A2,2,7,2,noun,4.83,0,0,1,0,0
Wednesday,A1,1,9,3,noun,4.59,0,0,1,0,0
weed,B2,4,4,1,noun,4.27,0,0,1,0,0
week,A1,1,4,1,noun,5.56,0,0,1,0,0
weekday,A2,2,7,2,noun,3.31,0,0,1,0,0
weekend,A1,1,7,2,noun,4.93,0,0,1,0,0
weekly,A2,2,6,2,noun,4.57,0,0,1,0,0
weep,A2,2,4,1,verb,3.37,0,0,0,0,1
weigh,A2,2,5,1,verb,3.99,0,0,0,0,1
weight,A2,2,6,1,noun,5.02,0,0,1,0,0
weird,B1,3,5,1,noun,4.81,0,0,1,0,0
welcome,B1,3,7,3,noun,4.99,0,0,1,0,0
welcome,A1,1,7,3,noun,4.99,0,0,1,0,0
welcome,B2,4,7,3,noun,4.99,0,0,1,0,0
welfare,B2,4,7,3,noun,4.43,0,0,1,0,0
well,A1,1,4,1,noun,6.03,0,0,1,0,0
well-balanced,B2,4,13,4,adjective,4.17,1,0,0,0,0
well-built,B2,4,10,2,unknown,5.03,0,0,0,1,0
well-dressed,B1,3,12,3,adjective,4.41,1,0,0,0,0
well-known,A2,2,10,2,adjective,5.3,1,0,0,0,0
well-organized/well-organised,B2,4,29,10,unknown,3.94,0,0,0,1,0
well-paid,B2,4,9,2,unknown,5.07,0,0,0,1,0
were,A1,1,4,2,verb,6.34,0,0,0,0,1
west,A2,2,4,1,noun,5.29,0,0,1,0,0
western,B2,4,7,2,noun,5.01,0,0,1,0,0
westward,B1,3,8,2,noun,3.35,0,0,1,0,0
wet,A2,2,3,1,noun,4.54,0,0,1,0,0
wetland,B1,3,7,2,noun,3.14,0,0,1,0,0
whale,B1,3,5,2,noun,3.98,0,0,1,0,0
what,A1,1,4,1,unknown,6.38,0,0,0,1,0
whatever,A2,2,8,3,adjective,5.14,1,0,0,0,0
whatever,B1,3,8,3,adjective,5.14,1,0,0,0,0
wheat,B2,4,5,1,noun,4.01,0,0,1,0,0
wheel,A1,1,5,1,noun,4.5,0,0,1,0,0
wheelchair,A2,2,10,2,noun,3.86,0,0,1,0,0
when,A1,1,4,1,unknown,6.37,0,0,0,1,0
whenever,B1,3,8,3,unknown,4.63,0,0,0,1,0
where,A1,1,5,2,unknown,6.0,0,0,0,1,0
whereas,B2,4,7,2,unknown,4.41,0,0,0,1,0
wherever,B1,3,8,3,adverb,4.27,0,1,0,0,0
whether,B1,3,7,2,unknown,5.32,0,0,0,1,0
which,A1,1,5,1,unknown,6.3,0,0,0,1,0
whichever,B1,3,9,3,unknown,3.7,0,0,0,1,0
whichever,B2,4,9,3,unknown,3.7,0,0,0,1,0
while,A2,2,5,2,noun,5.86,0,0,1,0,0
while,B1,3,5,2,noun,5.86,0,0,1,0,0
whip,B2,4,4,1,noun,4.01,0,0,1,0,0
whiskey/whisky,B2,4,14,4,unknown,3.4,0,0,0,1,0
whisper,B1,3,7,2,noun,3.74,0,0,1,0,0
whisper,B2,4,7,2,noun,3.74,0,0,1,0,0
whistle,B1,3,7,2,noun,3.88,0,0,1,0,0
whistle,B2,4,7,2,noun,3.88,0,0,1,0,0
white,A1,1,5,2,noun,5.51,0,0,1,0,0
who,A1,1,3,1,noun,6.34,0,0,1,0,0
whoever,B1,3,7,2,unknown,4.42,0,0,0,1,0
whole,A2,2,5,2,noun,5.46,0,0,1,0,0
whole,B1,3,5,2,noun,5.46,0,0,1,0,0
whom,A2,2,4,1,unknown,4.85,0,0,0,1,0
whose,A1,1,5,2,unknown,5.07,0,0,0,1,0
why,A1,1,3,1,noun,5.93,0,0,1,0,0
wide,A2,2,4,1,adjective,4.96,1,0,0,0,0
widely,A2,2,6,3,adverb,4.54,0,1,0,0,0
widen,B2,4,5,2,verb,3.25,0,0,0,0,1
widespread,B1,3,10,3,adjective,4.19,1,0,0,0,0
widow,B2,4,5,2,noun,4.08,0,0,1,0,0
width,B2,4,5,1,noun,4.02,0,0,1,0,0
wife,A1,1,4,1,noun,5.23,0,0,1,0,0
wild,A2,2,4,1,noun,4.8,0,0,1,0,0
wilderness,B2,4,10,3,noun,3.95,0,0,1,0,0
wildlife,B1,3,8,3,noun,4.33,0,0,1,0,0
wildly,B1,3,6,2,adverb,3.71,0,1,0,0,0
will,A1,1,4,1,noun,6.45,0,0,1,0,0
will,B2,4,4,1,noun,6.45,0,0,1,0,0
willing,B2,4,7,2,noun,4.72,0,0,1,0,0
willingly,B2,4,9,3,adverb,3.58,0,1,0,0,0
willingness,B1,3,11,3,noun,3.82,0,0,1,0,0
win,B2,4,3,1,noun,5.39,0,0,1,0,0
win,A1,1,3,1,noun,5.39,0,0,1,0,0
wind,A1,1,4,1,noun,4.84,0,0,1,0,0
wind,B2,4,4,1,noun,4.84,0,0,1,0,0
winding,B2,4,7,2,noun,3.71,0,0,1,0,0
window,A1,1,6,2,noun,4.8,0,0,1,0,0
windscreen,B1,3,10,2,noun,2.91,0,0,1,0,0
windshield,B2,4,10,2,noun,3.41,0,0,1,0,0
windsurfing,B1,3,11,3,verb,2.48,0,0,0,0,1
windy,A2,2,5,2,adjective,3.57,1,0,0,0,0
wine,A2,2,4,1,noun,4.74,0,0,1,0,0
wing,B1,3,4,1,noun,4.61,0,0,1,0,0
wink,B2,4,4,1,noun,3.5,0,0,1,0,0
winner,A2,2,6,2,noun,4.8,0,0,1,0,0
winter,A1,1,6,2,noun,4.89,0,0,1,0,0
wipe,B2,4,4,1,noun,4.01,0,0,1,0,0
wire,B1,3,4,1,noun,4.43,0,0,1,0,0
wire,B2,4,4,1,noun,4.43,0,0,1,0,0
wisdom,A2,2,6,2,noun,4.3,0,0,1,0,0
wise,A2,2,4,1,noun,4.51,0,0,1,0,0
wish,A1,1,4,1,noun,5.18,0,0,1,0,0
wish,A2,2,4,1,noun,5.18,0,0,1,0,0
wit,B2,4,3,1,noun,3.96,0,0,1,0,0
with,A1,1,4,1,unknown,6.85,0,0,0,1,0
withdraw,B2,4,8,2,verb,4.05,0,0,0,0,1
withdrawal,B2,4,10,3,noun,4.05,0,0,1,0,0
wither,B1,3,6,2,verb,3.02,0,0,0,0,1
within,A2,2,6,2,adverb,5.44,0,1,0,0,0
without,A2,2,7,2,unknown,5.69,0,0,0,1,0
witness,B2,4,7,2,noun,4.52,0,0,1,0,0
witness,B1,3,7,2,noun,4.52,0,0,1,0,0
witty,B2,4,5,2,adjective,3.56,1,0,0,0,0
wizard,B1,3,6,2,noun,3.93,0,0,1,0,0
wolf,B2,4,4,1,noun,4.35,0,0,1,0,0
woman,A1,1,5,2,noun,5.35,0,0,1,0,0
wonder,B1,3,6,2,noun,4.93,0,0,1,0,0
wonder,A2,2,6,2,noun,4.93,0,0,1,0,0
wonderful,A1,1,9,3,adjective,4.85,1,0,0,0,0
wondrous,B2,4,8,2,adjective,3.12,1,0,0,0,0
wood,A2,2,4,1,noun,4.78,0,0,1,0,0
woodcarving,B2,4,11,3,noun,1.94,0,0,1,0,0
wooden,A2,2,6,2,adjective,4.33,1,0,0,0,0
wool,A2,2,4,1,noun,3.91,0,0,1,0,0
word,A1,1,4,1,noun,5.26,0,0,1,0,0
wordlessly,B2,4,10,3,adverb,2.03,0,1,0,0,0
work,A1,1,4,1,noun,5.96,0,0,1,0,0
workaholic,B2,4,10,4,noun,2.64,0,0,1,0,0
workbench,B2,4,9,2,noun,2.59,0,0,1,0,0
worker,A1,1,6,2,noun,4.43,0,0,1,0,0
working,B1,3,7,2,noun,5.45,0,0,1,0,0
workman,B2,4,7,2,noun,2.96,0,0,1,0,0
workout,B1,3,7,2,noun,4.02,0,0,1,0,0
workplace,B1,3,9,3,noun,4.04,0,0,1,0,0
workshop,B1,3,8,2,noun,4.15,0,0,1,0,0
worktable,B2,4,9,3,noun,1.54,0,0,1,0,0
world,A1,1,5,1,noun,5.89,0,0,1,0,0
worldly,B2,4,7,2,adjective,3.34,1,0,0,0,0
worldview,B2,4,9,2,unknown,3.26,0,0,0,1,0
worldwide,B2,4,9,3,adjective,4.54,1,0,0,0,0
worldwide,A2,2,9,3,adjective,4.54,1,0,0,0,0
worm,B2,4,4,1,noun,3.77,0,0,1,0,0
worn,B1,3,4,1,verb,4.26,0,0,0,0,1
wornout/worn out/worn-out,B2,4,25,6,unknown,1.1,0,0,0,1,0
worried,A2,2,7,2,verb,4.63,0,0,0,0,1
worry,A1,1,5,2,noun,4.84,0,0,1,0,0
worry,A2,2,5,2,noun,4.84,0,0,1,0,0
worrying,B2,4,8,2,noun,4.12,0,0,1,0,0
worse,A2,2,5,2,noun,4.89,0,0,1,0,0
worse,B2,4,5,2,noun,4.89,0,0,1,0,0
worsen,B2,4,6,2,verb,3.06,0,0,0,0,1
worship,B2,4,7,2,noun,4.29,0,0,1,0,0
worst,A2,2,5,1,noun,4.93,0,0,1,0,0
worst,B2,4,5,1,noun,4.93,0,0,1,0,0
worst,B1,3,5,1,noun,4.93,0,0,1,0,0
worth,B1,3,5,1,noun,5.16,0,0,1,0,0
worthless,B2,4,9,2,adjective,3.82,1,0,0,0,0
worthwhile,B1,3,10,3,adjective,3.74,1,0,0,0,0
worthy,B1,3,6,2,noun,4.29,0,0,1,0,0
would,A1,1,5,1,unknown,6.27,0,0,0,1,0
wound,B1,3,5,1,noun,4.24,0,0,1,0,0
wound,B2,4,5,1,noun,4.24,0,0,1,0,0
wrap,B1,3,4,1,noun,4.2,0,0,1,0,0
wrapping,B1,3,8,2,noun,3.58,0,0,1,0,0
wreck,B2,4,5,1,noun,3.96,0,0,1,0,0
wrist,B1,3,5,1,noun,4.01,0,0,1,0,0
wristwatch,B1,3,10,2,noun,2.7,0,0,1,0,0
write,A1,1,5,2,verb,5.03,0,0,0,0,1
writer,A1,1,6,2,noun,4.69,0,0,1,0,0
writing,A2,2,7,2,noun,5.07,0,0,1,0,0
written,B1,3,7,2,verb,5.09,0,0,0,0,1
wrong,A1,1,5,1,noun,5.39,0,0,1,0,0
wrong,A2,2,5,1,noun,5.39,0,0,1,0,0
wrongly,B2,4,7,2,adverb,3.46,0,1,0,0,0
X-ray,B2,4,5,1,noun,4.57,0,0,1,0,0
yacht,B2,4,5,1,noun,3.82,0,0,1,0,0
yard,A1,1,4,1,noun,4.57,0,0,1,0,0
yawn,B2,4,4,1,noun,3.07,0,0,1,0,0
yeah,A2,2,4,1,adverb,5.37,0,1,0,0,0
year,A1,1,4,1,noun,5.96,0,0,1,0,0
yearn,B2,4,5,1,verb,2.97,0,0,0,0,1
yell,B1,3,4,1,noun,3.85,0,0,1,0,0
yell,B2,4,4,1,noun,3.85,0,0,1,0,0
yellow,A1,1,6,2,noun,4.69,0,0,1,0,0
yes,A1,1,3,1,noun,5.5,0,0,1,0,0
yesterday,A1,1,9,3,noun,4.91,0,0,1,0,0
yet,A1,1,3,1,adverb,5.54,0,1,0,0,0
yet,B1,3,3,1,adverb,5.54,0,1,0,0,0
yield,B2,4,5,1,noun,4.16,0,0,1,0,0
yoga,B1,3,4,2,noun,4.2,0,0,1,0,0
yogurt/yoghurt,A1,1,14,4,unknown,2.92,0,0,0,1,0
you,A1,1,3,1,unknown,6.98,0,0,0,1,0
young,A1,1,5,1,noun,5.43,0,0,1,0,0
your,A1,1,4,1,unknown,6.53,0,0,0,1,0
yours,A1,1,5,1,unknown,4.75,0,0,0,1,0
yourself,A1,1,8,2,unknown,5.31,0,0,0,1,0
youth,A2,2,5,1,noun,4.75,0,0,1,0,0
youthful,B2,4,8,2,adjective,3.58,1,0,0,0,0
yummy,B2,4,5,2,adjective,3.54,1,0,0,0,0
zebra,B2,4,5,2,noun,3.4,0,0,1,0,0
zip,B2,4,3,1,noun,3.87,0,0,1,0,0
zone,A2,2,4,1,noun,4.72,0,0,1,0,0
zoo,A1,1,3,1,noun,4.14,0,0,1,0,0
zoom,B2,4,4,1,noun,3.83,0,0,1,0,0
exterior,C1,5,8,3,noun,3.91,0,0,1,0,0
cloak,C1,5,5,1,noun,3.57,0,0,1,0,0
timid,C1,5,5,2,noun,3.25,0,0,1,0,0
reluctantly,C1,5,11,4,adverb,3.45,0,1,0,0,0
complexity,C1,5,10,4,noun,4.02,0,0,1,0,0
concur,C1,5,6,2,verb,3.18,0,0,0,0,1
avid,C1,5,4,2,adjective,3.5,1,0,0,0,0
marvel,C1,5,6,2,noun,4.16,0,0,1,0,0
wing,C1,5,4,1,noun,4.61,0,0,1,0,0
enviable,C1,5,8,3,adjective,2.87,1,0,0,0,0
organizational,C1,5,14,6,adjective,3.83,1,0,0,0,0
psychiatrist,C1,5,12,3,noun,3.7,0,0,1,0,0
psychiatric,C1,5,11,3,adjective,3.87,1,0,0,0,0
clinical,C1,5,8,3,adjective,4.51,1,0,0,0,0
corps,C1,5,5,1,noun,4.27,0,0,1,0,0
forensic,C1,5,8,3,adjective,3.75,1,0,0,0,0
juvenile,C1,5,8,4,noun,3.88,0,0,1,0,0
jurisdiction,C1,5,12,4,noun,4.1,0,0,1,0,0
accustomed,C1,5,10,4,verb,3.64,0,0,0,0,1
trauma,C1,5,6,2,noun,4.14,0,0,1,0,0
traumatic,C1,5,9,3,adjective,3.79,1,0,0,0,0
constraint,C1,5,10,2,noun,3.28,0,0,1,0,0
revealing,C1,5,9,3,noun,3.97,0,0,1,0,0
eccentric,C1,5,9,3,noun,3.58,0,0,1,0,0
sanctity,C1,5,8,3,noun,3.04,0,0,1,0,0
conform,C1,5,7,2,verb,3.53,0,0,0,0,1
norms,C1,5,5,1,noun,3.76,0,0,1,0,0
quirk,C1,5,5,1,noun,3.13,0,0,1,0,0
oddity,C1,5,6,3,noun,2.77,0,0,1,0,0
compel,C1,5,6,2,verb,3.28,0,0,0,0,1
compulsion,C1,5,10,3,noun,3.1,0,0,1,0,0
conceive,C1,5,8,3,verb,3.4,0,0,0,0,1
conceivable,C1,5,11,4,adjective,3.17,1,0,0,0,0
assertion,C1,5,9,3,noun,3.63,0,0,1,0,0
individuality,C1,5,13,6,noun,3.2,0,0,1,0,0
psyche,C1,5,6,2,noun,3.42,0,0,1,0,0
conformity,C1,5,10,4,noun,3.2,0,0,1,0,0
unconventional,C1,5,14,5,adjective,3.42,1,0,0,0,0
congregate,C1,5,10,4,verb,2.92,0,0,0,0,1
rally,C1,5,5,2,noun,4.34,0,0,1,0,0
resent,C1,5,6,2,verb,3.38,0,0,0,0,1
self-conscious,C1,5,14,3,adjective,4.14,1,0,0,0,0
wary,C1,5,4,2,adjective,3.57,1,0,0,0,0
stoke,C1,5,5,2,verb,3.73,0,0,0,0,1
dynamically,C1,5,11,5,adverb,3.03,0,1,0,0,0
hostess,C1,5,7,2,noun,3.35,0,0,1,0,0
perpetuate,C1,5,10,4,verb,3.19,0,0,0,0,1
naturalness,C1,5,11,4,noun,2.21,0,0,1,0,0
exhibitionist,C1,5,13,5,noun,2.42,0,0,1,0,0
isolate,C1,5,7,4,verb,3.6,0,0,0,0,1
isolated,C1,5,8,4,verb,4.24,0,0,0,0,1
humble,C1,5,6,2,verb,4.11,0,0,0,0,1
refreshingly,C1,5,12,4,adverb,2.68,0,1,0,0,0
effortless,C1,5,10,3,adjective,3.14,1,0,0,0,0
vegetation,C1,5,10,4,noun,3.77,0,0,1,0,0
brief,C1,5,5,1,noun,4.52,0,0,1,0,0
respite,C1,5,7,3,noun,3.18,0,0,1,0,0
suffice,C1,5,7,3,verb,3.46,0,0,0,0,1
purity,C1,5,6,3,noun,3.69,0,0,1,0,0
gruelling,C1,5,9,2,adjective,2.51,1,0,0,0,0
cast,C1,5,4,1,noun,4.79,0,0,1,0,0
comprise,C1,5,8,3,verb,3.62,0,0,0,0,1
plaster,C1,5,7,2,noun,3.53,0,0,1,0,0
darkroom,C1,5,8,2,noun,2.66,0,0,1,0,0
induct,C1,5,6,2,verb,2.25,0,0,0,0,1
induction,C1,5,9,3,noun,3.71,0,0,1,0,0
stock,C1,5,5,1,noun,4.93,0,0,1,0,0
fossil,C1,5,6,2,noun,3.99,0,0,1,0,0
geological,C1,5,10,4,adjective,3.82,1,0,0,0,0
geologically,C1,5,12,5,adverb,2.49,0,1,0,0,0
house,C1,5,5,2,noun,5.71,0,0,1,0,0
specimen,C1,5,8,3,noun,3.72,0,0,1,0,0
enormously,C1,5,10,4,adverb,3.39,0,1,0,0,0
gem,C1,5,3,1,noun,3.87,0,0,1,0,0
explanatory,C1,5,11,5,adjective,3.31,1,0,0,0,0
vertical,C1,5,8,3,noun,4.15,0,0,1,0,0
knowledgeable,C1,5,13,4,adjective,3.53,1,0,0,0,0
ordinarily,C1,5,10,5,adverb,3.26,0,1,0,0,0
hanging,C1,5,7,2,noun,4.5,0,0,1,0,0
tomb,C1,5,4,1,noun,3.89,0,0,1,0,0
formulate,C1,5,9,4,verb,3.23,0,0,0,0,1
resin,C1,5,5,2,noun,3.61,0,0,1,0,0
sacrifice,C1,5,9,4,noun,4.29,0,0,1,0,0
cleanly,C1,5,7,2,adjective,3.02,1,0,0,0,0
endorsement,C1,5,11,4,noun,3.75,0,0,1,0,0
stretching,C1,5,10,2,noun,3.85,0,0,1,0,0
continuity,C1,5,10,4,noun,3.77,0,0,1,0,0
shambles,C1,5,8,2,noun,3.11,0,0,1,0,0
claustrophobic,C1,5,14,4,adjective,2.85,1,0,0,0,0
claustrophobia,C1,5,14,4,noun,2.56,0,0,1,0,0
headstrong,C1,5,10,2,adjective,2.69,1,0,0,0,0
tact,C1,5,4,1,noun,3.08,0,0,1,0,0
tactful,C1,5,7,2,adjective,2.59,1,0,0,0,0
tactfully,C1,5,9,3,adverb,2.36,0,1,0,0,0
blister,C1,5,7,2,noun,3.0,0,0,1,0,0
sponsorship,C1,5,11,3,noun,3.72,0,0,1,0,0
ego,C1,5,3,2,noun,4.02,0,0,1,0,0
class,C1,5,5,1,noun,5.36,0,0,1,0,0
saloon,C1,5,6,2,noun,3.43,0,0,1,0,0
lap,C1,5,3,1,noun,4.18,0,0,1,0,0
beforehand,C1,5,10,4,adjective,3.62,1,0,0,0,0
slob,C1,5,4,1,noun,2.77,0,0,1,0,0
coverage,C1,5,8,4,noun,4.63,0,0,1,0,0
unplug,C1,5,6,2,verb,2.95,0,0,0,0,1
gadget,C1,5,6,2,noun,3.45,0,0,1,0,0
rediscover,C1,5,10,4,verb,2.8,0,0,0,0,1
subtly,C1,5,6,2,adverb,3.3,0,1,0,0,0
brainwash,C1,5,9,2,verb,2.66,0,0,0,0,1
brainwashing,C1,5,12,3,noun,2.93,0,0,1,0,0
implicate,C1,5,9,4,verb,2.84,0,0,0,0,1
craft,C1,5,5,1,noun,4.3,0,0,1,0,0
malfunction,C1,5,11,3,noun,3.29,0,0,1,0,0
dependent,C1,5,9,3,noun,4.28,0,0,1,0,0
wayside,C1,5,7,3,noun,2.99,0,0,1,0,0
expire,C1,5,6,3,verb,3.54,0,0,0,0,1
con,C1,5,3,1,noun,4.28,0,0,1,0,0
puzzle,C1,5,6,2,noun,3.96,0,0,1,0,0
damply,C1,5,6,2,adverb,0.0,0,1,0,0,0
ghostly,C1,5,7,2,adjective,3.14,1,0,0,0,0
carrier,C1,5,7,2,noun,4.29,0,0,1,0,0
washtub,C1,5,7,2,noun,1.7,0,0,1,0,0
apt,C1,5,3,1,adjective,3.69,1,0,0,0,0
apt to,C1,5,6,2,unknown,3.69,0,0,0,1,0
portable,C1,5,8,3,noun,3.97,0,0,1,0,0
ornamental,C1,5,10,4,noun,3.34,0,0,1,0,0
placid,C1,5,6,2,adjective,3.01,1,0,0,0,0
placidly,C1,5,8,3,adverb,1.8,0,1,0,0,0
unmanageable,C1,5,12,5,adjective,2.68,1,0,0,0,0
appliance,C1,5,9,3,noun,3.35,0,0,1,0,0
relinquish,C1,5,10,3,verb,3.12,0,0,0,0,1
tedious,C1,5,7,2,adjective,3.5,1,0,0,0,0
tedium,C1,5,6,2,noun,2.55,0,0,1,0,0
exert,C1,5,5,2,verb,3.36,0,0,0,0,1
extortion,C1,5,9,3,noun,3.29,0,0,1,0,0
alleviate,C1,5,9,4,verb,3.52,0,0,0,0,1
elaborate,C1,5,9,5,verb,4.06,0,0,0,0,1
elaboration,C1,5,11,5,noun,2.82,0,0,1,0,0
detest,C1,5,6,2,verb,2.87,0,0,0,0,1
detestable,C1,5,10,4,adjective,2.47,1,0,0,0,0
suds,C1,5,4,1,noun,2.56,0,0,1,0,0
agreeable,C1,5,9,3,adjective,3.19,1,0,0,0,0
prowl,C1,5,5,1,noun,2.75,0,0,1,0,0
speculate,C1,5,9,4,verb,3.48,0,0,0,0,1
speculation,C1,5,11,4,noun,3.99,0,0,1,0,0
speculative,C1,5,11,5,adjective,3.51,1,0,0,0,0
peacock,C1,5,7,2,noun,3.44,0,0,1,0,0
disdain,C1,5,7,2,noun,3.33,0,0,1,0,0
reenact,C1,5,7,2,verb,2.42,0,0,0,0,1
torment,C1,5,7,2,noun,3.36,0,0,1,0,0
extravagance,C1,5,12,5,noun,2.81,0,0,1,0,0
exploit,C1,5,7,2,noun,3.83,0,0,1,0,0
exploitation,C1,5,12,4,noun,3.84,0,0,1,0,0
mechanism,C1,5,9,3,noun,4.27,0,0,1,0,0
hence,C1,5,5,2,adverb,4.38,0,1,0,0,0
offspring,C1,5,9,2,noun,3.77,0,0,1,0,0
fit,C1,5,3,1,noun,4.95,0,0,1,0,0
oblige,C1,5,6,3,verb,3.1,0,0,0,0,1
drive,C1,5,5,2,noun,5.13,0,0,1,0,0
collaborate,C1,5,11,5,verb,3.51,0,0,0,0,1
collaborator,C1,5,12,5,noun,3.16,0,0,1,0,0
collaboration,C1,5,13,5,noun,4.28,0,0,1,0,0
collaborative,C1,5,13,6,adjective,3.78,1,0,0,0,0
showy,C1,5,5,2,adjective,2.79,1,0,0,0,0
wrangle,C1,5,7,2,noun,2.6,0,0,1,0,0
premise,C1,5,7,3,noun,3.82,0,0,1,0,0
advantageous,C1,5,12,4,adjective,3.33,1,0,0,0,0
parasite,C1,5,8,4,noun,3.51,0,0,1,0,0
fanciful,C1,5,8,3,adjective,2.97,1,0,0,0,0
poise,C1,5,5,2,noun,3.04,0,0,1,0,0
customary,C1,5,9,4,adjective,3.53,1,0,0,0,0
insightful,C1,5,10,3,adjective,3.41,1,0,0,0,0
notable,C1,5,7,3,noun,4.07,0,0,1,0,0
vicious,C1,5,7,2,adjective,3.83,1,0,0,0,0
viciously,C1,5,9,3,adverb,2.93,0,1,0,0,0
pupil,C1,5,5,2,noun,3.81,0,0,1,0,0
withdrawn,C1,5,9,2,verb,3.9,0,0,0,0,1
withdrawal,C1,5,10,3,noun,4.05,0,0,1,0,0
torturous,C1,5,9,3,adjective,2.57,1,0,0,0,0
depict,C1,5,6,2,verb,3.41,0,0,0,0,1
depiction,C1,5,9,3,noun,3.45,0,0,1,0,0
upheaval,C1,5,8,3,noun,3.13,0,0,1,0,0
shortlist,C1,5,9,2,noun,3.07,0,0,1,0,0
uneventful,C1,5,10,4,adjective,2.91,1,0,0,0,0
pertinent,C1,5,9,3,adjective,3.36,1,0,0,0,0
pertain to,C1,5,10,3,unknown,2.88,0,0,0,1,0
daydream,C1,5,8,2,noun,2.98,0,0,1,0,0
protagonist,C1,5,11,4,noun,3.67,0,0,1,0,0
simplicity,C1,5,10,4,noun,3.77,0,0,1,0,0
blockbuster,C1,5,11,3,noun,3.48,0,0,1,0,0
resonate,C1,5,8,4,verb,3.19,0,0,0,0,1
sequel,C1,5,6,2,noun,3.98,0,0,1,0,0
irony,C1,5,5,3,noun,3.86,0,0,1,0,0
acidic,C1,5,6,3,adjective,3.34,1,0,0,0,0
align,C1,5,5,2,verb,3.63,0,0,0,0,1
alignment,C1,5,9,3,noun,3.78,0,0,1,0,0
manipulation,C1,5,12,5,noun,3.85,0,0,1,0,0
suitor,C1,5,6,2,noun,2.98,0,0,1,0,0
deceit,C1,5,6,2,noun,3.24,0,0,1,0,0
alienate,C1,5,8,5,verb,3.03,0,0,0,0,1
persuasively,C1,5,12,5,adverb,2.36,0,1,0,0,0
confinement,C1,5,11,4,noun,3.46,0,0,1,0,0
minutiae,C1,5,8,3,noun,2.65,0,0,1,0,0
peasant,C1,5,7,2,noun,3.62,0,0,1,0,0
inexplicable,C1,5,12,5,adjective,3.13,1,0,0,0,0
inexplicably,C1,5,12,5,unknown,3.01,0,0,0,1,0
pigeon,C1,5,6,2,noun,3.61,0,0,1,0,0
harass,C1,5,6,2,verb,3.28,0,0,0,0,1
harassment,C1,5,10,3,noun,4.01,0,0,1,0,0
believably,C1,5,10,4,adverb,1.89,0,1,0,0,0
readable,C1,5,8,3,adjective,3.29,1,0,0,0,0
cleverness,C1,5,10,3,noun,2.69,0,0,1,0,0
persecute,C1,5,9,4,verb,2.79,0,0,0,0,1
persecution,C1,5,11,4,noun,3.72,0,0,1,0,0
smug,C1,5,4,1,adjective,3.31,1,0,0,0,0
smugly,C1,5,6,2,adverb,2.39,0,1,0,0,0
ferocious,C1,5,9,3,adjective,3.21,1,0,0,0,0
ferociously,C1,5,11,4,adverb,2.46,0,1,0,0,0
hostile,C1,5,7,3,noun,4.07,0,0,1,0,0
hostility,C1,5,9,4,noun,3.61,0,0,1,0,0
dismay,C1,5,6,2,noun,3.26,0,0,1,0,0
methodical,C1,5,10,4,adjective,3.02,1,0,0,0,0
ruthless,C1,5,8,2,adjective,3.65,1,0,0,0,0
ruthlessness,C1,5,12,3,noun,2.52,0,0,1,0,0
talkative,C1,5,9,4,adjective,2.97,1,0,0,0,0
awe,C1,5,3,1,noun,3.8,0,0,1,0,0
clan,C1,5,4,1,noun,3.97,0,0,1,0,0
privileged,C1,5,10,4,verb,3.81,0,0,0,0,1
crumble,C1,5,7,2,verb,3.29,0,0,0,0,1
crumb,C1,5,5,1,noun,2.97,0,0,1,0,0
pace,C1,5,4,1,noun,4.38,0,0,1,0,0
closeness,C1,5,9,3,noun,3.14,0,0,1,0,0
rarity,C1,5,6,3,noun,3.36,0,0,1,0,0
evoke,C1,5,5,3,verb,3.27,0,0,0,0,1
repel,C1,5,5,2,verb,3.2,0,0,0,0,1
repellant,C1,5,9,3,noun,2.24,0,0,1,0,0
aqua,C1,5,4,2,noun,3.43,0,0,1,0,0
aquarium,C1,5,8,3,noun,3.56,0,0,1,0,0
insightfully,C1,5,12,4,unknown,1.48,0,0,0,1,0
flashback,C1,5,9,2,noun,3.47,0,0,1,0,0
self-worth,C1,5,10,2,noun,4.9,0,0,1,0,0
agonize,C1,5,7,4,verb,2.14,0,0,0,0,1
cite,C1,5,4,1,noun,3.67,0,0,1,0,0
citation,C1,5,8,3,noun,3.82,0,0,1,0,0
recite,C1,5,6,3,verb,3.28,0,0,0,0,1
ecstasy,C1,5,7,3,noun,3.48,0,0,1,0,0
ecstatic,C1,5,8,3,adjective,3.37,1,0,0,0,0
ecstatically,C1,5,12,5,adverb,2.03,0,1,0,0,0
pleasurable,C1,5,11,4,adjective,3.09,1,0,0,0,0
nature,C1,5,6,3,noun,4.98,0,0,1,0,0
substantially,C1,5,13,4,adverb,3.96,0,1,0,0,0
favorably/favourably,C1,5,20,8,unknown,2.74,0,0,0,1,0
diversity,C1,5,9,4,noun,4.32,0,0,1,0,0
elitist,C1,5,7,3,noun,3.07,0,0,1,0,0
grumble,C1,5,7,2,noun,2.8,0,0,1,0,0
rumble,C1,5,6,2,noun,3.43,0,0,1,0,0
neglectful,C1,5,10,3,adjective,2.46,1,0,0,0,0
roundup,C1,5,7,2,noun,3.29,0,0,1,0,0
conscientious,C1,5,13,3,adjective,3.24,1,0,0,0,0
conscientiously,C1,5,15,4,adverb,2.36,0,1,0,0,0
indefinite,C1,5,10,5,adjective,3.41,1,0,0,0,0
indefinitely,C1,5,12,6,adverb,3.65,0,1,0,0,0
atmospheric,C1,5,11,4,adjective,3.84,1,0,0,0,0
fuse,C1,5,4,1,noun,3.62,0,0,1,0,0
fusion,C1,5,6,2,noun,4.02,0,0,1,0,0
robust,C1,5,6,2,adjective,3.94,1,0,0,0,0
robustly,C1,5,8,3,adverb,2.39,0,1,0,0,0
dismal,C1,5,6,2,adjective,3.26,1,0,0,0,0
dismally,C1,5,8,3,adverb,2.1,0,1,0,0,0
crave,C1,5,5,2,verb,3.47,0,0,0,0,1
craving,C1,5,7,2,noun,3.56,0,0,1,0,0
prospective,C1,5,11,4,adjective,3.87,1,0,0,0,0
swap,C1,5,4,1,noun,3.94,0,0,1,0,0
remotely,C1,5,8,4,adverb,3.75,0,1,0,0,0
splatter,C1,5,8,2,noun,2.77,0,0,1,0,0
automatic,C1,5,9,4,noun,4.36,0,0,1,0,0
automatically,C1,5,13,6,adverb,4.52,0,1,0,0,0
exhaust,C1,5,7,2,noun,3.81,0,0,1,0,0
violet,C1,5,6,2,noun,3.84,0,0,1,0,0
bubbly,C1,5,6,2,noun,3.2,0,0,1,0,0
chaotically,C1,5,11,4,adverb,1.95,0,1,0,0,0
apprehensive,C1,5,12,5,adjective,3.03,1,0,0,0,0
settee,C1,5,6,2,noun,2.44,0,0,1,0,0
trampoline,C1,5,10,4,noun,3.14,0,0,1,0,0
stamina,C1,5,7,3,noun,3.39,0,0,1,0,0
ploy,C1,5,4,1,noun,3.22,0,0,1,0,0
dither,C1,5,6,2,noun,2.11,0,0,1,0,0
overalls,C1,5,8,3,noun,3.0,0,0,1,0,0
unison,C1,5,6,3,noun,3.27,0,0,1,0,0
snail,C1,5,5,1,noun,3.67,0,0,1,0,0
bliss,C1,5,5,1,noun,3.78,0,0,1,0,0
inexhaustible,C1,5,13,5,adjective,2.57,1,0,0,0,0
acre,C1,5,4,2,noun,3.93,0,0,1,0,0
calf,C1,5,4,1,noun,3.71,0,0,1,0,0
heifer,C1,5,6,2,noun,2.6,0,0,1,0,0
ewe,C1,5,3,1,noun,2.79,0,0,1,0,0
adversary,C1,5,9,4,noun,3.29,0,0,1,0,0
victorious,C1,5,10,3,adjective,3.57,1,0,0,0,0
victoriously,C1,5,12,4,adverb,2.03,0,1,0,0,0
profound,C1,5,8,2,adjective,3.94,1,0,0,0,0
profoundly,C1,5,10,3,adverb,3.51,0,1,0,0,0
baldly,C1,5,6,2,adverb,1.87,0,1,0,0,0
bald,C1,5,4,1,verb,3.83,0,0,0,0,1
bearded,C1,5,7,2,verb,3.34,0,0,0,0,1
professionalism,C1,5,15,5,noun,3.4,0,0,1,0,0
artistically,C1,5,12,5,adverb,2.92,0,1,0,0,0
popularization,C1,5,14,6,noun,2.23,0,0,1,0,0
pendulum,C1,5,8,3,noun,3.27,0,0,1,0,0
predecessor,C1,5,11,4,noun,3.82,0,0,1,0,0
boast,C1,5,5,1,noun,3.51,0,0,1,0,0
lapse,C1,5,5,2,noun,3.49,0,0,1,0,0
ceaseless,C1,5,9,3,adjective,2.57,1,0,0,0,0
ceaselessly,C1,5,11,4,adverb,2.4,0,1,0,0,0
climax,C1,5,6,2,noun,3.6,0,0,1,0,0
climactic,C1,5,9,3,adjective,2.87,1,0,0,0,0
anticlimactic,C1,5,13,5,adjective,2.23,1,0,0,0,0
scramble,C1,5,8,2,noun,3.39,0,0,1,0,0
forfeit,C1,5,7,2,noun,3.32,0,0,1,0,0
twitch,C1,5,6,1,noun,3.76,0,0,1,0,0
intellect,C1,5,9,3,noun,3.49,0,0,1,0,0
descent,C1,5,7,2,noun,3.93,0,0,1,0,0
shed,C1,5,4,1,noun,4.23,0,0,1,0,0
exodus,C1,5,6,3,noun,3.69,0,0,1,0,0
immortalize,C1,5,11,5,verb,2.06,0,0,0,0,1
genome,C1,5,6,3,noun,3.7,0,0,1,0,0
fraction,C1,5,8,2,noun,3.96,0,0,1,0,0
faction,C1,5,7,2,noun,3.79,0,0,1,0,0
physique,C1,5,8,3,noun,3.29,0,0,1,0,0
utensil,C1,5,7,3,noun,2.52,0,0,1,0,0
otter,C1,5,5,2,noun,3.37,0,0,1,0,0
clammy,C1,5,6,2,adjective,2.47,1,0,0,0,0
absolute,C1,5,8,4,noun,4.54,0,0,1,0,0
dispense,C1,5,8,3,verb,3.11,0,0,0,0,1
dispensable,C1,5,11,4,adjective,2.19,1,0,0,0,0
dispensary,C1,5,10,4,noun,3.09,0,0,1,0,0
indispensable,C1,5,13,5,adjective,3.34,1,0,0,0,0
diverge,C1,5,7,3,verb,2.83,0,0,0,0,1
divergence,C1,5,10,4,noun,3.17,0,0,1,0,0
divergent,C1,5,9,3,adjective,3.38,1,0,0,0,0
burst,C1,5,5,1,noun,4.15,0,0,1,0,0
superficial,C1,5,11,4,adjective,3.56,1,0,0,0,0
superficially,C1,5,13,5,adverb,2.9,0,1,0,0,0
aesthetic,C1,5,9,3,noun,4.02,0,0,1,0,0
aesthetically,C1,5,13,5,adverb,3.19,0,1,0,0,0
scrutinize/scrutinise,C1,5,21,8,unknown,2.12,0,0,0,1,0
scrutiny,C1,5,8,3,noun,3.74,0,0,1,0,0
quip,C1,5,4,1,noun,2.67,0,0,1,0,0
woo,C1,5,3,1,verb,3.87,0,0,0,0,1
criteria,C1,5,8,3,noun,4.21,0,0,1,0,0
plausible,C1,5,9,3,adjective,3.64,1,0,0,0,0
plausibility,C1,5,12,5,noun,2.55,0,0,1,0,0
plausibly,C1,5,9,3,adverb,2.62,0,1,0,0,0
instinctive,C1,5,11,4,adjective,3.04,1,0,0,0,0
instinctively,C1,5,13,5,adverb,3.25,0,1,0,0,0
stylistic,C1,5,9,3,adjective,3.14,1,0,0,0,0
stylistically,C1,5,13,5,adverb,2.65,0,1,0,0,0
inheritance,C1,5,11,5,noun,3.8,0,0,1,0,0
inherent,C1,5,8,3,adjective,3.83,1,0,0,0,0
inherently,C1,5,10,4,adverb,3.59,0,1,0,0,0
tune,C1,5,4,1,noun,4.27,0,0,1,0,0
spontaneous,C1,5,11,3,adjective,3.71,1,0,0,0,0
spontaneously,C1,5,13,4,adverb,3.34,0,1,0,0,0
honk,C1,5,4,1,noun,2.95,0,0,1,0,0
goose,C1,5,5,2,noun,3.84,0,0,1,0,0
innovate,C1,5,8,4,verb,3.13,0,0,0,0,1
innovation,C1,5,10,4,noun,4.32,0,0,1,0,0
innovative,C1,5,10,5,adjective,4.1,1,0,0,0,0
connoisseur,C1,5,11,3,noun,2.89,0,0,1,0,0
abstraction,C1,5,11,3,noun,3.3,0,0,1,0,0
tantrum,C1,5,7,2,noun,3.13,0,0,1,0,0
institute,C1,5,9,4,noun,4.8,0,0,1,0,0
discard,C1,5,7,2,noun,3.37,0,0,1,0,0
fatality,C1,5,8,4,noun,3.16,0,0,1,0,0
angle,C1,5,5,2,noun,4.38,0,0,1,0,0
stiffen,C1,5,7,2,verb,2.49,0,0,0,0,1
wooded,C1,5,6,2,adjective,3.38,1,0,0,0,0
flatter,C1,5,7,2,verb,3.27,0,0,0,0,1
flattery,C1,5,8,3,noun,2.96,0,0,1,0,0
aimless,C1,5,7,2,adjective,2.65,1,0,0,0,0
aimlessly,C1,5,9,3,adverb,2.82,0,1,0,0,0
meaningless,C1,5,11,3,adjective,3.7,1,0,0,0,0
meaninglessly,C1,5,13,4,unknown,1.51,0,0,0,1,0
candid,C1,5,6,2,adjective,3.45,1,0,0,0,0
candidly,C1,5,8,3,adverb,2.76,0,1,0,0,0
vitality,C1,5,8,4,noun,3.41,0,0,1,0,0
provoke,C1,5,7,3,verb,3.5,0,0,0,0,1
provocative,C1,5,11,5,adjective,3.44,1,0,0,0,0
provocatively,C1,5,13,6,adverb,2.4,0,1,0,0,0
clench,C1,5,6,1,noun,2.65,0,0,1,0,0
haggle,C1,5,6,2,noun,2.65,0,0,1,0,0
scorn,C1,5,5,1,noun,3.13,0,0,1,0,0
scornful,C1,5,8,2,adjective,2.29,1,0,0,0,0
scornfully,C1,5,10,3,adverb,1.92,0,1,0,0,0
animatedly,C1,5,10,5,adverb,1.89,0,1,0,0,0
obscure,C1,5,7,3,verb,3.85,0,0,0,0,1
obscurely,C1,5,9,4,adverb,1.97,0,1,0,0,0
elevate,C1,5,7,4,verb,3.38,0,0,0,0,1
elevation,C1,5,9,4,noun,3.9,0,0,1,0,0
pose,C1,5,4,1,noun,4.1,0,0,1,0,0
tediously,C1,5,9,3,adverb,2.01,0,1,0,0,0
succession,C1,5,10,3,noun,3.97,0,0,1,0,0
formality,C1,5,9,4,noun,3.15,0,0,1,0,0
jog,C1,5,3,1,noun,3.3,0,0,1,0,0
mountaineer,C1,5,11,3,noun,2.76,0,0,1,0,0
pioneer,C1,5,7,2,noun,3.91,0,0,1,0,0
quest,C1,5,5,1,noun,4.27,0,0,1,0,0
transatlantic,C1,5,13,4,adjective,3.2,1,0,0,0,0
rudiments,C1,5,9,3,noun,2.35,0,0,1,0,0
rudimentary,C1,5,11,5,adjective,3.17,1,0,0,0,0
paddle,C1,5,6,2,noun,3.49,0,0,1,0,0
immense,C1,5,7,3,adjective,3.88,1,0,0,0,0
immensely,C1,5,9,4,adverb,3.57,0,1,0,0,0
advisory,C1,5,8,4,noun,4.18,0,0,1,0,0
trying,C1,5,6,1,verb,5.47,0,0,0,0,1
adrenaline,C1,5,10,5,noun,3.52,0,0,1,0,0
tinker,C1,5,6,2,noun,3.28,0,0,1,0,0
lavatory,C1,5,8,4,noun,2.9,0,0,1,0,0
expedition,C1,5,10,4,noun,3.99,0,0,1,0,0
pinnacle,C1,5,8,3,noun,3.45,0,0,1,0,0
insecure,C1,5,8,4,adjective,3.72,1,0,0,0,0
insecurely,C1,5,10,5,adverb,1.63,0,1,0,0,0
reassure,C1,5,8,3,verb,3.3,0,0,0,0,1
reassurance,C1,5,11,4,noun,3.27,0,0,1,0,0
insensitive,C1,5,11,5,adjective,3.45,1,0,0,0,0
insensitively,C1,5,13,6,adverb,1.58,0,1,0,0,0
profess,C1,5,7,2,verb,2.94,0,0,0,0,1
drawback,C1,5,8,2,noun,3.21,0,0,1,0,0
resort,C1,5,6,2,noun,4.37,0,0,1,0,0
oversee,C1,5,7,3,verb,3.51,0,0,0,0,1
overseer,C1,5,8,3,noun,2.93,0,0,1,0,0
estimation,C1,5,10,4,noun,3.46,0,0,1,0,0
commission,C1,5,10,3,noun,4.91,0,0,1,0,0
liaison,C1,5,7,2,noun,3.58,0,0,1,0,0
stressfully,C1,5,11,3,unknown,1.08,0,0,0,1,0
loom,C1,5,4,1,noun,3.34,0,0,1,0,0
notwithstanding,C1,5,15,4,adverb,3.48,0,1,0,0,0
structurally,C1,5,12,4,adverb,3.19,0,1,0,0,0
structural,C1,5,10,3,adjective,4.18,1,0,0,0,0
chauffer,C1,5,8,2,unknown,1.76,0,0,0,1,0
sedentary,C1,5,9,4,adjective,3.14,1,0,0,0,0
rapport,C1,5,7,2,noun,3.17,0,0,1,0,0
landscape,C1,5,9,3,noun,4.36,0,0,1,0,0
consultation,C1,5,12,4,noun,4.02,0,0,1,0,0
consultancy,C1,5,11,4,noun,3.46,0,0,1,0,0
bloom,C1,5,5,1,noun,3.93,0,0,1,0,0
engineer,C1,5,8,3,noun,4.5,0,0,1,0,0
retention,C1,5,9,3,noun,3.81,0,0,1,0,0
quarry,C1,5,6,2,noun,3.6,0,0,1,0,0
specification,C1,5,13,5,noun,3.75,0,0,1,0,0
contract,C1,5,8,2,noun,4.94,0,0,1,0,0
contractor,C1,5,10,3,noun,4.08,0,0,1,0,0
query,C1,5,5,2,noun,3.64,0,0,1,0,0
possessor,C1,5,9,3,noun,2.58,0,0,1,0,0
chill,C1,5,5,1,noun,4.18,0,0,1,0,0
chilly,C1,5,6,2,noun,3.5,0,0,1,0,0
frost,C1,5,5,1,noun,3.95,0,0,1,0,0
frosty,C1,5,6,2,adjective,3.2,1,0,0,0,0
frostily,C1,5,8,3,adverb,1.16,0,1,0,0,0
man,C1,5,3,1,noun,5.82,0,0,1,0,0
unmanned,C1,5,8,3,verb,3.28,0,0,0,0,1
impersonal,C1,5,10,4,adjective,2.92,1,0,0,0,0
impersonally,C1,5,12,5,adverb,1.59,0,1,0,0,0
impersonate,C1,5,11,5,verb,2.75,0,0,0,0,1
impersonator,C1,5,12,5,noun,2.73,0,0,1,0,0
impersonation,C1,5,13,5,noun,2.87,0,0,1,0,0
buzzer,C1,5,6,2,noun,3.4,0,0,1,0,0
desert,C1,5,6,2,noun,4.4,0,0,1,0,0
desertion,C1,5,9,3,noun,2.85,0,0,1,0,0
unoccupied,C1,5,10,4,adjective,2.93,1,0,0,0,0
stuffy,C1,5,6,2,adjective,3.03,1,0,0,0,0
stuffily,C1,5,8,3,adverb,0.0,0,1,0,0,0
stuffiness,C1,5,10,3,noun,1.67,0,0,1,0,0
gape,C1,5,4,1,noun,2.54,0,0,1,0,0
repute,C1,5,6,3,noun,2.64,0,0,1,0,0
toughness,C1,5,9,2,noun,3.31,0,0,1,0,0
recall,C1,5,6,2,noun,4.4,0,0,1,0,0
recollection,C1,5,12,4,noun,3.28,0,0,1,0,0
plumbing,C1,5,8,2,noun,3.59,0,0,1,0,0
usher,C1,5,5,2,noun,3.51,0,0,1,0,0
glum,C1,5,4,1,adjective,2.52,1,0,0,0,0
glumly,C1,5,6,2,adverb,1.88,0,1,0,0,0
gamely,C1,5,6,3,adverb,2.04,0,1,0,0,0
dissect,C1,5,7,2,verb,2.9,0,0,0,0,1
dissection,C1,5,10,3,noun,3.01,0,0,1,0,0
commend,C1,5,7,2,verb,3.25,0,0,0,0,1
commendation,C1,5,12,4,noun,3.0,0,0,1,0,0
thereby,C1,5,7,3,adverb,4.03,0,1,0,0,0
flick,C1,5,5,1,noun,3.63,0,0,1,0,0
flicker,C1,5,7,2,noun,3.1,0,0,1,0,0
unenviable,C1,5,10,4,adjective,2.26,1,0,0,0,0
unenviably,C1,5,10,4,unknown,0.0,0,0,0,1,0
voice,C1,5,5,2,noun,5.07,0,0,1,0,0
tread,C1,5,5,1,noun,3.52,0,0,1,0,0
allege,C1,5,6,3,verb,3.18,0,0,0,0,1
allegation,C1,5,10,4,noun,3.5,0,0,1,0,0
bribe,C1,5,5,2,noun,3.5,0,0,1,0,0
bribery,C1,5,7,3,noun,3.4,0,0,1,0,0
inclusion,C1,5,9,3,noun,4.02,0,0,1,0,0
inclusive,C1,5,9,4,adjective,3.97,1,0,0,0,0
inclusively,C1,5,11,5,unknown,1.93,0,0,0,1,0
unconvincing,C1,5,12,4,adjective,2.69,1,0,0,0,0
unconvincingly,C1,5,14,5,adverb,1.71,0,1,0,0,0
recharge,C1,5,8,3,verb,3.4,0,0,0,0,1
facilitation,C1,5,12,5,noun,2.92,0,0,1,0,0
condition,C1,5,9,3,noun,4.86,0,0,1,0,0
conditional,C1,5,11,4,adjective,3.59,1,0,0,0,0
conditionally,C1,5,13,5,adverb,2.52,0,1,0,0,0
tone,C1,5,4,1,noun,4.49,0,0,1,0,0
supple,C1,5,6,2,verb,2.87,0,0,0,0,1
manicure,C1,5,8,4,noun,2.99,0,0,1,0,0
pedicure,C1,5,8,4,noun,2.71,0,0,1,0,0
facial,C1,5,6,2,noun,4.1,0,0,1,0,0
bouquet,C1,5,7,2,noun,3.41,0,0,1,0,0
refurbish,C1,5,9,3,verb,2.57,0,0,0,0,1
refurbishment,C1,5,13,4,noun,3.11,0,0,1,0,0
grounds,C1,5,7,1,noun,4.43,0,0,1,0,0
ground,C1,5,6,1,noun,5.15,0,0,1,0,0
lethargy,C1,5,8,3,noun,2.69,0,0,1,0,0
lethargic,C1,5,9,3,adjective,2.78,1,0,0,0,0
lethargically,C1,5,13,5,adverb,1.15,0,1,0,0,0
stately,C1,5,7,3,adjective,3.13,1,0,0,0,0
conserve,C1,5,8,3,noun,3.37,0,0,1,0,0
conservatory,C1,5,12,5,noun,3.3,0,0,1,0,0
disquieting,C1,5,11,3,verb,2.33,0,0,0,0,1
fiercely,C1,5,8,3,adverb,3.35,0,1,0,0,0
grapefruit,C1,5,10,3,noun,3.17,0,0,1,0,0
exotic,C1,5,6,3,adjective,3.91,1,0,0,0,0
exotically,C1,5,10,5,unknown,1.71,0,0,0,1,0
flask,C1,5,5,1,noun,3.2,0,0,1,0,0
spacious,C1,5,8,2,adjective,3.41,1,0,0,0,0
gourmet,C1,5,7,2,noun,3.36,0,0,1,0,0
rich,C1,5,4,1,noun,4.91,0,0,1,0,0
conjure,C1,5,7,3,verb,3.1,0,0,0,0,1
creamy,C1,5,6,2,adjective,3.43,1,0,0,0,0
sauna,C1,5,5,2,noun,3.25,0,0,1,0,0
remedial,C1,5,8,3,adjective,3.08,1,0,0,0,0
posture,C1,5,7,3,noun,3.65,0,0,1,0,0
sedate,C1,5,6,3,verb,2.76,0,0,0,0,1
sedately,C1,5,8,4,adverb,1.54,0,1,0,0,0
clutch,C1,5,6,1,noun,3.88,0,0,1,0,0
stagger,C1,5,7,2,noun,2.82,0,0,1,0,0
staggering,C1,5,10,3,verb,3.5,0,0,0,0,1
dutiful,C1,5,7,3,adjective,2.63,1,0,0,0,0
dutifully,C1,5,9,4,adverb,2.67,0,1,0,0,0
calorie,C1,5,7,3,noun,3.59,0,0,1,0,0
firm,C1,5,4,1,noun,4.79,0,0,1,0,0
fabulously,C1,5,10,4,adverb,2.69,0,1,0,0,0
premises,C1,5,8,3,noun,4.02,0,0,1,0,0
eclectic,C1,5,8,3,noun,3.37,0,0,1,0,0
eclectically,C1,5,12,5,unknown,1.35,0,0,0,1,0
revere,C1,5,6,3,noun,3.09,0,0,1,0,0
harbor/harbour,C1,5,14,4,unknown,3.76,0,0,0,1,0
recognizable/recognisable,C1,5,25,10,unknown,2.85,0,0,0,1,0
recognizably/recognisably,C1,5,25,10,unknown,1.63,0,0,0,1,0
batter,C1,5,6,2,noun,3.56,0,0,1,0,0
battery,C1,5,7,3,noun,4.52,0,0,1,0,0
unreliably,C1,5,10,4,adverb,1.33,0,1,0,0,0
waterfront,C1,5,10,3,noun,3.56,0,0,1,0,0
amply,C1,5,5,2,adverb,2.61,0,1,0,0,0
amplification,C1,5,13,5,noun,3.12,0,0,1,0,0
battered,C1,5,8,3,verb,3.41,0,0,0,0,1
comply,C1,5,6,2,verb,4.04,0,0,0,0,1
compliance,C1,5,10,3,noun,4.17,0,0,1,0,0
compliant,C1,5,9,2,adjective,3.42,1,0,0,0,0
compliantly,C1,5,11,3,unknown,1.11,0,0,0,1,0
blankness,C1,5,9,2,noun,1.76,0,0,1,0,0
exuberant,C1,5,9,4,adjective,2.97,1,0,0,0,0
exuberance,C1,5,10,5,noun,2.79,0,0,1,0,0
exuberantly,C1,5,11,5,adverb,2.01,0,1,0,0,0
linear,C1,5,6,2,adjective,4.12,1,0,0,0,0
linearly,C1,5,8,3,adverb,2.85,0,1,0,0,0
flourish,C1,5,8,2,noun,3.53,0,0,1,0,0
anchor,C1,5,6,2,noun,4.02,0,0,1,0,0
anchored,C1,5,8,3,verb,3.46,0,0,0,0,1
domination,C1,5,10,4,noun,3.7,0,0,1,0,0
dominant,C1,5,8,3,noun,4.23,0,0,1,0,0
dominantly,C1,5,10,4,unknown,2.23,0,0,0,1,0
interject,C1,5,9,3,verb,2.37,0,0,0,0,1
interjection,C1,5,12,4,noun,2.16,0,0,1,0,0
gush,C1,5,4,1,noun,2.83,0,0,1,0,0
gushing,C1,5,7,2,verb,2.98,0,0,0,0,1
gushingly,C1,5,9,3,adverb,0.0,0,1,0,0,0
voracious,C1,5,9,3,adjective,2.77,1,0,0,0,0
voraciously,C1,5,11,4,adverb,2.1,0,1,0,0,0
sketchbook,C1,5,10,2,noun,2.78,0,0,1,0,0
sketch,C1,5,6,1,noun,4.04,0,0,1,0,0
prop,C1,5,4,1,noun,3.77,0,0,1,0,0
imp,C1,5,3,1,noun,3.23,0,0,1,0,0
impish,C1,5,6,2,adjective,2.15,1,0,0,0,0
impishly,C1,5,8,3,adverb,1.33,0,1,0,0,0
wicked,C1,5,6,2,adjective,3.99,1,0,0,0,0
wickedly,C1,5,8,3,adverb,2.56,0,1,0,0,0
macabre,C1,5,7,3,adjective,2.93,1,0,0,0,0
gusto,C1,5,5,2,noun,3.0,0,0,1,0,0
tantamount,C1,5,10,3,adjective,2.93,1,0,0,0,0
antics,C1,5,6,2,noun,3.38,0,0,1,0,0
relapse,C1,5,7,3,noun,3.32,0,0,1,0,0
impede,C1,5,6,3,verb,3.14,0,0,0,0,1
impediment,C1,5,10,4,noun,3.05,0,0,1,0,0
taut,C1,5,4,1,adjective,2.91,1,0,0,0,0
tautly,C1,5,6,2,adverb,1.52,0,1,0,0,0
jersey,C1,5,6,2,noun,4.66,0,0,1,0,0
startling,C1,5,9,2,verb,3.4,0,0,0,0,1
startlingly,C1,5,11,3,adverb,2.42,0,1,0,0,0
slack,C1,5,5,1,noun,3.71,0,0,1,0,0
slackly,C1,5,7,2,adverb,0.0,0,1,0,0,0
unwavering,C1,5,10,4,adjective,3.01,1,0,0,0,0
unwaveringly,C1,5,12,5,adverb,1.72,0,1,0,0,0
removed,C1,5,7,3,verb,4.79,0,0,0,0,1
buffoon,C1,5,7,2,noun,2.8,0,0,1,0,0
beguiling,C1,5,9,3,verb,2.55,0,0,0,0,1
beguilingly,C1,5,11,4,unknown,1.3,0,0,0,1,0
blithely,C1,5,8,3,adverb,2.44,0,1,0,0,0
stray,C1,5,5,1,noun,3.74,0,0,1,0,0
mythological,C1,5,12,5,adjective,3.06,1,0,0,0,0
mythology,C1,5,9,4,noun,3.64,0,0,1,0,0
venerate,C1,5,8,4,verb,2.28,0,0,0,0,1
veneration,C1,5,10,4,noun,2.87,0,0,1,0,0
ethical,C1,5,7,3,adjective,4.07,1,0,0,0,0
ethically,C1,5,9,4,adverb,3.11,0,1,0,0,0
heroine,C1,5,7,3,noun,3.53,0,0,1,0,0
refreshing,C1,5,10,3,verb,3.83,0,0,0,0,1
refresh,C1,5,7,2,verb,3.65,0,0,0,0,1
zany,C1,5,4,2,noun,2.67,0,0,1,0,0
devotee,C1,5,7,3,noun,2.93,0,0,1,0,0
salve,C1,5,5,2,noun,2.81,0,0,1,0,0
salvation,C1,5,9,3,noun,3.95,0,0,1,0,0
salvage,C1,5,7,3,noun,3.65,0,0,1,0,0
staccato,C1,5,8,3,adjective,2.58,1,0,0,0,0
verve,C1,5,5,2,noun,2.85,0,0,1,0,0
motley,C1,5,6,2,noun,3.09,0,0,1,0,0
preach,C1,5,6,1,verb,3.69,0,0,0,0,1
preacher,C1,5,8,2,noun,3.68,0,0,1,0,0
behind,C1,5,6,2,noun,5.29,0,0,1,0,0
justly,C1,5,6,2,adverb,2.84,0,1,0,0,0
wry,C1,5,3,1,adjective,2.86,1,0,0,0,0
wryly,C1,5,5,2,adverb,2.41,0,1,0,0,0
poetess,C1,5,7,2,noun,2.01,0,0,1,0,0
confide,C1,5,7,3,verb,2.9,0,0,0,0,1
sentient,C1,5,8,2,adjective,3.12,1,0,0,0,0
sentiment,C1,5,9,3,noun,4.03,0,0,1,0,0
sentimental,C1,5,11,4,adjective,3.53,1,0,0,0,0
sentimentally,C1,5,13,5,adverb,1.9,0,1,0,0,0
tangle,C1,5,6,2,noun,3.1,0,0,1,0,0
tangled,C1,5,7,2,verb,3.46,0,0,0,0,1
untangle,C1,5,8,3,verb,2.54,0,0,0,0,1
untangled,C1,5,9,3,verb,2.03,0,0,0,0,1
perceptive,C1,5,10,4,adjective,2.99,1,0,0,0,0
perceptively,C1,5,12,5,adverb,1.74,0,1,0,0,0
outset,C1,5,6,2,noun,3.44,0,0,1,0,0
tycoon,C1,5,6,2,noun,3.16,0,0,1,0,0
launch,C1,5,6,1,noun,4.69,0,0,1,0,0
engross,C1,5,7,2,verb,1.8,0,0,0,0,1
engrossing,C1,5,10,3,verb,2.74,0,0,0,0,1
plague,C1,5,6,2,noun,3.89,0,0,1,0,0
orphan,C1,5,6,2,noun,3.58,0,0,1,0,0
detritus,C1,5,8,3,noun,2.72,0,0,1,0,0
detriment,C1,5,9,3,noun,3.26,0,0,1,0,0
detrimental,C1,5,11,4,adjective,3.55,1,0,0,0,0
detrimentally,C1,5,13,5,adverb,1.81,0,1,0,0,0
domestically,C1,5,12,5,adverb,3.26,0,1,0,0,0
domesticate,C1,5,11,5,verb,2.09,0,0,0,0,1
domestication,C1,5,13,5,noun,2.74,0,0,1,0,0
eccentrically,C1,5,13,5,adverb,1.86,0,1,0,0,0
render,C1,5,6,2,noun,3.78,0,0,1,0,0
rendering,C1,5,9,3,noun,3.79,0,0,1,0,0
pathos,C1,5,6,2,noun,2.83,0,0,1,0,0
tailor,C1,5,6,2,noun,3.61,0,0,1,0,0
personalize/personalise,C1,5,23,10,unknown,2.05,0,0,0,1,0
personalization/personalisation,C1,5,31,12,unknown,2.03,0,0,0,1,0
personification,C1,5,15,6,noun,2.82,0,0,1,0,0
limitless,C1,5,9,3,adjective,3.27,1,0,0,0,0
apprentice,C1,5,10,4,noun,3.7,0,0,1,0,0
apprenticeship,C1,5,14,5,noun,3.47,0,0,1,0,0
precision,C1,5,9,3,noun,4.01,0,0,1,0,0
perfect,C1,5,7,2,noun,5.2,0,0,1,0,0
silhouette,C1,5,10,3,noun,3.31,0,0,1,0,0
nondescript,C1,5,11,3,noun,2.64,0,0,1,0,0
signal,C1,5,6,2,noun,4.62,0,0,1,0,0
negligible,C1,5,10,4,adjective,3.39,1,0,0,0,0
negligent,C1,5,9,3,adjective,3.33,1,0,0,0,0
negligently,C1,5,11,4,adverb,2.45,0,1,0,0,0
principally,C1,5,11,4,adverb,3.4,0,1,0,0,0
altruism,C1,5,8,2,noun,2.94,0,0,1,0,0
altruistic,C1,5,10,3,adjective,2.95,1,0,0,0,0
scenario,C1,5,8,3,noun,4.19,0,0,1,0,0
voluntary,C1,5,9,4,noun,4.01,0,0,1,0,0
voluntarily,C1,5,11,5,adverb,3.72,0,1,0,0,0
reap,C1,5,4,1,verb,3.53,0,0,0,0,1
paternal,C1,5,8,3,adjective,3.26,1,0,0,0,0
maternal,C1,5,8,3,adjective,3.77,1,0,0,0,0
maternalistic,C1,5,13,5,adjective,0.0,1,0,0,0,0
paternalistic,C1,5,13,5,adjective,2.46,1,0,0,0,0
provisions,C1,5,10,3,noun,4.12,0,0,1,0,0
injustice,C1,5,9,4,noun,3.81,0,0,1,0,0
impoverished,C1,5,12,5,verb,3.35,0,0,0,0,1
unsustainable,C1,5,13,5,unknown,3.15,0,0,0,1,0
unsustainably,C1,5,13,5,unknown,1.62,0,0,0,1,0
sustainable,C1,5,11,4,adjective,4.19,1,0,0,0,0
sustainably,C1,5,11,4,unknown,2.68,0,0,0,1,0
bypass,C1,5,6,2,noun,3.76,0,0,1,0,0
imperative,C1,5,10,5,noun,3.66,0,0,1,0,0
cynic,C1,5,5,2,noun,2.81,0,0,1,0,0
cynical,C1,5,7,3,adjective,3.59,1,0,0,0,0
cynically,C1,5,9,4,adverb,2.54,0,1,0,0,0
cynicism,C1,5,8,3,noun,3.13,0,0,1,0,0
sarcasm,C1,5,7,2,noun,3.62,0,0,1,0,0
sarcastic,C1,5,9,3,adjective,3.6,1,0,0,0,0
sarcastically,C1,5,13,5,adverb,2.94,0,1,0,0,0
misplace,C1,5,8,3,verb,2.28,0,0,0,0,1
symptomatic,C1,5,11,4,adjective,3.09,1,0,0,0,0
degrade,C1,5,7,3,verb,3.28,0,0,0,0,1
degrading,C1,5,9,3,verb,3.35,0,0,0,0,1
degradation,C1,5,11,4,noun,3.6,0,0,1,0,0
discourse,C1,5,9,3,noun,3.83,0,0,1,0,0
amid,C1,5,4,2,unknown,3.95,0,0,0,1,0
hedgehog,C1,5,8,3,noun,3.25,0,0,1,0,0
nocturnal,C1,5,9,3,adjective,3.24,1,0,0,0,0
hibernate,C1,5,9,4,verb,2.7,0,0,0,0,1
hibernation,C1,5,11,4,noun,3.01,0,0,1,0,0
convict,C1,5,7,2,noun,3.56,0,0,1,0,0
conviction,C1,5,10,3,noun,4.14,0,0,1,0,0
latent,C1,5,6,2,adjective,3.27,1,0,0,0,0
snooze,C1,5,6,2,noun,2.98,0,0,1,0,0
classy,C1,5,6,2,adjective,3.72,1,0,0,0,0
wrench,C1,5,6,1,noun,3.37,0,0,1,0,0
reminisce,C1,5,9,4,verb,2.84,0,0,0,0,1
reminiscent,C1,5,11,4,adjective,3.61,1,0,0,0,0
intuit,C1,5,6,2,verb,2.49,0,0,0,0,1
intuition,C1,5,9,3,noun,3.54,0,0,1,0,0
intuitive,C1,5,9,4,adjective,3.57,1,0,0,0,0
intuitively,C1,5,11,5,adverb,3.04,0,1,0,0,0
marginal,C1,5,8,3,adjective,3.71,1,0,0,0,0
marginally,C1,5,10,4,adverb,3.25,0,1,0,0,0
crude,C1,5,5,2,noun,4.0,0,0,1,0,0
crudely,C1,5,7,3,adverb,2.72,0,1,0,0,0
strap,C1,5,5,1,noun,3.79,0,0,1,0,0
strapping,C1,5,9,2,verb,2.89,0,0,0,0,1
scoff,C1,5,5,1,noun,2.78,0,0,1,0,0
fiddly,C1,5,6,2,unknown,2.44,0,0,0,1,0
fiddler,C1,5,7,2,noun,2.83,0,0,1,0,0
fiddle,C1,5,6,2,noun,3.43,0,0,1,0,0
unmusical,C1,5,9,4,adjective,1.45,1,0,0,0,0
unmusically,C1,5,11,5,adverb,0.0,0,1,0,0,0
repertory,C1,5,9,4,noun,2.98,0,0,1,0,0
concerto,C1,5,8,3,noun,3.26,0,0,1,0,0
premier,C1,5,7,2,noun,4.56,0,0,1,0,0
fanatic,C1,5,7,3,noun,3.23,0,0,1,0,0
fanatically,C1,5,11,5,adverb,2.17,0,1,0,0,0
acoustically,C1,5,12,5,adverb,2.43,0,1,0,0,0
acoustic,C1,5,8,3,noun,3.98,0,0,1,0,0
acoustics,C1,5,9,3,noun,3.1,0,0,1,0,0
compromised,C1,5,11,4,verb,3.78,0,0,0,0,1
daunt,C1,5,5,1,verb,2.04,0,0,0,0,1
daunting,C1,5,8,2,verb,3.4,0,0,0,0,1
realist,C1,5,7,2,noun,3.26,0,0,1,0,0
realism,C1,5,7,2,noun,3.69,0,0,1,0,0
recess,C1,5,6,2,noun,3.53,0,0,1,0,0
recessive,C1,5,9,4,noun,2.91,0,0,1,0,0
prolific,C1,5,8,3,adjective,3.6,1,0,0,0,0
prolifically,C1,5,12,5,unknown,2.03,0,0,0,1,0
proliferate,C1,5,11,5,verb,2.69,0,0,0,0,1
fragmentation,C1,5,13,4,noun,3.23,0,0,1,0,0
campaign,C1,5,8,2,noun,5.0,0,0,1,0,0
astray,C1,5,6,2,adverb,3.13,0,1,0,0,0
duration,C1,5,8,3,noun,4.14,0,0,1,0,0
durable,C1,5,7,3,adjective,3.68,1,0,0,0,0
likelihood,C1,5,10,4,noun,3.91,0,0,1,0,0
naive,C1,5,5,2,adjective,3.75,1,0,0,0,0
naively,C1,5,7,3,adverb,2.68,0,1,0,0,0
naivety,C1,5,7,3,noun,2.58,0,0,1,0,0
impervious,C1,5,10,3,adjective,2.88,1,0,0,0,0
ludicrous,C1,5,9,3,adjective,3.34,1,0,0,0,0
ludicrously,C1,5,11,4,adverb,2.47,0,1,0,0,0
cost-effective,C1,5,14,5,adjective,4.73,1,0,0,0,0
gruesome,C1,5,8,3,adjective,3.27,1,0,0,0,0
gruesomely,C1,5,10,4,adverb,1.86,0,1,0,0,0
envisage,C1,5,8,4,verb,2.7,0,0,0,0,1
screenwriter,C1,5,12,3,noun,3.17,0,0,1,0,0
mingle,C1,5,6,2,verb,3.21,0,0,0,0,1
churn,C1,5,5,1,noun,3.07,0,0,1,0,0
buffer,C1,5,6,2,noun,3.78,0,0,1,0,0
irate,C1,5,5,3,adjective,2.78,1,0,0,0,0
irately,C1,5,7,4,adverb,0.0,0,1,0,0,0
docile,C1,5,6,3,adjective,2.93,1,0,0,0,0
docilely,C1,5,8,4,unknown,1.19,0,0,0,1,0
fiend,C1,5,5,1,noun,3.1,0,0,1,0,0
fiendish,C1,5,8,2,adjective,2.46,1,0,0,0,0
fiendishly,C1,5,10,3,adverb,2.03,0,1,0,0,0
transfix,C1,5,8,2,verb,1.44,0,0,0,0,1
gypsy,C1,5,5,2,noun,3.55,0,0,1,0,0
temperament,C1,5,11,4,noun,3.36,0,0,1,0,0
temperamental,C1,5,13,5,adjective,2.75,1,0,0,0,0
temperamentally,C1,5,15,6,adverb,2.01,0,1,0,0,0
screenplay,C1,5,10,2,noun,3.54,0,0,1,0,0
disillusionment,C1,5,15,5,noun,2.82,0,0,1,0,0
demise,C1,5,6,3,noun,3.66,0,0,1,0,0
raunchy,C1,5,7,2,adjective,2.81,1,0,0,0,0
raunchily,C1,5,9,3,unknown,0.0,0,0,0,1,0
overdraft,C1,5,9,3,noun,2.84,0,0,1,0,0
synopsis,C1,5,8,3,noun,3.38,0,0,1,0,0
renown,C1,5,6,2,noun,3.11,0,0,1,0,0
contest,C1,5,7,2,noun,4.53,0,0,1,0,0
contested,C1,5,9,3,verb,3.77,0,0,0,0,1
verandah,C1,5,8,3,noun,2.63,0,0,1,0,0
occupational,C1,5,12,5,adjective,3.72,1,0,0,0,0
verdict,C1,5,7,2,noun,4.03,0,0,1,0,0
ventilate,C1,5,9,4,verb,2.29,0,0,0,0,1
ventilation,C1,5,11,4,noun,3.6,0,0,1,0,0
occupant,C1,5,8,3,noun,3.11,0,0,1,0,0
radiator,C1,5,8,3,noun,3.34,0,0,1,0,0
homely,C1,5,6,3,adjective,2.9,1,0,0,0,0
bureaucratic,C1,5,12,4,adjective,3.4,1,0,0,0,0
bureaucratically,C1,5,16,6,adverb,1.66,0,1,0,0,0
adjustable,C1,5,10,4,adjective,3.6,1,0,0,0,0
fatigue,C1,5,7,3,noun,3.86,0,0,1,0,0
muscular,C1,5,8,3,adjective,3.67,1,0,0,0,0
versatile,C1,5,9,4,adjective,3.66,1,0,0,0,0
versatility,C1,5,11,5,noun,3.32,0,0,1,0,0
stimuli,C1,5,7,3,noun,3.39,0,0,1,0,0
uninspiring,C1,5,11,4,adjective,2.55,1,0,0,0,0
mutually,C1,5,8,3,adverb,3.68,0,1,0,0,0
somber/sombre,C1,5,13,4,unknown,2.63,0,0,0,1,0
somberly/sombrely,C1,5,17,6,unknown,1.18,0,0,0,1,0
clutter,C1,5,7,2,noun,3.21,0,0,1,0,0
lodge,C1,5,5,2,noun,4.08,0,0,1,0,0
dislodge,C1,5,8,3,verb,2.79,0,0,0,0,1
carpenter,C1,5,9,3,noun,3.81,0,0,1,0,0
carpentry,C1,5,9,3,noun,2.97,0,0,1,0,0
transit,C1,5,7,2,noun,4.2,0,0,1,0,0
plummet,C1,5,7,2,noun,2.85,0,0,1,0,0
circulate,C1,5,9,4,verb,3.17,0,0,0,0,1
circulation,C1,5,11,4,noun,3.96,0,0,1,0,0
demography,C1,5,10,4,noun,2.84,0,0,1,0,0
demographic,C1,5,11,4,noun,3.92,0,0,1,0,0
demographically,C1,5,15,6,unknown,2.38,0,0,0,1,0
phenomenal,C1,5,10,4,adjective,3.76,1,0,0,0,0
phenomenally,C1,5,12,5,adverb,2.61,0,1,0,0,0
prophet,C1,5,7,2,noun,3.98,0,0,1,0,0
prophetic,C1,5,9,3,adjective,3.19,1,0,0,0,0
paywall,C1,5,7,2,unknown,2.35,0,0,0,1,0
firewall,C1,5,8,3,noun,3.24,0,0,1,0,0
invoice,C1,5,7,3,noun,3.27,0,0,1,0,0
demolition,C1,5,10,4,noun,3.62,0,0,1,0,0
demo,C1,5,4,2,noun,4.06,0,0,1,0,0
gig,C1,5,3,1,noun,3.98,0,0,1,0,0
socialization,C1,5,13,5,noun,3.02,0,0,1,0,0
antiquity,C1,5,9,4,noun,3.43,0,0,1,0,0
antiquated,C1,5,10,4,verb,3.06,0,0,0,0,1
restoration,C1,5,11,4,noun,4.11,0,0,1,0,0
restorative,C1,5,11,5,noun,2.96,0,0,1,0,0
rotate,C1,5,6,3,verb,3.58,0,0,0,0,1
till,C1,5,4,1,noun,4.79,0,0,1,0,0
coupled,C1,5,7,2,verb,3.97,0,0,0,0,1
itinerary,C1,5,9,5,noun,3.23,0,0,1,0,0
charter,C1,5,7,2,noun,4.23,0,0,1,0,0
terrain,C1,5,7,2,noun,3.94,0,0,1,0,0
resilient,C1,5,9,3,adjective,3.5,1,0,0,0,0
resilience,C1,5,10,4,noun,3.58,0,0,1,0,0
enterprising,C1,5,12,4,adjective,2.95,1,0,0,0,0
integral,C1,5,8,3,noun,3.96,0,0,1,0,0
canoe,C1,5,5,2,noun,3.5,0,0,1,0,0
magnetic,C1,5,8,3,adjective,4.17,1,0,0,0,0
magnetism,C1,5,9,3,noun,3.03,0,0,1,0,0
magnetically,C1,5,12,5,adverb,2.57,0,1,0,0,0
credible,C1,5,8,3,adjective,3.77,1,0,0,0,0
credibly,C1,5,8,3,adverb,2.57,0,1,0,0,0
credibility,C1,5,11,5,noun,3.88,0,0,1,0,0
credential,C1,5,10,3,noun,2.75,0,0,1,0,0
acutely,C1,5,7,4,adverb,3.13,0,1,0,0,0
prohibitive,C1,5,11,5,adjective,2.95,1,0,0,0,0
prohibitively,C1,5,13,6,adverb,2.62,0,1,0,0,0
fissure,C1,5,7,3,noun,2.82,0,0,1,0,0
pendulous,C1,5,9,3,adjective,2.1,1,0,0,0,0
suspension,C1,5,10,3,noun,4.24,0,0,1,0,0
aboard,C1,5,6,2,adverb,4.14,0,1,0,0,0
drill,C1,5,5,1,noun,4.09,0,0,1,0,0
anthropology,C1,5,12,5,noun,3.65,0,0,1,0,0
anthropologist,C1,5,14,5,noun,3.16,0,0,1,0,0
squander,C1,5,8,2,verb,2.74,0,0,0,0,1
munch,C1,5,5,1,noun,3.08,0,0,1,0,0
adjoin,C1,5,6,2,verb,1.97,0,0,0,0,1
adjoining,C1,5,9,3,verb,3.5,0,0,0,0,1
wizened,C1,5,7,3,adjective,2.11,1,0,0,0,0
graft,C1,5,5,1,noun,3.47,0,0,1,0,0
orchard,C1,5,7,2,noun,3.57,0,0,1,0,0
seedling,C1,5,8,2,noun,2.75,0,0,1,0,0
tract,C1,5,5,1,noun,3.71,0,0,1,0,0
folktale,C1,5,8,3,noun,2.16,0,0,1,0,0
sprout,C1,5,6,1,noun,3.11,0,0,1,0,0
hypocrisy,C1,5,9,4,noun,3.65,0,0,1,0,0
hypocrite,C1,5,9,4,noun,3.4,0,0,1,0,0
hypocritical,C1,5,12,5,adjective,3.31,1,0,0,0,0
hypocritically,C1,5,14,6,adverb,2.09,0,1,0,0,0
midwife,C1,5,7,3,noun,3.27,0,0,1,0,0
harvest,C1,5,7,2,noun,4.03,0,0,1,0,0
commercially,C1,5,12,4,adverb,3.67,0,1,0,0,0
uniformity,C1,5,10,5,noun,3.03,0,0,1,0,0
numb,C1,5,4,1,verb,3.53,0,0,0,0,1
tastebud,C1,5,8,3,noun,1.15,0,0,1,0,0
amateur,C1,5,7,3,noun,4.22,0,0,1,0,0
retrace,C1,5,7,3,verb,2.69,0,0,0,0,1
chart,C1,5,5,1,noun,4.47,0,0,1,0,0
insubordinate,C1,5,13,6,adjective,2.2,1,0,0,0,0
insubordination,C1,5,15,6,noun,2.66,0,0,1,0,0
insubordinately,C1,5,15,7,unknown,0.0,0,0,0,1,0
subordinate,C1,5,11,5,noun,3.45,0,0,1,0,0
primitively,C1,5,11,5,adverb,1.76,0,1,0,0,0
embark,C1,5,6,2,verb,3.4,0,0,0,0,1
expedite,C1,5,8,4,verb,3.05,0,0,0,0,1
contextual,C1,5,10,3,adjective,3.14,1,0,0,0,0
contextually,C1,5,12,4,adverb,2.3,0,1,0,0,0
whilst,C1,5,6,1,unknown,4.38,0,0,0,1,0
maneuver/manoeuvre,C1,5,18,6,unknown,2.91,0,0,0,1,0
riveting,C1,5,8,3,verb,2.99,0,0,0,0,1
plunge,C1,5,6,2,noun,3.49,0,0,1,0,0
debut,C1,5,5,2,noun,4.52,0,0,1,0,0
turmoil,C1,5,7,2,noun,3.52,0,0,1,0,0
scathing,C1,5,8,2,adjective,2.97,1,0,0,0,0
unscathing,C1,5,10,3,unknown,0.0,0,0,0,1,0
convoluted,C1,5,10,4,verb,3.05,0,0,0,0,1
undaunted,C1,5,9,3,adjective,2.69,1,0,0,0,0
gutsy,C1,5,5,2,adjective,2.73,1,0,0,0,0
deprivation,C1,5,11,4,noun,3.44,0,0,1,0,0
farce,C1,5,5,2,noun,3.33,0,0,1,0,0
portray,C1,5,7,2,verb,3.63,0,0,0,0,1
portrayal,C1,5,9,2,noun,3.55,0,0,1,0,0
elusive,C1,5,7,4,adjective,3.47,1,0,0,0,0
elude,C1,5,5,3,verb,2.78,0,0,0,0,1
incisor,C1,5,7,3,noun,2.22,0,0,1,0,0
incision,C1,5,8,3,noun,3.16,0,0,1,0,0
chisel,C1,5,6,2,noun,2.96,0,0,1,0,0
chiselled,C1,5,9,3,verb,2.2,0,0,0,0,1
gnaw,C1,5,4,1,verb,2.56,0,0,0,0,1
elongate,C1,5,8,4,verb,2.78,0,0,0,0,1
telltale,C1,5,8,3,noun,2.9,0,0,1,0,0
cavity,C1,5,6,3,noun,3.61,0,0,1,0,0
rustle,C1,5,6,2,noun,2.72,0,0,1,0,0
glean,C1,5,5,1,verb,2.73,0,0,0,0,1
niche,C1,5,5,2,noun,3.85,0,0,1,0,0
somersault,C1,5,10,3,noun,2.48,0,0,1,0,0
exhilarate,C1,5,10,5,verb,1.36,0,0,0,0,1
exhilarating,C1,5,12,5,verb,3.12,0,0,0,0,1
exhilaration,C1,5,12,5,noun,2.55,0,0,1,0,0
physicality,C1,5,11,5,noun,2.83,0,0,1,0,0
hack,C1,5,4,1,noun,4.05,0,0,1,0,0
lust,C1,5,4,1,noun,3.72,0,0,1,0,0
unsettling,C1,5,10,3,verb,3.29,0,0,0,0,1
unsettle,C1,5,8,3,verb,2.27,0,0,0,0,1
suburban,C1,5,8,3,adjective,3.91,1,0,0,0,0
suburbia,C1,5,8,3,noun,2.79,0,0,1,0,0
dramatist,C1,5,9,3,noun,2.8,0,0,1,0,0
characterization/characterisation,C1,5,33,12,unknown,2.8,0,0,0,1,0
quirky,C1,5,6,2,adjective,3.53,1,0,0,0,0
sprawl,C1,5,6,1,noun,2.99,0,0,1,0,0
ingenuity,C1,5,9,4,noun,3.23,0,0,1,0,0
panorama,C1,5,8,4,noun,3.39,0,0,1,0,0
panoramic,C1,5,9,4,adjective,3.21,1,0,0,0,0
benign,C1,5,6,2,adjective,3.51,1,0,0,0,0
benignly,C1,5,8,3,adverb,1.95,0,1,0,0,0
explosively,C1,5,11,5,adverb,2.47,0,1,0,0,0
bequeath,C1,5,8,2,verb,2.47,0,0,0,0,1
legacy,C1,5,6,3,noun,4.37,0,0,1,0,0
synthetic,C1,5,9,3,noun,3.95,0,0,1,0,0
synthetically,C1,5,13,5,adverb,2.24,0,1,0,0,0
lackluster/lacklustre,C1,5,21,6,unknown,2.34,0,0,0,1,0
elastic,C1,5,7,3,noun,3.59,0,0,1,0,0
appall/appal,C1,5,12,4,unknown,1.26,0,0,0,1,0
appalling,C1,5,9,3,noun,3.46,0,0,1,0,0
appallingly,C1,5,11,4,adverb,2.31,0,1,0,0,0
pounce,C1,5,6,2,noun,2.97,0,0,1,0,0
abound,C1,5,6,2,verb,3.27,0,0,0,0,1
sap,C1,5,3,1,noun,3.6,0,0,1,0,0
monotonous,C1,5,10,4,adjective,2.95,1,0,0,0,0
monotonously,C1,5,12,5,adverb,1.77,0,1,0,0,0
monotony,C1,5,8,4,noun,2.75,0,0,1,0,0
turn to ,C1,5,8,2,unknown,5.32,0,0,0,1,0
ingenious,C1,5,9,3,adjective,3.35,1,0,0,0,0
plaque,C1,5,6,2,noun,3.69,0,0,1,0,0
neutralize/neutralise,C1,5,21,8,unknown,2.35,0,0,0,1,0
neutralization/neutralisation,C1,5,29,10,unknown,1.61,0,0,0,1,0
salivate,C1,5,8,4,verb,2.12,0,0,0,0,1
cessation,C1,5,9,3,noun,3.25,0,0,1,0,0
remorse,C1,5,7,3,noun,3.49,0,0,1,0,0
remorseless,C1,5,11,4,adjective,2.36,1,0,0,0,0
remorsefully,C1,5,12,5,adverb,1.09,0,1,0,0,0
remorselessly,C1,5,13,5,adverb,1.84,0,1,0,0,0
inexcusable,C1,5,11,5,adjective,2.95,1,0,0,0,0
inexcusably,C1,5,11,5,adverb,1.8,0,1,0,0,0
unassisted,C1,5,10,4,adjective,2.57,1,0,0,0,0
heighten,C1,5,8,2,verb,2.84,0,0,0,0,1
fixture,C1,5,7,3,noun,3.67,0,0,1,0,0
bulk,C1,5,4,1,noun,4.19,0,0,1,0,0
bulky,C1,5,5,2,adjective,3.3,1,0,0,0,0
bulk up,C1,5,7,2,unknown,4.19,0,0,0,1,0
digitalize/digitalise,C1,5,21,10,unknown,0.0,0,0,0,1,0
digitalization/digitalisation,C1,5,29,12,unknown,1.54,0,0,0,1,0
mark-up,C1,5,7,2,unknown,5.03,0,0,0,1,0
complementary,C1,5,13,5,noun,3.56,0,0,1,0,0
complimentary,C1,5,13,5,adjective,3.35,1,0,0,0,0
staple,C1,5,6,2,noun,3.68,0,0,1,0,0
wares,C1,5,5,2,noun,3.18,0,0,1,0,0
testament,C1,5,9,3,noun,4.07,0,0,1,0,0
succulent,C1,5,9,3,noun,3.0,0,0,1,0,0
succulently,C1,5,11,4,unknown,0.0,0,0,0,1,0
tranquil,C1,5,8,2,adjective,3.14,1,0,0,0,0
tranquility,C1,5,11,4,noun,3.02,0,0,1,0,0
spartan,C1,5,7,2,noun,3.37,0,0,1,0,0
peninsula,C1,5,9,4,noun,4.03,0,0,1,0,0
billiards,C1,5,9,2,noun,2.84,0,0,1,0,0
exude,C2,6,5,3,verb,2.52,0,0,0,0,1
envisage,C2,6,8,4,verb,2.7,0,0,0,0,1
headmistress,C2,6,12,3,noun,2.68,0,0,1,0,0
mien,C2,6,4,1,noun,2.31,0,0,1,0,0
timidity,C2,6,8,4,noun,2.34,0,0,1,0,0
unravel,C2,6,7,3,verb,3.19,0,0,0,0,1
concurrence,C2,6,11,4,noun,2.56,0,0,1,0,0
unpromising,C2,6,11,4,adjective,2.12,1,0,0,0,0
teem,C2,6,4,1,verb,2.07,0,0,0,0,1
marvel,C2,6,6,2,noun,4.16,0,0,1,0,0
outpatient,C2,6,10,3,noun,3.32,0,0,1,0,0
corpse,C2,6,6,2,noun,3.76,0,0,1,0,0
apprentice,C2,6,10,4,noun,3.7,0,0,1,0,0
constrained,C2,6,11,3,verb,3.41,0,0,0,0,1
quirk,C2,6,5,1,noun,3.13,0,0,1,0,0
indignant,C2,6,9,3,adjective,2.86,1,0,0,0,0
indignantly,C2,6,11,4,adverb,2.14,0,1,0,0,0
eccentricity,C2,6,12,5,noun,2.84,0,0,1,0,0
locomotive,C2,6,10,5,noun,3.5,0,0,1,0,0
locomotion,C2,6,10,4,noun,2.88,0,0,1,0,0
individualism,C2,6,13,5,noun,3.0,0,0,1,0,0
enthuse,C2,6,7,3,verb,1.92,0,0,0,0,1
belligerent,C2,6,11,4,noun,3.04,0,0,1,0,0
belligerence,C2,6,12,5,noun,2.12,0,0,1,0,0
stoicism,C2,6,8,2,noun,2.63,0,0,1,0,0
deliberate,C2,6,10,5,verb,3.82,0,0,0,0,1
recluse,C2,6,7,3,noun,2.92,0,0,1,0,0
reclusive,C2,6,9,4,adjective,2.76,1,0,0,0,0
metalled,C2,6,8,3,verb,1.54,0,0,0,0,1
brief,C2,6,5,1,noun,4.52,0,0,1,0,0
oblique,C2,6,7,3,noun,3.2,0,0,1,0,0
facsimile,C2,6,9,4,noun,2.97,0,0,1,0,0
shamble,C2,6,7,2,noun,1.62,0,0,1,0,0
whir,C2,6,4,1,noun,2.04,0,0,1,0,0
blight,C2,6,6,1,noun,3.24,0,0,1,0,0
puritanical,C2,6,11,5,adjective,2.56,1,0,0,0,0
brood,C2,6,5,1,noun,3.25,0,0,1,0,0
disdainful,C2,6,10,3,adjective,2.35,1,0,0,0,0
zoologist,C2,6,9,3,noun,2.51,0,0,1,0,0
zoology,C2,6,7,3,noun,3.19,0,0,1,0,0
encumbrance,C2,6,11,4,noun,2.18,0,0,1,0,0
encumber,C2,6,8,3,verb,1.68,0,0,0,0,1
hypothesis,C2,6,10,4,noun,3.87,0,0,1,0,0
hypothesize,C2,6,11,5,verb,2.5,0,0,0,0,1
hypothetical,C2,6,12,5,noun,3.61,0,0,1,0,0
parasitic,C2,6,9,4,adjective,3.27,1,0,0,0,0
plumage,C2,6,7,3,noun,2.94,0,0,1,0,0
utilitarian,C2,6,11,5,noun,3.05,0,0,1,0,0
utilize,C2,6,7,4,verb,3.75,0,0,0,0,1
utility,C2,6,7,4,noun,4.27,0,0,1,0,0
predilection,C2,6,12,4,noun,2.52,0,0,1,0,0
commensurate,C2,6,12,5,adjective,2.83,1,0,0,0,0
commensurately,C2,6,14,6,unknown,1.7,0,0,0,1,0
vindicate,C2,6,9,4,verb,2.54,0,0,0,0,1
vindication,C2,6,11,4,noun,2.93,0,0,1,0,0
parable,C2,6,7,3,noun,3.1,0,0,1,0,0
poise,C2,6,5,2,noun,3.04,0,0,1,0,0
minster,C2,6,7,2,noun,2.95,0,0,1,0,0
wrack,C2,6,5,1,noun,2.21,0,0,1,0,0
ironic,C2,6,6,3,adjective,3.8,1,0,0,0,0
predecessor,C2,6,11,4,noun,3.82,0,0,1,0,0
ally,C2,6,4,2,noun,4.1,0,0,1,0,0
callous,C2,6,7,2,verb,3.07,0,0,0,0,1
callously,C2,6,9,3,adverb,2.14,0,1,0,0,0
derelict,C2,6,8,3,noun,3.1,0,0,1,0,0
materialism,C2,6,11,4,noun,3.05,0,0,1,0,0
materialistic,C2,6,13,5,adjective,2.99,1,0,0,0,0
ferocity,C2,6,8,4,noun,2.9,0,0,1,0,0
utter,C2,6,5,2,verb,3.85,0,0,0,0,1
evokingly,C2,6,9,4,unknown,0.0,0,0,0,1,0
recitation,C2,6,10,4,noun,2.9,0,0,1,0,0
equable,C2,6,7,3,adjective,1.63,1,0,0,0,0
extant,C2,6,6,2,adjective,3.25,1,0,0,0,0
denounce,C2,6,8,3,verb,3.24,0,0,0,0,1
denunciation,C2,6,12,4,noun,2.61,0,0,1,0,0
echo,C2,6,4,2,noun,4.04,0,0,1,0,0
requisition,C2,6,11,4,noun,2.69,0,0,1,0,0
substantiate,C2,6,12,4,verb,2.83,0,0,0,0,1
inscrutable,C2,6,11,4,adjective,2.56,1,0,0,0,0
stratosphere,C2,6,12,4,noun,2.9,0,0,1,0,0
indulge,C2,6,7,3,verb,3.54,0,0,0,0,1
indulgence,C2,6,10,4,noun,3.19,0,0,1,0,0
indulgently,C2,6,11,4,adverb,1.87,0,1,0,0,0
laudatory,C2,6,9,4,adjective,2.11,1,0,0,0,0
laud ,C2,6,5,1,unknown,2.6,0,0,0,1,0
glitz,C2,6,5,1,noun,2.66,0,0,1,0,0
glitzy,C2,6,6,2,unknown,2.37,0,0,0,1,0
automate,C2,6,8,4,verb,3.08,0,0,0,0,1
apprehend,C2,6,9,3,verb,3.02,0,0,0,0,1
athleticism,C2,6,11,4,noun,2.98,0,0,1,0,0
daunt,C2,6,5,1,verb,2.04,0,0,0,0,1
daunting,C2,6,8,2,verb,3.4,0,0,0,0,1
acreage,C2,6,7,3,noun,3.05,0,0,1,0,0
affectation,C2,6,11,4,noun,2.29,0,0,1,0,0
imposition,C2,6,10,4,noun,3.19,0,0,1,0,0
circuit,C2,6,7,2,noun,4.47,0,0,1,0,0
stipulate,C2,6,9,4,verb,2.77,0,0,0,0,1
stipulation,C2,6,11,4,noun,2.92,0,0,1,0,0
allot,C2,6,5,2,verb,2.79,0,0,0,0,1
allotment,C2,6,9,3,noun,3.13,0,0,1,0,0
anticlimactically,C2,6,17,7,unknown,0.0,0,0,0,1,0
forfeiture,C2,6,10,4,noun,3.04,0,0,1,0,0
blitz,C2,6,5,1,noun,3.57,0,0,1,0,0
primeval,C2,6,8,3,adjective,2.71,1,0,0,0,0
tenacity,C2,6,8,4,noun,3.11,0,0,1,0,0
tenacious,C2,6,9,3,adjective,3.04,1,0,0,0,0
tenaciously,C2,6,11,4,adverb,2.19,0,1,0,0,0
exact,C2,6,5,2,verb,4.51,0,0,0,0,1
genomic,C2,6,7,3,unknown,3.11,0,0,0,1,0
genomically,C2,6,11,5,unknown,0.0,0,0,0,1,0
capacious,C2,6,9,3,adjective,2.2,1,0,0,0,0
utilization/utilisation,C2,6,23,10,unknown,2.68,0,0,0,1,0
unequivocal,C2,6,11,5,adjective,2.91,1,0,0,0,0
unequivocally,C2,6,13,6,adverb,3.06,0,1,0,0,0
spontaneity,C2,6,11,4,noun,2.85,0,0,1,0,0
provocation,C2,6,11,4,noun,3.19,0,0,1,0,0
portraiture,C2,6,11,4,noun,2.83,0,0,1,0,0
tedium,C2,6,6,2,noun,2.55,0,0,1,0,0
succeed,C2,6,7,2,verb,4.29,0,0,0,0,1
circumnavigate,C2,6,14,6,verb,2.26,0,0,0,0,1
circumnavigation,C2,6,16,6,noun,2.19,0,0,1,0,0
liaise,C2,6,6,2,verb,2.51,0,0,0,0,1
contractual,C2,6,11,3,adjective,3.43,1,0,0,0,0
contractually,C2,6,13,4,adverb,2.67,0,1,0,0,0
repute,C2,6,6,3,noun,2.64,0,0,1,0,0
abject,C2,6,6,2,adjective,3.0,1,0,0,0,0
sheaf,C2,6,5,1,noun,2.6,0,0,1,0,0
articulation,C2,6,12,5,noun,3.09,0,0,1,0,0
articulate,C2,6,10,5,verb,3.54,0,0,0,0,1
spurious,C2,6,8,2,adjective,2.96,1,0,0,0,0
spuriously,C2,6,10,3,adverb,1.55,0,1,0,0,0
posture,C2,6,7,3,noun,3.65,0,0,1,0,0
calorific,C2,6,9,4,adjective,2.2,1,0,0,0,0
fabulate,C2,6,8,4,unknown,0.0,0,0,0,1,0
fabulation,C2,6,10,4,unknown,0.0,0,0,0,1,0
octogenarian,C2,6,12,5,noun,2.16,0,0,1,0,0
voracity,C2,6,8,4,noun,1.6,0,0,1,0,0
brandish,C2,6,8,2,noun,2.2,0,0,1,0,0
repose,C2,6,6,3,noun,2.75,0,0,1,0,0
unencumbered,C2,6,12,5,adjective,2.6,1,0,0,0,0
buffoonery,C2,6,10,4,noun,2.17,0,0,1,0,0
gauche,C2,6,6,2,adjective,2.53,1,0,0,0,0
domesticity,C2,6,11,5,noun,2.36,0,0,1,0,0
accrue,C2,6,6,2,verb,2.91,0,0,0,0,1
proliferation,C2,6,13,5,noun,3.61,0,0,1,0,0
blandishment,C2,6,12,3,noun,0.0,0,0,1,0,0
pluck,C2,6,5,1,noun,3.13,0,0,1,0,0
anthropological,C2,6,15,6,adjective,3.09,1,0,0,0,0
anthropologically,C2,6,17,7,unknown,1.72,0,0,0,1,0
carbonize/carbonise,C2,6,19,8,unknown,0.0,0,0,0,1,0
monastic,C2,6,8,3,noun,3.1,0,0,1,0,0
graft,C2,6,5,1,noun,3.47,0,0,1,0,0
midwifery,C2,6,9,4,noun,2.93,0,0,1,0,0
adornment,C2,6,9,3,noun,2.47,0,0,1,0,0
adorn,C2,6,5,2,verb,3.01,0,0,0,0,1
idle,C2,6,4,2,noun,3.7,0,0,1,0,0
conjecture,C2,6,10,4,noun,3.35,0,0,1,0,0
malleable,C2,6,9,3,adjective,2.82,1,0,0,0,0
malleability,C2,6,12,5,noun,2.19,0,0,1,0,0
ore,C2,6,3,2,noun,4.1,0,0,1,0,0
gale,C2,6,4,1,noun,3.62,0,0,1,0,0
promenade,C2,6,9,4,noun,3.17,0,0,1,0,0
testimonial,C2,6,11,4,noun,3.07,0,0,1,0,0
distill,C2,6,7,2,verb,2.47,0,0,0,0,1
distillation,C2,6,12,4,noun,3.01,0,0,1,0,0
informant,C2,6,9,3,noun,3.33,0,0,1,0,0
vis-a-vis,C2,6,9,3,noun,3.13,0,0,1,0,0
overlay,C2,6,7,3,noun,3.24,0,0,1,0,0
nostalgia,C2,6,9,3,noun,3.62,0,0,1,0,0
nostalgic,C2,6,9,3,adjective,3.45,1,0,0,0,0
nostalgically,C2,6,13,5,adverb,2.11,0,1,0,0,0
grievance,C2,6,9,3,noun,3.15,0,0,1,0,0
deprivation,C2,6,11,4,noun,3.44,0,0,1,0,0
residue,C2,6,7,3,noun,3.53,0,0,1,0,0
residual,C2,6,8,3,noun,3.52,0,0,1,0,0
physiological,C2,6,13,5,adjective,3.54,1,0,0,0,0
physiologically,C2,6,15,6,adverb,2.61,0,1,0,0,0
familiarize/familiarise,C2,6,23,10,unknown,2.12,0,0,0,1,0
methodology,C2,6,11,5,noun,3.82,0,0,1,0,0
methodological,C2,6,14,6,adjective,3.03,1,0,0,0,0
methodologically,C2,6,16,7,adverb,2.03,0,1,0,0,0
proportional,C2,6,12,4,noun,3.6,0,0,1,0,0
proportionally,C2,6,14,5,adverb,2.94,0,1,0,0,0
habitation,C2,6,10,4,noun,2.98,0,0,1,0,0
inartistic,C2,6,10,4,adjective,1.11,1,0,0,0,0
ornate,C2,6,6,3,adjective,3.19,1,0,0,0,0
modernism,C2,6,9,3,noun,3.13,0,0,1,0,0
presuppose,C2,6,10,4,verb,2.09,0,0,0,0,1
presupposition,C2,6,14,5,noun,2.16,0,0,1,0,0
centralized/centralised,C2,6,23,8,unknown,2.82,0,0,0,1,0
contextual,C2,6,10,3,adjective,3.14,1,0,0,0,0
contextually,C2,6,12,4,adverb,2.3,0,1,0,0,0
transmitter,C2,6,11,3,noun,3.59,0,0,1,0,0
regulatory,C2,6,10,5,adjective,4.23,1,0,0,0,0
archival,C2,6,8,3,adjective,3.28,1,0,0,0,0
diffuse,C2,6,7,3,verb,3.28,0,0,0,0,1
egalitarian,C2,6,11,5,noun,3.06,0,0,1,0,0
hindsight,C2,6,9,2,noun,3.34,0,0,1,0,0
materialize/materialise,C2,6,23,10,unknown,2.37,0,0,0,1,0
materialization/materialisation,C2,6,31,12,unknown,1.23,0,0,0,1,0
disperse,C2,6,8,3,verb,3.3,0,0,0,0,1
dispersal,C2,6,9,3,noun,3.14,0,0,1,0,0
adverse,C2,6,7,3,adjective,3.89,1,0,0,0,0
adversely,C2,6,9,4,adverb,3.27,0,1,0,0,0
stabilize/stabilise,C2,6,19,8,unknown,2.63,0,0,0,1,0
pervasive,C2,6,9,4,adjective,3.39,1,0,0,0,0
pervasiveness,C2,6,13,5,noun,2.14,0,0,1,0,0
secure,C2,6,6,3,verb,4.64,0,0,0,0,1
autonomous,C2,6,10,4,adjective,3.85,1,0,0,0,0
autonomously,C2,6,12,5,unknown,2.64,0,0,0,1,0
outmoded,C2,6,8,3,verb,2.55,0,0,0,0,1
phase,C2,6,5,2,noun,4.64,0,0,1,0,0
plum,C2,6,4,1,noun,3.55,0,0,1,0,0
notorious,C2,6,9,3,adjective,3.83,1,0,0,0,0
notoriously,C2,6,11,4,adverb,3.37,0,1,0,0,0
notoriety,C2,6,9,4,noun,3.19,0,0,1,0,0
menial,C2,6,6,2,noun,2.84,0,0,1,0,0
insular,C2,6,7,3,adjective,3.03,1,0,0,0,0
antidote,C2,6,8,4,noun,3.25,0,0,1,0,0
postural,C2,6,8,3,adjective,2.56,1,0,0,0,0
posturing,C2,6,9,3,noun,2.9,0,0,1,0,0
revelatory,C2,6,10,5,adjective,2.45,1,0,0,0,0
prostrate,C2,6,9,3,verb,2.68,0,0,0,0,1
haphazard,C2,6,9,3,adjective,2.77,1,0,0,0,0
haphazardly,C2,6,11,4,adverb,2.54,0,1,0,0,0
deficient,C2,6,9,3,adjective,3.33,1,0,0,0,0
deficiently,C2,6,11,4,unknown,0.0,0,0,0,1,0
deficit,C2,6,7,3,noun,4.06,0,0,1,0,0
delicatessen,C2,6,12,5,noun,2.48,0,0,1,0,0
muscle-bound,C2,6,12,3,adjective,4.15,1,0,0,0,0
dive,C2,6,4,1,noun,4.12,0,0,1,0,0
maneuver/manoeuvre,C2,6,18,6,unknown,2.91,0,0,0,1,0
posit,C2,6,5,2,noun,2.76,0,0,1,0,0
cocoon,C2,6,6,2,noun,3.08,0,0,1,0,0
chrysalis,C2,6,9,3,noun,2.6,0,0,1,0,0
ignominious,C2,6,11,4,adjective,2.34,1,0,0,0,0
ignominiously,C2,6,13,5,adverb,1.89,0,1,0,0,0
euphoria,C2,6,8,3,noun,3.24,0,0,1,0,0
euphoric,C2,6,8,3,adjective,2.85,1,0,0,0,0
euphorically,C2,6,12,5,unknown,1.34,0,0,0,1,0
relegate,C2,6,8,4,verb,2.47,0,0,0,0,1
succumb,C2,6,7,2,verb,3.06,0,0,0,0,1
treacherous,C2,6,11,3,adjective,3.32,1,0,0,0,0
treacherously,C2,6,13,4,adverb,2.11,0,1,0,0,0
treachery,C2,6,9,3,noun,3.13,0,0,1,0,0
maggot,C2,6,6,2,noun,2.78,0,0,1,0,0
palate,C2,6,6,3,noun,3.35,0,0,1,0,0
palatable,C2,6,9,4,adjective,3.06,1,0,0,0,0
hermit,C2,6,6,2,noun,3.21,0,0,1,0,0
hermetic,C2,6,8,3,adjective,2.56,1,0,0,0,0
irrelevancy,C2,6,11,5,noun,1.97,0,0,1,0,0
mariner,C2,6,7,3,noun,3.03,0,0,1,0,0
rift,C2,6,4,1,noun,3.64,0,0,1,0,0
mere,C2,6,4,2,noun,4.13,0,0,1,0,0
helm,C2,6,4,1,noun,3.65,0,0,1,0,0
autopilot,C2,6,9,4,noun,3.16,0,0,1,0,0
eminence,C2,6,8,4,noun,3.21,0,0,1,0,0
eminent,C2,6,7,3,adjective,3.56,1,0,0,0,0
preeminent,C2,6,10,3,adjective,2.79,1,0,0,0,0
mold/mould,C2,6,10,2,unknown,3.28,0,0,0,1,0
unsuspected,C2,6,11,4,adjective,2.16,1,0,0,0,0
abolish,C2,6,7,3,verb,3.48,0,0,0,0,1
paralyze/paralyse,C2,6,17,8,unknown,1.98,0,0,0,1,0
paralysis,C2,6,9,4,noun,3.48,0,0,1,0,0
paralyzingly/paralysingly,C2,6,25,10,unknown,0.0,0,0,0,1,0
glory in,C2,6,8,3,unknown,4.36,0,0,0,1,0
decentralize/decentralise,C2,6,25,10,unknown,1.44,0,0,0,1,0
preoccupation,C2,6,13,4,noun,2.87,0,0,1,0,0
preoccupy,C2,6,9,3,verb,1.83,0,0,0,0,1
prolong,C2,6,7,2,verb,3.21,0,0,0,0,1
audit,C2,6,5,2,noun,4.04,0,0,1,0,0
drudgery,C2,6,8,3,noun,2.58,0,0,1,0,0
pressurize,C2,6,10,4,verb,2.07,0,0,0,0,1
pressurization,C2,6,14,5,unknown,2.29,0,0,0,1,0
intermediary,C2,6,12,5,noun,3.18,0,0,1,0,0
hotelier,C2,6,8,3,noun,2.39,0,0,1,0,0
denote,C2,6,6,3,verb,3.29,0,0,0,0,1
denotation,C2,6,10,4,noun,1.9,0,0,1,0,0
profitability,C2,6,13,6,noun,3.5,0,0,1,0,0
jargon,C2,6,6,2,noun,3.24,0,0,1,0,0
declination,C2,6,11,4,noun,2.37,0,0,1,0,0
vocational,C2,6,10,4,adjective,3.65,1,0,0,0,0
spatial,C2,6,7,2,adjective,3.76,1,0,0,0,0
spatially,C2,6,9,3,adverb,2.75,0,1,0,0,0
punctual,C2,6,8,2,adjective,2.83,1,0,0,0,0
punctuality,C2,6,11,4,noun,2.73,0,0,1,0,0
integration,C2,6,11,4,noun,4.22,0,0,1,0,0
curriculum,C2,6,10,4,noun,4.12,0,0,1,0,0
extracurricular,C2,6,15,6,adjective,2.99,1,0,0,0,0
encompass,C2,6,9,3,verb,3.27,0,0,0,0,1
all-encompassing,C2,6,16,5,adjective,3.35,1,0,0,0,0
accountability,C2,6,14,6,noun,3.91,0,0,1,0,0
frolic,C2,6,6,2,noun,2.68,0,0,1,0,0
minefield,C2,6,9,3,noun,2.92,0,0,1,0,0
side-step,C2,6,9,3,unknown,4.98,0,0,0,1,0
abundant,C2,6,8,3,adjective,3.77,1,0,0,0,0
abundantly,C2,6,10,4,adverb,3.11,0,1,0,0,0
abundance,C2,6,9,4,noun,3.86,0,0,1,0,0
anarchic,C2,6,8,3,adjective,2.55,1,0,0,0,0
crystallize/crystallise,C2,6,23,8,unknown,1.8,0,0,0,1,0
crystallization/crystallisation,C2,6,31,10,unknown,1.76,0,0,0,1,0
prescriptive,C2,6,12,4,adjective,2.77,1,0,0,0,0
slab,C2,6,4,1,noun,3.49,0,0,1,0,0
retrospect,C2,6,10,3,noun,3.29,0,0,1,0,0
retrospective,C2,6,13,5,noun,3.48,0,0,1,0,0
retrospection,C2,6,13,4,noun,1.8,0,0,1,0,0
wordage,C2,6,7,3,unknown,1.26,0,0,0,1,0
brevity,C2,6,7,3,noun,2.85,0,0,1,0,0
uncanny,C2,6,7,3,adjective,3.33,1,0,0,0,0
tactic,C2,6,6,2,noun,3.71,0,0,1,0,0
tactical,C2,6,8,3,adjective,3.97,1,0,0,0,0
tactically,C2,6,10,4,adverb,2.88,0,1,0,0,0
tactile,C2,6,7,3,adjective,3.1,1,0,0,0,0
gambit,C2,6,6,2,noun,3.1,0,0,1,0,0
babble,C2,6,6,2,noun,2.77,0,0,1,0,0
bauble,C2,6,6,2,noun,2.29,0,0,1,0,0
correlate,C2,6,9,4,noun,3.2,0,0,1,0,0
correlation,C2,6,11,4,noun,3.86,0,0,1,0,0
combustion,C2,6,10,3,noun,3.57,0,0,1,0,0
painstaking,C2,6,11,3,adjective,2.93,1,0,0,0,0
painstakingly,C2,6,13,4,adverb,2.84,0,1,0,0,0
contraption,C2,6,11,3,noun,2.82,0,0,1,0,0
mesh,C2,6,4,1,noun,3.75,0,0,1,0,0
enabler,C2,6,7,3,unknown,2.74,0,0,0,1,0
fluctuate,C2,6,9,3,verb,2.99,0,0,0,0,1
fluctuation,C2,6,11,3,noun,2.89,0,0,1,0,0
lyricist,C2,6,8,3,noun,2.84,0,0,1,0,0
lyrical,C2,6,7,3,adjective,3.43,1,0,0,0,0
lyrically,C2,6,9,4,adverb,2.81,0,1,0,0,0
bona fide,C2,6,9,4,unknown,2.96,0,0,0,1,0
moribund,C2,6,8,3,adjective,2.57,1,0,0,0,0
perch,C2,6,5,1,noun,3.29,0,0,1,0,0
solicit,C2,6,7,3,verb,3.06,0,0,0,0,1
vocalist,C2,6,8,3,noun,3.4,0,0,1,0,0
philanthropy,C2,6,12,4,noun,3.32,0,0,1,0,0
philanthropist,C2,6,14,4,noun,3.12,0,0,1,0,0
philanthropic,C2,6,13,4,adjective,3.21,1,0,0,0,0
philanthropically,C2,6,17,6,adverb,1.29,0,1,0,0,0
precocious,C2,6,10,3,adjective,2.86,1,0,0,0,0
precociously,C2,6,12,4,adverb,1.72,0,1,0,0,0
wordsmith,C2,6,9,2,noun,2.24,0,0,1,0,0
connote,C2,6,7,3,verb,1.97,0,0,0,0,1
connotation,C2,6,11,4,noun,2.94,0,0,1,0,0
herald,C2,6,6,2,noun,3.95,0,0,1,0,0
philistine,C2,6,10,4,noun,2.58,0,0,1,0,0
innuendo,C2,6,8,3,noun,2.9,0,0,1,0,0
induce,C2,6,6,3,verb,3.56,0,0,0,0,1
inducement,C2,6,10,4,noun,2.53,0,0,1,0,0
anthology,C2,6,9,4,noun,3.48,0,0,1,0,0
lament,C2,6,6,2,noun,3.25,0,0,1,0,0
lamentation,C2,6,11,4,noun,2.39,0,0,1,0,0
conduit,C2,6,7,2,noun,3.28,0,0,1,0,0
chronology,C2,6,10,4,noun,3.22,0,0,1,0,0
chronological,C2,6,13,5,adjective,3.4,1,0,0,0,0
chronologically,C2,6,15,6,adverb,2.91,0,1,0,0,0
equilibrium,C2,6,11,4,noun,3.6,0,0,1,0,0
rebound,C2,6,7,2,noun,3.53,0,0,1,0,0
proposition,C2,6,11,4,noun,3.85,0,0,1,0,0
flagging,C2,6,8,2,noun,2.83,0,0,1,0,0
electrode,C2,6,9,4,noun,3.38,0,0,1,0,0
caffeinate,C2,6,10,4,unknown,1.05,0,0,0,1,0
cosmic,C2,6,6,2,adjective,3.78,1,0,0,0,0
interlude,C2,6,9,4,noun,3.09,0,0,1,0,0
haven,C2,6,5,2,noun,4.13,0,0,1,0,0
beneficiary,C2,6,11,5,noun,3.37,0,0,1,0,0
recuperate,C2,6,10,5,verb,2.73,0,0,0,0,1
recuperation,C2,6,12,5,noun,2.64,0,0,1,0,0
recuperative,C2,6,12,6,adjective,1.72,1,0,0,0,0
cultish,C2,6,7,2,unknown,2.02,0,0,0,1,0
seismic,C2,6,7,2,adjective,3.54,1,0,0,0,0
irrevocably,C2,6,11,5,adverb,2.77,0,1,0,0,0
irrevocable,C2,6,11,5,adjective,2.76,1,0,0,0,0
slither,C2,6,7,2,verb,2.53,0,0,0,0,1
unnerve,C2,6,7,3,verb,1.91,0,0,0,0,1
unnerving,C2,6,9,3,verb,2.85,0,0,0,0,1
unnervingly,C2,6,11,4,unknown,1.75,0,0,0,1,0
protrude,C2,6,8,3,verb,2.49,0,0,0,0,1
protrusion,C2,6,10,3,noun,2.48,0,0,1,0,0
qualitative,C2,6,11,5,adjective,3.45,1,0,0,0,0
procedural,C2,6,10,4,adjective,3.51,1,0,0,0,0
demystify,C2,6,9,4,verb,2.15,0,0,0,0,1
demystification,C2,6,15,6,unknown,1.48,0,0,0,1,0
proprietary,C2,6,11,4,noun,3.67,0,0,1,0,0
proprietorial,C2,6,13,4,unknown,1.37,0,0,0,1,0
tantamount,C2,6,10,3,adjective,2.93,1,0,0,0,0
floodgates,C2,6,10,3,noun,2.71,0,0,1,0,0
imperceptible,C2,6,13,5,adjective,2.49,1,0,0,0,0
imperceptibly,C2,6,13,5,adverb,2.24,0,1,0,0,0
hapless,C2,6,7,2,adjective,2.88,1,0,0,0,0
catastrophic,C2,6,12,4,adjective,3.58,1,0,0,0,0
catastrophically,C2,6,16,6,adverb,2.42,0,1,0,0,0
commission,C2,6,10,3,noun,4.91,0,0,1,0,0
wayward,C2,6,7,2,adjective,3.09,1,0,0,0,0
blurb,C2,6,5,1,noun,2.79,0,0,1,0,0
provincial,C2,6,10,3,noun,4.08,0,0,1,0,0
indolent,C2,6,8,3,adjective,2.26,1,0,0,0,0
indolently,C2,6,10,4,adverb,1.22,0,1,0,0,0
indolence,C2,6,9,4,noun,2.08,0,0,1,0,0
taste-maker,C2,6,11,4,noun,4.11,0,0,1,0,0
deviant,C2,6,7,2,noun,3.03,0,0,1,0,0
deviantly,C2,6,9,3,unknown,0.0,0,0,0,1,0
engender,C2,6,8,3,verb,2.63,0,0,0,0,1
emolument,C2,6,9,4,noun,1.82,0,0,1,0,0
munificence,C2,6,11,5,noun,1.75,0,0,1,0,0
posterity,C2,6,9,4,noun,2.97,0,0,1,0,0
venomous,C2,6,8,3,adjective,3.08,1,0,0,0,0
venomously,C2,6,10,4,adverb,1.28,0,1,0,0,0
choreography,C2,6,12,4,noun,3.49,0,0,1,0,0
choreographical,C2,6,15,5,unknown,0.0,0,0,0,1,0
archetype,C2,6,9,4,noun,2.96,0,0,1,0,0
archetypal,C2,6,10,4,adjective,2.88,1,0,0,0,0
dissension,C2,6,10,3,noun,2.55,0,0,1,0,0
exalted,C2,6,7,3,verb,3.15,0,0,0,0,1
exaltedly,C2,6,9,4,unknown,0.0,0,0,0,1,0
adept,C2,6,5,2,noun,3.33,0,0,1,0,0
inert,C2,6,5,2,adjective,3.09,1,0,0,0,0
hitherto,C2,6,8,3,adverb,3.15,0,1,0,0,0
angst,C2,6,5,1,noun,3.26,0,0,1,0,0
angsty,C2,6,6,2,unknown,2.45,0,0,0,1,0
drabness,C2,6,8,2,noun,1.35,0,0,1,0,0
melodious,C2,6,9,3,adjective,2.58,1,0,0,0,0
melodiously,C2,6,11,4,adverb,1.4,0,1,0,0,0
magpie,C2,6,6,2,noun,2.9,0,0,1,0,0
lark,C2,6,4,1,noun,3.14,0,0,1,0,0
melancholy,C2,6,10,4,noun,3.39,0,0,1,0,0
meteorology,C2,6,11,5,noun,3.22,0,0,1,0,0
meteorological,C2,6,14,6,adjective,3.39,1,0,0,0,0
brink,C2,6,5,1,noun,3.51,0,0,1,0,0
unsurpassed,C2,6,11,4,adjective,2.71,1,0,0,0,0
loiter,C2,6,6,2,verb,2.38,0,0,0,0,1
topple,C2,6,6,2,verb,2.95,0,0,0,0,1
intrinsic,C2,6,9,3,adjective,3.47,1,0,0,0,0
intrinsically,C2,6,13,5,adverb,3.06,0,1,0,0,0
merit,C2,6,5,2,noun,4.08,0,0,1,0,0
promotable,C2,6,10,4,unknown,1.52,0,0,0,1,0
clinch,C2,6,6,1,noun,3.29,0,0,1,0,0
anonymity,C2,6,9,5,noun,3.39,0,0,1,0,0
splinter,C2,6,8,2,noun,3.28,0,0,1,0,0
reproach,C2,6,8,2,noun,2.94,0,0,1,0,0
disseminate,C2,6,11,5,verb,3.03,0,0,0,0,1
dissemination,C2,6,13,5,noun,3.26,0,0,1,0,0
dissemble,C2,6,9,3,verb,1.86,0,0,0,0,1
mangle,C2,6,6,2,noun,2.39,0,0,1,0,0
bereft,C2,6,6,2,adjective,2.8,1,0,0,0,0
bereftly,C2,6,8,3,unknown,0.0,0,0,0,1,0
soliloquy,C2,6,9,4,noun,2.45,0,0,1,0,0
solipsism,C2,6,9,3,noun,2.11,0,0,1,0,0
soliloquize,C2,6,11,5,verb,0.0,0,0,0,0,1
mutinous,C2,6,8,3,adjective,2.25,1,0,0,0,0
mutinously,C2,6,10,4,unknown,0.0,0,0,0,1,0
prissy,C2,6,6,2,adjective,2.34,1,0,0,0,0
reptilian,C2,6,9,3,noun,2.75,0,0,1,0,0
diminish,C2,6,8,3,verb,3.46,0,0,0,0,1
undiminishing,C2,6,13,5,unknown,0.0,0,0,0,1,0
contagion,C2,6,9,3,noun,3.03,0,0,1,0,0
homestead,C2,6,9,3,noun,3.49,0,0,1,0,0
computerize/computerise,C2,6,23,10,unknown,0.0,0,0,0,1,0
incumbent,C2,6,9,3,noun,3.77,0,0,1,0,0
recumbent,C2,6,9,3,adjective,2.46,1,0,0,0,0
nonchalant,C2,6,10,3,adjective,2.74,1,0,0,0,0
nonchalantly,C2,6,12,4,adverb,2.58,0,1,0,0,0
mesmeric,C2,6,8,3,adjective,2.13,1,0,0,0,0
stultify,C2,6,8,3,verb,0.0,0,0,0,0,1
stultifyingly,C2,6,13,4,unknown,0.0,0,0,0,1,0
wallow,C2,6,6,2,noun,2.8,0,0,1,0,0
ponderous,C2,6,9,3,adjective,2.47,1,0,0,0,0
ponderously,C2,6,11,4,adverb,1.47,0,1,0,0,0
lassitude,C2,6,9,4,noun,1.71,0,0,1,0,0
vicinity,C2,6,8,4,noun,3.8,0,0,1,0,0
ebb,C2,6,3,1,noun,3.04,0,0,1,0,0
wax,C2,6,3,1,noun,3.92,0,0,1,0,0
wane,C2,6,4,1,noun,2.83,0,0,1,0,0
antediluvian,C2,6,12,5,noun,2.08,0,0,1,0,0
ostensible,C2,6,10,4,adjective,2.5,1,0,0,0,0
ostensibly,C2,6,10,4,adverb,3.35,0,1,0,0,0
interlocking,C2,6,12,4,noun,2.98,0,0,1,0,0
plane,C2,6,5,2,noun,4.72,0,0,1,0,0
undemonstrative,C2,6,15,6,adjective,1.46,1,0,0,0,0
undemonstratively,C2,6,17,7,unknown,0.0,0,0,0,1,0
menace,C2,6,6,3,noun,3.54,0,0,1,0,0
menacing,C2,6,8,3,verb,3.18,0,0,0,0,1
menacingly,C2,6,10,4,adverb,2.41,0,1,0,0,0
calamity,C2,6,8,4,noun,3.22,0,0,1,0,0
calamitous,C2,6,10,4,adjective,2.43,1,0,0,0,0
calamitously,C2,6,12,5,unknown,1.1,0,0,0,1,0
nigh,C2,6,4,1,adjective,3.24,1,0,0,0,0
austere,C2,6,7,3,adjective,3.0,1,0,0,0,0
austerely,C2,6,9,4,adverb,1.6,0,1,0,0,0
austerity,C2,6,9,4,noun,3.41,0,0,1,0,0
idiosyncrasy,C2,6,12,5,noun,1.95,0,0,1,0,0
idiosyncratic,C2,6,13,5,adjective,2.94,1,0,0,0,0
idiomatic,C2,6,9,4,adjective,2.46,1,0,0,0,0
idiomatically,C2,6,13,6,adverb,1.57,0,1,0,0,0
kinetic,C2,6,7,3,adjective,3.44,1,0,0,0,0
kinetically,C2,6,11,5,unknown,1.79,0,0,0,1,0
unmediated,C2,6,10,4,adjective,1.87,1,0,0,0,0
mediate,C2,6,7,3,verb,3.13,0,0,0,0,1
mediation,C2,6,9,3,noun,3.51,0,0,1,0,0
unharried,C2,6,9,3,unknown,0.0,0,0,0,1,0
figurative,C2,6,10,5,adjective,3.12,1,0,0,0,0
figuratively,C2,6,12,6,adverb,2.98,0,1,0,0,0
exorcism,C2,6,8,3,noun,2.89,0,0,1,0,0
exorcist,C2,6,8,3,noun,2.94,0,0,1,0,0
mundanity,C2,6,9,4,noun,1.57,0,0,1,0,0
mediocrity,C2,6,10,4,noun,3.12,0,0,1,0,0
dubiously,C2,6,9,3,adverb,2.09,0,1,0,0,0
curate,C2,6,6,3,noun,3.03,0,0,1,0,0
curator,C2,6,7,3,noun,3.55,0,0,1,0,0
antithesis,C2,6,10,4,noun,2.96,0,0,1,0,0
antithetical,C2,6,12,5,adjective,2.61,1,0,0,0,0
parameter,C2,6,9,4,noun,3.57,0,0,1,0,0
detract,C2,6,7,2,verb,3.01,0,0,0,0,1
interrogate,C2,6,11,5,verb,2.9,0,0,0,0,1
interrogation,C2,6,13,5,noun,3.56,0,0,1,0,0
interrogative,C2,6,13,6,noun,2.35,0,0,1,0,0
interrogatively,C2,6,15,7,adverb,1.22,0,1,0,0,0
perverse,C2,6,8,3,adjective,3.19,1,0,0,0,0
perversity,C2,6,10,4,noun,2.23,0,0,1,0,0
attainment,C2,6,10,3,noun,3.15,0,0,1,0,0
opaque,C2,6,6,3,adjective,3.37,1,0,0,0,0
opacity,C2,6,7,4,noun,2.84,0,0,1,0,0
remit,C2,6,5,2,noun,3.09,0,0,1,0,0
remittance,C2,6,10,4,noun,2.62,0,0,1,0,0
recourse,C2,6,8,3,noun,3.29,0,0,1,0,0
pedestal,C2,6,8,3,noun,3.35,0,0,1,0,0
pedestrian,C2,6,10,3,noun,3.71,0,0,1,0,0
lurid,C2,6,5,2,adjective,2.73,1,0,0,0,0
luridly,C2,6,7,3,adverb,1.4,0,1,0,0,0
fallacy,C2,6,7,3,noun,3.21,0,0,1,0,0
rife,C2,6,4,1,adjective,3.15,1,0,0,0,0
grumble,C2,6,7,2,noun,2.8,0,0,1,0,0
mercenary,C2,6,9,4,noun,3.26,0,0,1,0,0
polysyllabic,C2,6,12,5,adjective,1.78,1,0,0,0,0
syllabic,C2,6,8,3,adjective,2.34,1,0,0,0,0
superfluous,C2,6,11,3,adjective,3.0,1,0,0,0,0
superfluously,C2,6,13,4,adverb,1.17,0,1,0,0,0
snippet,C2,6,7,2,noun,3.12,0,0,1,0,0
practitioner,C2,6,12,4,noun,3.63,0,0,1,0,0
ephemeral,C2,6,9,4,noun,2.99,0,0,1,0,0
ephemera,C2,6,8,4,noun,2.53,0,0,1,0,0
ephemerality,C2,6,12,6,noun,1.51,0,0,1,0,0
summarily,C2,6,9,4,adverb,2.83,0,1,0,0,0
skim,C2,6,4,1,noun,3.17,0,0,1,0,0
infallibly,C2,6,10,4,unknown,1.97,0,0,0,1,0
infallible,C2,6,10,4,adjective,3.02,1,0,0,0,0
infallibility,C2,6,13,6,noun,2.43,0,0,1,0,0
depravity,C2,6,9,4,noun,2.86,0,0,1,0,0
depraved,C2,6,8,3,verb,3.04,0,0,0,0,1
deprecate,C2,6,9,4,verb,1.88,0,0,0,0,1
deprecatingly,C2,6,13,5,unknown,1.44,0,0,0,1,0
revile,C2,6,6,3,verb,1.98,0,0,0,0,1
revulsion,C2,6,9,3,noun,2.71,0,0,1,0,0
meager/meagre,C2,6,13,4,unknown,2.64,0,0,0,1,0
arcane,C2,6,6,3,adjective,2.99,1,0,0,0,0
arcanely,C2,6,8,4,unknown,0.0,0,0,0,1,0
porten,C2,6,6,2,unknown,1.11,0,0,0,1,0
divination,C2,6,10,4,noun,2.89,0,0,1,0,0
flit,C2,6,4,1,noun,2.46,0,0,1,0,0
hitch,C2,6,5,1,noun,3.42,0,0,1,0,0
prone,C2,6,5,2,adjective,3.93,1,0,0,0,0
scavenger,C2,6,9,3,noun,3.03,0,0,1,0,0
vermin,C2,6,6,2,noun,2.96,0,0,1,0,0
totemic,C2,6,7,3,adjective,2.17,1,0,0,0,0
emulate,C2,6,7,4,verb,3.41,0,0,0,0,1
emulation,C2,6,9,4,noun,3.04,0,0,1,0,0
avian,C2,6,5,2,adjective,3.14,1,0,0,0,0
vestigial,C2,6,9,3,adjective,2.47,1,0,0,0,0
vestigially,C2,6,11,4,unknown,0.0,0,0,0,1,0
barometer,C2,6,9,4,noun,3.18,0,0,1,0,0
brouhaha,C2,6,8,3,noun,2.16,0,0,1,0,0
magnate,C2,6,7,3,noun,3.04,0,0,1,0,0
magnanimous,C2,6,11,4,adjective,2.61,1,0,0,0,0
magnanimously,C2,6,13,5,adverb,1.73,0,1,0,0,0
magnanimity,C2,6,11,5,noun,2.22,0,0,1,0,0
whirlwind,C2,6,9,2,noun,3.24,0,0,1,0,0
strait,C2,6,6,1,noun,3.6,0,0,1,0,0
secular,C2,6,7,3,noun,3.95,0,0,1,0,0
secularly,C2,6,9,4,unknown,1.38,0,0,0,1,0
euphemism,C2,6,9,3,noun,2.92,0,0,1,0,0
euphemistic,C2,6,11,4,adjective,2.05,1,0,0,0,0
euphemistically,C2,6,15,6,adverb,2.19,0,1,0,0,0
condensation,C2,6,12,4,noun,3.12,0,0,1,0,0
redundant,C2,6,9,3,adjective,3.59,1,0,0,0,0
redundancy,C2,6,10,4,noun,3.32,0,0,1,0,0
redundantly,C2,6,11,4,unknown,1.66,0,0,0,1,0
colloquial,C2,6,10,3,adjective,2.93,1,0,0,0,0
colloquium,C2,6,10,3,noun,2.54,0,0,1,0,0
colloquially,C2,6,12,4,adverb,2.69,0,1,0,0,0
allusion,C2,6,8,3,noun,2.94,0,0,1,0,0
allude,C2,6,6,3,verb,2.7,0,0,0,0,1
disparage,C2,6,9,4,verb,2.58,0,0,0,0,1
disparaging,C2,6,11,4,verb,2.88,0,0,0,0,1
disparagingly,C2,6,13,5,adverb,2.09,0,1,0,0,0
disparagement,C2,6,13,5,noun,2.16,0,0,1,0,0
huddle,C2,6,6,2,noun,3.08,0,0,1,0,0
topography,C2,6,10,4,noun,3.28,0,0,1,0,0
topographical,C2,6,13,5,adjective,2.8,1,0,0,0,0
topographically,C2,6,15,6,adverb,2.01,0,1,0,0,0
confabulate,C2,6,11,5,verb,0.0,0,0,0,0,1
confabulation,C2,6,13,5,noun,1.75,0,0,1,0,0
surrealist,C2,6,10,3,noun,2.75,0,0,1,0,0
surrealism,C2,6,10,3,noun,2.78,0,0,1,0,0
contrive,C2,6,8,3,verb,2.18,0,0,0,0,1
malice,C2,6,6,3,noun,3.34,0,0,1,0,0
malicious,C2,6,9,3,adjective,3.67,1,0,0,0,0
maliciously,C2,6,11,4,adverb,2.85,0,1,0,0,0
cinematography,C2,6,14,6,noun,3.24,0,0,1,0,0
cinematographer,C2,6,15,6,noun,2.88,0,0,1,0,0
maverick,C2,6,8,3,noun,3.33,0,0,1,0,0
diligent,C2,6,8,3,adjective,3.23,1,0,0,0,0
diligence,C2,6,9,4,noun,3.51,0,0,1,0,0
diligently,C2,6,10,4,adverb,3.13,0,1,0,0,0
turret,C2,6,6,2,noun,3.42,0,0,1,0,0
impressionistic,C2,6,15,5,adjective,2.45,1,0,0,0,0
impressionistically,C2,6,19,7,unknown,0.0,0,0,0,1,0
snobbery,C2,6,8,3,noun,2.53,0,0,1,0,0
parochial,C2,6,9,3,adjective,3.05,1,0,0,0,0
gravitate,C2,6,9,4,verb,2.87,0,0,0,0,1
gravitational,C2,6,13,5,adjective,3.49,1,0,0,0,0
gravitationally,C2,6,15,6,adverb,2.13,0,1,0,0,0
consternation,C2,6,13,4,noun,2.81,0,0,1,0,0
haughty,C2,6,7,2,adjective,2.68,1,0,0,0,0
haughtily,C2,6,9,3,adverb,1.79,0,1,0,0,0
axiom,C2,6,5,2,noun,3.02,0,0,1,0,0
axiomatic,C2,6,9,4,adjective,2.54,1,0,0,0,0
attrition,C2,6,9,3,noun,3.16,0,0,1,0,0
enduringly,C2,6,10,4,adverb,1.89,0,1,0,0,0
reissue,C2,6,7,2,noun,3.01,0,0,1,0,0
sulphur,C2,6,7,2,noun,3.18,0,0,1,0,0
sulphuric,C2,6,9,3,adjective,2.36,1,0,0,0,0
phantom,C2,6,7,2,noun,3.78,0,0,1,0,0
moor,C2,6,4,1,noun,3.35,0,0,1,0,0
solitary,C2,6,8,4,noun,3.73,0,0,1,0,0
solitariness,C2,6,12,5,noun,0.0,0,0,1,0,0
solitude,C2,6,8,4,noun,3.42,0,0,1,0,0
adhere,C2,6,6,3,verb,3.57,0,0,0,0,1
adhesion,C2,6,8,3,noun,3.14,0,0,1,0,0
proscribe,C2,6,9,3,verb,1.82,0,0,0,0,1
proscription,C2,6,12,3,noun,1.98,0,0,1,0,0
crony,C2,6,5,2,noun,2.73,0,0,1,0,0
dribble,C2,6,7,2,noun,3.06,0,0,1,0,0
ingrate,C2,6,7,3,noun,1.98,0,0,1,0,0
prise,C2,6,5,2,verb,2.45,0,0,0,0,1
rickety,C2,6,7,3,adjective,2.68,1,0,0,0,0
consign,C2,6,7,2,verb,2.46,0,0,0,0,1
consignment,C2,6,11,3,noun,3.0,0,0,1,0,0
fete,C2,6,4,2,noun,2.68,0,0,1,0,0
dole out,C2,6,8,3,unknown,3.33,0,0,0,1,0
opulent,C2,6,7,3,adjective,2.91,1,0,0,0,0
opulence,C2,6,8,4,noun,2.69,0,0,1,0,0
opulently,C2,6,9,4,adverb,1.31,0,1,0,0,0
plutocrat,C2,6,9,3,noun,1.79,0,0,1,0,0
averse,C2,6,6,3,adjective,3.06,1,0,0,0,0
edify,C2,6,5,3,verb,1.96,0,0,0,0,1
edification,C2,6,11,5,noun,2.29,0,0,1,0,0
converse,C2,6,8,3,noun,3.48,0,0,1,0,0
sterility,C2,6,9,4,noun,2.53,0,0,1,0,0
rhetoric,C2,6,8,3,noun,3.95,0,0,1,0,0
rhetorical,C2,6,10,4,adjective,3.38,1,0,0,0,0
rhetorically,C2,6,12,5,adverb,2.54,0,1,0,0,0
flighty,C2,6,7,2,adjective,2.37,1,0,0,0,0
flightiness,C2,6,11,3,noun,0.0,0,0,1,0,0
brimstone,C2,6,9,3,noun,2.82,0,0,1,0,0
impeccable,C2,6,10,4,adjective,3.25,1,0,0,0,0
impeccably,C2,6,10,4,adverb,2.63,0,1,0,0,0
romp,C2,6,4,1,noun,2.85,0,0,1,0,0
romper,C2,6,6,2,noun,2.49,0,0,1,0,0
meticulous,C2,6,10,4,adjective,3.24,1,0,0,0,0
meticulously,C2,6,12,5,adverb,3.08,0,1,0,0,0
ingratiate,C2,6,10,4,verb,2.24,0,0,0,0,1
ingratiating,C2,6,12,4,verb,2.1,0,0,0,0,1
ingratiatingly,C2,6,14,5,adverb,0.0,0,1,0,0,0
shimmer,C2,6,7,2,noun,2.98,0,0,1,0,0
hull,C2,6,4,1,noun,4.06,0,0,1,0,0
cull,C2,6,4,1,noun,2.96,0,0,1,0,0
swivel,C2,6,6,2,noun,2.99,0,0,1,0,0
relinquish,C2,6,10,3,verb,3.12,0,0,0,0,1
quiver,C2,6,6,2,noun,2.84,0,0,1,0,0
sandwiched,C2,6,10,3,verb,2.88,0,0,0,0,1
mottled,C2,6,7,2,verb,2.76,0,0,0,0,1
epoxy,C2,6,5,3,noun,3.1,0,0,1,0,0
resin,C2,6,5,2,noun,3.61,0,0,1,0,0
sedately,C2,6,8,4,adverb,1.54,0,1,0,0,0
angular,C2,6,7,3,adjective,3.51,1,0,0,0,0
angularity,C2,6,10,5,noun,1.51,0,0,1,0,0
dampen,C2,6,6,2,verb,2.81,0,0,0,0,1
buccaneer,C2,6,9,3,noun,2.41,0,0,1,0,0
conglomerate,C2,6,12,5,noun,3.39,0,0,1,0,0
cay,C2,6,3,1,noun,2.73,0,0,1,0,0
singe,C2,6,5,2,noun,2.43,0,0,1,0,0
cordon,C2,6,6,2,noun,3.14,0,0,1,0,0
fabled,C2,6,6,2,adjective,2.89,1,0,0,0,0
glint,C2,6,5,1,noun,2.65,0,0,1,0,0
infernal,C2,6,8,3,noun,3.0,0,0,1,0,0
infernally,C2,6,10,4,adverb,1.47,0,1,0,0,0
presentational,C2,6,14,5,adjective,2.06,1,0,0,0,0
embed,C2,6,5,2,verb,2.94,0,0,0,0,1
plume,C2,6,5,2,noun,3.19,0,0,1,0,0
happenstance,C2,6,12,4,noun,2.44,0,0,1,0,0
venture,C2,6,7,3,noun,4.26,0,0,1,0,0
reconcile,C2,6,9,4,verb,3.5,0,0,0,0,1
reconciliation,C2,6,14,5,noun,3.72,0,0,1,0,0
conciliatory,C2,6,12,5,adjective,2.76,1,0,0,0,0
conciliation,C2,6,12,4,noun,2.74,0,0,1,0,0
preconception,C2,6,13,4,noun,2.11,0,0,1,0,0
baroque,C2,6,7,3,noun,3.32,0,0,1,0,0
virginal,C2,6,8,3,noun,2.47,0,0,1,0,0
spire,C2,6,5,2,noun,3.11,0,0,1,0,0
elephantine,C2,6,11,5,adjective,1.99,1,0,0,0,0
agency,C2,6,6,3,noun,4.87,0,0,1,0,0
condone,C2,6,7,3,verb,3.17,0,0,0,0,1
commodity,C2,6,9,4,noun,3.86,0,0,1,0,0
commode,C2,6,7,3,noun,2.3,0,0,1,0,0
unobtrusive,C2,6,11,5,adjective,2.65,1,0,0,0,0
unobtrusively,C2,6,13,6,adverb,2.06,0,1,0,0,0
unobtrusiveness,C2,6,15,6,noun,0.0,0,0,1,0,0
compellingly,C2,6,12,4,unknown,2.08,0,0,0,1,0
hauntingly,C2,6,10,3,unknown,2.37,0,0,0,1,0
brim,C2,6,4,1,noun,3.06,0,0,1,0,0
hazard,C2,6,6,2,noun,3.98,0,0,1,0,0
authenticity,C2,6,12,5,noun,3.6,0,0,1,0,0
scholarly,C2,6,9,3,adjective,3.6,1,0,0,0,0
accessibility,C2,6,13,6,noun,3.51,0,0,1,0,0
cognitive,C2,6,9,4,adjective,4.11,1,0,0,0,0
artifact,C2,6,8,3,noun,3.41,0,0,1,0,0
preservationist,C2,6,15,5,noun,1.85,0,0,1,0,0
qualm,C2,6,5,1,noun,1.89,0,0,1,0,0
besiege,C2,6,7,3,verb,2.36,0,0,0,0,1
cloister,C2,6,8,2,noun,2.75,0,0,1,0,0
cloistered,C2,6,10,3,verb,2.43,0,0,0,0,1
annex,C2,6,5,2,noun,3.5,0,0,1,0,0
resuscitate,C2,6,11,5,verb,2.62,0,0,0,0,1
resuscitation,C2,6,13,5,noun,2.93,0,0,1,0,0
ravish,C2,6,6,2,verb,2.2,0,0,0,0,1
fabricate,C2,6,9,4,verb,2.89,0,0,0,0,1
fabrication,C2,6,11,4,noun,3.48,0,0,1,0,0
patchy,C2,6,6,2,adjective,2.93,1,0,0,0,0
patchily,C2,6,8,3,adverb,1.45,0,1,0,0,0
resounding,C2,6,10,3,verb,3.03,0,0,0,0,1
resoundingly,C2,6,12,4,adverb,2.14,0,1,0,0,0
resound,C2,6,7,2,verb,2.27,0,0,0,0,1
ordain,C2,6,6,2,verb,2.48,0,0,0,0,1
inchoate,C2,6,8,3,adjective,2.06,1,0,0,0,0
inchoately,C2,6,10,4,unknown,0.0,0,0,0,1,0
elated,C2,6,6,3,verb,2.97,0,0,0,0,1
elation,C2,6,7,3,noun,2.7,0,0,1,0,0
hysteria,C2,6,8,3,noun,3.38,0,0,1,0,0
hysterical,C2,6,10,4,adjective,3.48,1,0,0,0,0
hysterically,C2,6,12,5,adverb,2.94,0,1,0,0,0
jarring,C2,6,7,2,verb,3.03,0,0,0,0,1
suffuse,C2,6,7,3,verb,1.46,0,0,0,0,1
totter,C2,6,6,2,verb,2.15,0,0,0,0,1
pyre,C2,6,4,2,noun,2.69,0,0,1,0,0
contemptuous,C2,6,12,3,adjective,2.64,1,0,0,0,0
contemptuously,C2,6,14,4,adverb,2.13,0,1,0,0,0
forlorn,C2,6,7,2,adjective,2.83,1,0,0,0,0
forlornly,C2,6,9,3,adverb,1.86,0,1,0,0,0
rebuke,C2,6,6,3,noun,3.1,0,0,1,0,0
abhorrent,C2,6,9,3,adjective,2.97,1,0,0,0,0
abhor,C2,6,5,2,verb,2.64,0,0,0,0,1
abhorrently,C2,6,11,4,unknown,1.18,0,0,0,1,0
aberration,C2,6,10,4,noun,2.98,0,0,1,0,0
emulsify,C2,6,8,4,verb,1.73,0,0,0,0,1
emulsification,C2,6,14,6,unknown,1.79,0,0,0,1,0
emulsifier,C2,6,10,4,noun,2.11,0,0,1,0,0
additive,C2,6,8,4,noun,3.33,0,0,1,0,0
confection,C2,6,10,3,noun,2.48,0,0,1,0,0
proximal,C2,6,8,3,adjective,3.17,1,0,0,0,0
vandalize,C2,6,9,4,verb,2.19,0,0,0,0,1
vandal,C2,6,6,2,noun,2.79,0,0,1,0,0
feign,C2,6,5,1,verb,2.58,0,0,0,0,1
paradoxical,C2,6,11,5,adjective,2.88,1,0,0,0,0
paradoxically,C2,6,13,6,adverb,2.94,0,1,0,0,0
laryngitis,C2,6,10,4,noun,2.37,0,0,1,0,0
stringent,C2,6,9,2,adjective,3.43,1,0,0,0,0
astringent,C2,6,10,3,noun,2.51,0,0,1,0,0
stringently,C2,6,11,3,adverb,2.04,0,1,0,0,0
standing,C2,6,8,2,noun,4.86,0,0,1,0,0
economize/economise,C2,6,19,10,unknown,1.45,0,0,0,1,0
breadwinner,C2,6,11,3,noun,2.66,0,0,1,0,0
cosset,C2,6,6,2,verb,1.38,0,0,0,0,1
counsel,C2,6,7,2,noun,4.16,0,0,1,0,0
misdemeanor/misdemanour,C2,6,23,8,unknown,0.0,0,0,0,1,0
aptitude,C2,6,8,4,noun,3.2,0,0,1,0,0
torrential,C2,6,10,3,adjective,2.9,1,0,0,0,0
banish,C2,6,6,2,verb,3.07,0,0,0,0,1
banishment,C2,6,10,3,noun,2.76,0,0,1,0,0
knack,C2,6,5,1,noun,3.26,0,0,1,0,0
fruition,C2,6,8,2,noun,3.22,0,0,1,0,0
tantalize/tantalise,C2,6,19,8,unknown,1.23,0,0,0,1,0
tantalizingly/tantalisingly,C2,6,27,10,unknown,1.56,0,0,0,1,0
maelstrom,C2,6,9,2,noun,2.69,0,0,1,0,0
vortex,C2,6,6,2,noun,3.47,0,0,1,0,0
depressive,C2,6,10,4,noun,3.3,0,0,1,0,0
shoal,C2,6,5,1,noun,2.93,0,0,1,0,0
scroll,C2,6,6,1,noun,3.86,0,0,1,0,0
collide,C2,6,7,3,verb,3.29,0,0,0,0,1
collider,C2,6,8,3,noun,2.84,0,0,1,0,0
edifice,C2,6,7,4,noun,2.93,0,0,1,0,0
thicket,C2,6,7,2,noun,2.69,0,0,1,0,0
leaven,C2,6,6,2,noun,2.32,0,0,1,0,0
leavening,C2,6,9,3,noun,2.04,0,0,1,0,0
ethos,C2,6,5,2,noun,3.32,0,0,1,0,0
exhibitionist,C2,6,13,5,noun,2.42,0,0,1,0,0
interweave,C2,6,10,4,verb,1.9,0,0,0,0,1
burgeoning,C2,6,10,3,verb,3.12,0,0,0,0,1
indiscrete,C2,6,10,4,adjective,1.34,1,0,0,0,0
indiscretion,C2,6,12,4,noun,2.61,0,0,1,0,0
telescopic,C2,6,10,4,adjective,2.78,1,0,0,0,0
telescopically,C2,6,14,6,adverb,1.27,0,1,0,0,0
amorphous,C2,6,9,3,adjective,2.95,1,0,0,0,0
amorphously,C2,6,11,4,unknown,0.0,0,0,0,1,0
hamper,C2,6,6,2,noun,3.26,0,0,1,0,0
proliferate,C2,6,11,5,verb,2.69,0,0,0,0,1
deterrent,C2,6,9,3,noun,3.33,0,0,1,0,0
selectivity,C2,6,11,5,noun,2.8,0,0,1,0,0
fractious,C2,6,9,2,adjective,2.34,1,0,0,0,0
mystique,C2,6,8,3,noun,3.0,0,0,1,0,0
assimilate,C2,6,10,5,verb,3.05,0,0,0,0,1
assimilation,C2,6,12,5,noun,3.19,0,0,1,0,0
intersperse,C2,6,11,4,verb,1.63,0,0,0,0,1
verbatim,C2,6,8,3,adjective,3.07,1,0,0,0,0
verily,C2,6,6,3,adverb,2.8,0,1,0,0,0
veritable,C2,6,9,4,adjective,3.01,1,0,0,0,0
verisimilitude,C2,6,14,7,noun,2.18,0,0,1,0,0
artifice,C2,6,8,4,noun,2.58,0,0,1,0,0
advantageous,C2,6,12,4,adjective,3.33,1,0,0,0,0
unfeasible,C2,6,10,4,adjective,2.49,1,0,0,0,0
unfeasibly,C2,6,10,4,unknown,1.25,0,0,0,1,0
behest,C2,6,6,2,noun,2.99,0,0,1,0,0
virtuoso,C2,6,8,3,noun,2.9,0,0,1,0,0
virtuosity,C2,6,10,4,noun,2.6,0,0,1,0,0
cascade,C2,6,7,3,noun,3.47,0,0,1,0,0
crippling,C2,6,9,2,verb,3.36,0,0,0,0,1
nascent,C2,6,7,2,adjective,3.08,1,0,0,0,0
smattering,C2,6,10,3,noun,2.62,0,0,1,0,0
corpus,C2,6,6,2,noun,3.64,0,0,1,0,0
wheeze,C2,6,6,2,noun,2.4,0,0,1,0,0
neophyte,C2,6,8,3,noun,2.32,0,0,1,0,0
coax,C2,6,4,1,noun,2.96,0,0,1,0,0
formidably,C2,6,10,4,adverb,1.79,0,1,0,0,0
formidable,C2,6,10,4,adjective,3.65,1,0,0,0,0
squint,C2,6,6,1,noun,2.8,0,0,1,0,0
hoist,C2,6,5,1,noun,3.12,0,0,1,0,0
flatout,C2,6,7,2,unknown,1.73,0,0,0,1,0
buzzard,C2,6,7,2,noun,2.83,0,0,1,0,0
bogus,C2,6,5,2,adjective,3.43,1,0,0,0,0
derision,C2,6,8,3,noun,2.8,0,0,1,0,0
derisive,C2,6,8,4,adjective,2.36,1,0,0,0,0
derisively,C2,6,10,5,adverb,2.29,0,1,0,0,0
truism,C2,6,6,1,noun,2.41,0,0,1,0,0
prurient,C2,6,8,2,adjective,2.17,1,0,0,0,0
wither,C2,6,6,2,verb,3.02,0,0,0,0,1
prurience,C2,6,9,3,noun,1.3,0,0,1,0,0
tetchy,C2,6,6,2,adjective,1.82,1,0,0,0,0
agile,C2,6,5,3,adjective,3.41,1,0,0,0,0
agility,C2,6,7,4,noun,3.33,0,0,1,0,0
aghast,C2,6,6,2,adjective,2.64,1,0,0,0,0
dwarf,C2,6,5,1,noun,3.75,0,0,1,0,0
dwarfism,C2,6,8,2,noun,2.38,0,0,1,0,0
etch,C2,6,4,1,verb,2.78,0,0,0,0,1
etching,C2,6,7,2,noun,3.13,0,0,1,0,0
rapture,C2,6,7,3,noun,3.17,0,0,1,0,0
rapturous,C2,6,9,3,adjective,2.41,1,0,0,0,0
rapturously,C2,6,11,4,adverb,1.78,0,1,0,0,0
ad lib,C2,6,6,2,unknown,3.71,0,0,0,1,0
ad-lib,C2,6,6,2,noun,3.71,0,0,1,0,0
improvisational,C2,6,15,6,unknown,2.52,0,0,0,1,0
acrobatics,C2,6,10,4,noun,2.75,0,0,1,0,0
acrobatically,C2,6,13,6,unknown,1.41,0,0,0,1,0
acrobatic,C2,6,9,4,adjective,2.81,1,0,0,0,0
arduous,C2,6,7,2,adjective,3.18,1,0,0,0,0
ardor/ardour,C2,6,12,4,unknown,1.99,0,0,0,1,0
arduously,C2,6,9,3,adverb,1.5,0,1,0,0,0
counterproductive,C2,6,17,6,adjective,3.05,1,0,0,0,0
counterproductively,C2,6,19,7,unknown,0.0,0,0,0,1,0
proverbial,C2,6,10,3,adjective,3.13,1,0,0,0,0
instantaneous,C2,6,13,4,adjective,3.14,1,0,0,0,0
instantaneously,C2,6,15,5,adverb,2.9,0,1,0,0,0
mull over,C2,6,9,3,unknown,2.94,0,0,0,1,0
ruminate,C2,6,8,4,verb,2.17,0,0,0,0,1
rumination,C2,6,10,4,noun,2.29,0,0,1,0,0
ruminant,C2,6,8,3,noun,2.09,0,0,1,0,0
ruminative,C2,6,10,5,adjective,1.55,1,0,0,0,0
hover,C2,6,5,2,verb,3.26,0,0,0,0,1
armory/armoury,C2,6,14,6,unknown,2.61,0,0,0,1,0
apostle,C2,6,7,3,noun,3.46,0,0,1,0,0
blubber,C2,6,7,2,noun,2.53,0,0,1,0,0
blubbery,C2,6,8,3,adjective,1.61,1,0,0,0,0
merger,C2,6,6,2,noun,3.97,0,0,1,0,0
trifle,C2,6,6,2,noun,2.93,0,0,1,0,0
eke out,C2,6,7,3,unknown,2.63,0,0,0,1,0
paramount,C2,6,9,3,adjective,3.73,1,0,0,0,0
squirm,C2,6,6,1,noun,2.78,0,0,1,0,0
squirmy,C2,6,7,2,unknown,1.83,0,0,0,1,0
floe,C2,6,4,1,noun,2.15,0,0,1,0,0
embody,C2,6,6,3,verb,3.17,0,0,0,0,1
embodiment,C2,6,10,4,noun,3.31,0,0,1,0,0
wistful,C2,6,7,2,adjective,2.71,1,0,0,0,0
wistfully,C2,6,9,3,adverb,2.5,0,1,0,0,0
mercantile,C2,6,10,4,adjective,3.21,1,0,0,0,0
skew,C2,6,4,1,verb,3.01,0,0,0,0,1
subsist,C2,6,7,2,verb,2.55,0,0,0,0,1
subsistence,C2,6,11,4,noun,3.11,0,0,1,0,0
subsidy,C2,6,7,3,noun,3.56,0,0,1,0,0
subsidize,C2,6,9,4,verb,2.93,0,0,0,0,1
legion,C2,6,6,2,noun,3.86,0,0,1,0,0
confrontational,C2,6,15,5,adjective,3.03,1,0,0,0,0
confrontationally,C2,6,17,6,unknown,0.0,0,0,0,1,0
bout,C2,6,4,1,noun,4.05,0,0,1,0,0
gout,C2,6,4,1,noun,3.06,0,0,1,0,0
hinder,C2,6,6,2,verb,3.39,0,0,0,0,1
hindrance,C2,6,9,3,noun,3.01,0,0,1,0,0
myriad,C2,6,6,2,noun,3.49,0,0,1,0,0
histrionic,C2,6,10,3,adjective,2.29,1,0,0,0,0
histrionically,C2,6,14,5,unknown,0.0,0,0,0,1,0
marketability,C2,6,13,6,unknown,2.39,0,0,0,1,0
tacit,C2,6,5,2,adjective,2.94,1,0,0,0,0
tacitly,C2,6,7,3,adverb,2.69,0,1,0,0,0
taciturn,C2,6,8,3,adjective,2.37,1,0,0,0,0
taciturnity,C2,6,11,5,noun,0.0,0,0,1,0,0
surreptitious,C2,6,13,4,adjective,2.28,1,0,0,0,0
surreptitiously,C2,6,15,5,adverb,2.69,0,1,0,0,0
allegory,C2,6,8,4,noun,3.07,0,0,1,0,0
allegorical,C2,6,11,5,adjective,2.86,1,0,0,0,0
seedy,C2,6,5,2,adjective,2.83,1,0,0,0,0
punitive,C2,6,8,4,adjective,3.39,1,0,0,0,0
punitively,C2,6,10,5,adverb,1.59,0,1,0,0,0
temper,C2,6,6,2,noun,3.81,0,0,1,0,0
milieu,C2,6,6,2,noun,2.93,0,0,1,0,0
self-aggrandizement/self-aggrandisement,C2,6,39,12,unknown,1.59,0,0,0,1,0
unadulterated,C2,6,13,6,adjective,2.67,1,0,0,0,0
adulterate,C2,6,10,5,verb,1.65,0,0,0,0,1
patronize/patronise,C2,6,19,8,unknown,2.06,0,0,0,1,0
patronizing/patronising,C2,6,23,8,unknown,2.43,0,0,0,1,0
patronizingly/patronisingly,C2,6,27,10,unknown,0.99,0,0,0,1,0
cogent,C2,6,6,2,adjective,2.71,1,0,0,0,0
cogently,C2,6,8,3,unknown,1.74,0,0,0,1,0
incongruous,C2,6,11,3,adjective,2.69,1,0,0,0,0
incongruously,C2,6,13,4,adverb,1.96,0,1,0,0,0
incongruity,C2,6,11,4,noun,2.2,0,0,1,0,0
deaden,C2,6,6,2,verb,1.9,0,0,0,0,1
attuned,C2,6,7,3,verb,2.88,0,0,0,0,1
attributive,C2,6,11,5,adjective,1.84,1,0,0,0,0
ecotourism,C2,6,10,4,noun,2.43,0,0,1,0,0
surge,C2,6,5,2,noun,3.82,0,0,1,0,0
farcical,C2,6,8,3,adjective,2.65,1,0,0,0,0
incise,C2,6,6,3,verb,1.59,0,0,0,0,1
incipient,C2,6,9,3,adjective,2.54,1,0,0,0,0
echolocation,C2,6,12,5,noun,2.33,0,0,1,0,0
echolocate,C2,6,10,5,unknown,1.09,0,0,0,1,0
reverb,C2,6,6,2,unknown,2.92,0,0,0,1,0
reverberation,C2,6,13,5,noun,2.42,0,0,1,0,0
reverberate,C2,6,11,5,verb,2.29,0,0,0,0,1
ingenuous,C2,6,9,3,adjective,1.92,1,0,0,0,0
ingenuously,C2,6,11,4,adverb,1.17,0,1,0,0,0
impresario,C2,6,10,4,noun,2.54,0,0,1,0,0
elasticity,C2,6,10,5,noun,3.1,0,0,1,0,0
synthesis,C2,6,9,3,noun,3.84,0,0,1,0,0
salivary,C2,6,8,4,adjective,2.66,1,0,0,0,0
hypnotherapy,C2,6,12,5,noun,2.39,0,0,1,0,0
wholly,C2,6,6,2,adverb,3.83,0,1,0,0,0
remorseful,C2,6,10,4,adjective,2.6,1,0,0,0,0
remonstrate,C2,6,11,4,verb,1.81,0,0,0,0,1
remonstrance,C2,6,12,4,noun,1.81,0,0,1,0,0
unexcused,C2,6,9,4,adjective,1.88,1,0,0,0,0
unexceptionally,C2,6,15,6,unknown,0.0,0,0,0,1,0
unexceptional,C2,6,13,5,adjective,2.05,1,0,0,0,0
inexorable,C2,6,10,5,adjective,2.57,1,0,0,0,0
inexorably,C2,6,10,5,adverb,2.64,0,1,0,0,0
inexorability,C2,6,13,7,noun,0.0,0,0,1,0,0
tranquilize/tranquilise,C2,6,23,8,unknown,0.0,0,0,0,1,0
